,equity_series,return,drawdown
2015-04-01,1.0221906018782418,,0.0
2015-04-02,1.0297558460679916,0.007401011294614568,0.0
2015-04-03,1.0467073791825197,0.016461701265650053,0.0
2015-04-07,1.0640669679626145,0.016584949266004623,0.0
2015-04-08,1.0690288098019292,0.0046630916931997834,0.0
2015-04-09,1.0582687076946076,-0.010065306012955078,0.010065306012955078
2015-04-10,1.081532745807172,0.021983110663116978,0.0
2015-04-13,1.0989470206727732,0.016101477216581728,0.0
2015-04-14,1.106655329730238,0.007014268124359457,0.0
2015-04-15,1.0767537697285752,-0.027019758725557064,0.027019758725557064
2015-04-16,1.0907704811195802,0.013017564261268655,0.014353925909822207
2015-04-17,1.1092766948232555,0.016966184934414708,0.0
2015-04-20,1.099899135870158,-0.008453760001323807,0.008453760001323807
2015-04-21,1.1298859900175424,0.02726327639457704,0.0
2015-04-22,1.1628523961003348,0.029176754446066377,0.0
2015-04-23,1.1682691272697883,0.004658141641723956,0.0
2015-04-24,1.1635797667176149,-0.004013938606023282,0.004013938606023282
2015-04-27,1.185945659358619,0.019221623889264627,0.0
2015-04-28,1.1621363326661085,-0.020076237477345327,0.020076237477345327
2015-04-29,1.1738477870824804,0.010077521962938762,0.010201034238517703
2015-04-30,1.1809015773151095,0.006009118311804951,0.00425321514835475
2015-05-04,1.194136720416692,0.011207659770997802,0.0
2015-05-05,1.1433990089573471,-0.042489030436682285,0.042489030436682285
2015-05-06,1.1283505908904166,-0.013161125686695363,0.05509095265349473
2015-05-07,1.0886155302322613,-0.035215172464082345,0.0883660877186736
2015-05-08,1.1367415502751521,0.04420846360020492,0.048064153090872086
2015-05-11,1.186546333320399,0.043813638230423946,0.0063563802758233034
2015-05-12,1.212995471218903,0.02229085974627698,0.0
2015-05-13,1.210143304660583,-0.00235134147323246,0.00235134147323246
2015-05-14,1.2024521085663515,-0.006355607690932574,0.008692004960213717
2015-05-15,1.1976514990910212,-0.003992349833420006,0.012649653269078742
2015-05-18,1.210063542059962,0.010363651678606978,0.0024170981908077094
2015-05-19,1.247908349763913,0.03127505820027077,0.0
2015-05-20,1.2609053603141318,0.010415036130399846,0.0
2015-05-21,1.2911678781160214,0.024000625863268787,0.0
2015-05-22,1.320486763588359,0.02270726058885364,0.0
2015-05-25,1.3585035674747643,0.028789992398785103,0.0
2015-05-26,1.3943826802511206,0.026410760807238587,0.0
2015-05-27,1.395282673967539,0.0006454424091502098,0.0
2015-05-28,1.303576045387651,-0.06572620035416676,0.06572620035416676
2015-05-29,1.3105650170899037,0.005361383961435262,0.06071719978915635
2015-06-02,1.3569128847009144,0.0353647983935399,0.027499652925180085
2015-06-03,1.3649541767587214,0.005926166777891151,0.021736453676857725
2015-06-04,1.3533497637880685,-0.00850168684652064,0.030053344001063742
2015-06-05,1.36848831496067,0.011185985750075567,0.01920353452872625
2015-06-08,1.3470030813734102,-0.015699975916767084,0.0346020154158756
2015-06-09,1.334602511009304,-0.009206044541087754,0.043489512261833396
2015-06-10,1.347286510236959,0.00950395276722693,0.03439888176501271
2015-06-11,1.364884488868906,0.013061793833927693,0.021786399032817205
2015-06-12,1.3748307495042227,0.0072872545013382695,0.014657907565898798
2015-06-15,1.3382834358058684,-0.026583136659936946,0.040851391065862774
2015-06-16,1.2816171798957796,-0.04234249217615571,0.08146413353542714
2015-06-17,1.3096807168285773,0.02189697311570038,0.061350978361645714
2015-06-18,1.2567093520819828,-0.040446014105534056,0.09931558993097633
2015-06-19,1.1780497189502392,-0.06259174645388654,0.15569100016098503
2015-06-23,1.188746761658469,0.009080298170914158,0.14802442269406046
2015-06-24,1.2048254082714687,0.013525712230389342,0.13650084620810055
2015-06-25,1.1563893874065645,-0.040201692736870576,0.17121497386739026
2015-06-26,1.06155118088913,-0.08201234597122009,0.23918557816634456
2015-06-29,0.9902975155208986,-0.06712221384234252,0.2902531264830013
2015-06-30,1.0457647530043843,0.05601068023917022,0.25049972129969
2015-07-01,0.9906119604825533,-0.052739196232596486,0.29002776357445137
2015-07-02,0.9281979387398602,-0.06300552005478466,0.33475993355490163
2015-07-03,0.8679174860499079,-0.06494353216490678,0.3779629732074635
2015-07-06,0.8456827467018152,-0.025618494506071232,0.393898625360921
2015-07-07,0.8026966827635543,-0.050830011734196545,0.4247067653459381
2015-07-08,0.7669524860034865,-0.04453014136922351,0.4503246544138414
2015-07-09,0.8060759802529164,0.051011627139118554,0.42228482063723416
2015-07-10,0.8486140351594775,0.052771768355154736,0.39179776901664565
2015-07-13,0.8941458444317387,0.05365432032208206,0.3591650916948598
2015-07-14,0.8941983954865397,5.877235255091762e-05,0.3591274283197019
2015-07-16,0.858813625664934,-0.039571497779698594,0.3844877158670186
2015-07-17,0.9022613829183707,0.05059043773298,0.3533486799827047
2015-07-20,0.9183337182571056,0.017813391599171613,0.3418296267911154
2015-07-21,0.935295701067577,0.018470390962735506,0.32967296267785773
2015-07-22,0.9404669749071637,0.005529025562379886,0.3259667073533492
2015-07-23,0.9755584838858248,0.037312856182031284,0.30081660004292365
2015-07-24,0.9673335397017824,-0.008431010872132383,0.3067114228895763
2015-07-27,0.895576036995706,-0.07418072439439904,0.35814007175398965
2015-07-28,0.8729182326420065,-0.025299699207793847,0.3743789348721499
2015-07-29,0.9106215195217772,0.043192232066978864,0.3473569646411573
2015-07-30,0.8910029951766503,-0.02154410358699821,0.3614175738002612
2015-07-31,0.877217112670111,-0.015472318927284956,0.37129792475978285
2015-08-03,0.8617655030929053,-0.01761435037464487,0.3823721033943305
2015-08-04,0.8938594807936654,0.03724212397174598,0.3593703287005333
2015-08-05,0.8862447538001582,-0.008518930723592,0.3648278084898111
2015-08-06,0.8795735395228554,-0.0075275077778425015,0.36960907210167326
2015-08-07,0.9021785973483085,0.025700020304971538,0.3534080124546164
2015-08-10,0.9427801136581552,0.045003856696648636,0.3243088793059228
2015-08-11,0.9457685902240268,0.0031698553274270846,0.3221670362072955
2015-08-12,0.934393066104578,-0.012027809167096892,0.3303198817429618
2015-08-13,0.9511808730618992,0.01796653631785672,0.3182880495769502
2015-08-14,0.9528136172887262,0.0017165444271087793,0.3171178607275581
2015-08-17,0.9642945194258005,0.012049473190510973,0.308889490698116
2015-08-18,0.907221398559328,-0.059186399711632975,0.34979383354656757
2015-08-19,0.9294970825356345,0.024553746209778904,0.3338288363514367
2015-08-20,0.9080198670409414,-0.02310627531622156,0.349221570666428
2015-08-21,0.8675615838506117,-0.044556605707510966,0.37821804854519725
2015-08-24,0.8037418386360281,-0.07356220745889197,0.42395770145231015
2015-08-25,0.7516479985542838,-0.0648141450122206,0.461293390523553
2015-08-26,0.7308266605740801,-0.027700915881172294,0.4762160569972915
2015-08-27,0.7545787617704618,0.03250032118111834,0.45919291062019096
2015-08-28,0.7896349693124693,0.0464579833386185,0.43406810387237704
2015-08-31,0.7758424266710795,-0.017466985603992402,0.44395322815487825
2015-09-01,0.7544380856724047,-0.027588515738324326,0.45929373327117184
2015-09-07,0.7433463718829344,-0.01470195367931959,0.467243171758737
2015-09-08,0.765068631349139,0.029222258004947266,0.45167481426997336
2015-09-09,0.7813672196610153,0.021303432978470038,0.4399936054253666
2015-09-10,0.7722657817652163,-0.011648092813194122,0.4465166118853541
2015-09-11,0.777223617647411,0.006419856996463302,0.44296332768374
2015-09-14,0.7529550044752351,-0.03122475002192404,0.46035665852985974
2015-09-15,0.7271729011261978,-0.03424122715939171,0.47883470877019196
2015-09-16,0.7591549876558427,0.04398140590788402,0.45591312655151317
2015-09-17,0.7448271220433098,-0.01887343934441521,0.4661819171556357
2015-09-18,0.7480977479720954,0.004391120881598987,0.46383785742508277
2015-09-21,0.7634295694908614,0.020494409400812597,0.45284953096993563
2015-09-22,0.7711872473620887,0.010161615663381918,0.4472895981936129
2015-09-23,0.760878122004609,-0.013367862853986279,0.4546781550429324
2015-09-24,0.7662436507758335,0.007051758509087458,0.45083267708256514
2015-09-25,0.7530575652577384,-0.017208737070439573,0.46028315315032853
2015-09-28,0.7592704918528327,0.008250267817132784,0.4558303446184002
2015-09-29,0.7496210272162557,-0.012708862967964918,0.4627461221999697
2015-09-30,0.7517469310765225,0.0028359714883685605,0.4612224855205135
2015-10-08,0.7690343472426425,0.022996324230235343,0.44883258310958285
2015-10-09,0.7745187241632269,0.007131511018003911,0.4449019266032641
2015-10-12,0.7976351329166542,0.029846158694745384,0.42833438141351776
2015-10-13,0.8033587289153469,0.0071757069899411885,0.42423227643831773
2015-10-14,0.7958958509604367,-0.009289595900683345,0.4295809259228621
2015-10-15,0.8126007988134627,0.020988861586434426,0.417608478930795
2015-10-16,0.8239780611140298,0.014001047398894961,0.4094543876395905
2015-10-19,0.8242418802335523,0.00032017735904976696,0.4092653083050266
2015-10-20,0.8299453336360585,0.006919635533309876,0.40517763954161523
2015-10-21,0.803154090806997,-0.03228073192686909,0.4243789407036799
2015-10-22,0.8163552446017881,0.016436638928809755,0.4149176651922072
2015-10-23,0.8259141751089161,0.011709278001626355,0.4080667734801021
2015-10-26,0.829135106598587,0.003899838005863243,0.4057583297863866
2015-10-27,0.8292597148235697,0.000150286996643878,0.40566902299048957
2015-10-28,0.8176471410492736,-0.014003542637745059,0.41399176216797484
2015-10-29,0.8209867432885433,0.004084405205629471,0.411598267070832
2015-10-30,0.8172146286468414,-0.004594610902719731,0.4143017440881276
2015-11-03,0.8159515835514205,-0.0015455488082882773,0.4152069693295687
2015-11-04,0.8485619074653185,0.03996600358560731,0.3918351289689561
2015-11-05,0.8565743066160861,0.009442327165852804,0.38609263728590226
2015-11-06,0.8723663462617639,0.018436275199596563,0.3747744721998466
2015-11-09,0.8907650180219329,0.02109053362616553,0.3615881321818404
2015-11-10,0.8889535888411065,-0.002033565692609818,0.36288638465399026
2015-11-11,0.893790892191406,0.00544157019108904,0.3594194861963864
2015-11-12,0.8894926878333952,-0.0048089596745301,0.3625000120555578
2015-11-13,0.876382203058659,-0.014739283362374067,0.37189630502138105
2015-11-16,0.8875034679738582,0.012689971197937133,0.3639256872227844
2015-11-17,0.8825858191029857,-0.005540991160405517,0.36745016936724395
2015-11-18,0.8736038422250137,-0.010176887826161551,0.37388755803805107
2015-11-19,0.8911158947884236,0.020045759550241682,0.36133665857506725
2015-11-20,0.9007128670016818,0.01076961175239366,0.35445850234743415
2015-11-23,0.8958815660645207,-0.0053638635731314555,0.3579210988716375
2015-11-24,0.8980456087351786,0.002415545483499759,0.35637012808196644
2015-11-25,0.9094734307370558,0.012725213386402867,0.34817980061994624
2015-11-26,0.9053895238898085,-0.004490408085849773,0.3511067393137627
2015-11-27,0.8608511061515121,-0.049192548138779935,0.3830274522770003
2015-11-30,0.8652059516950583,0.005058767436583622,0.3799063316433132
2015-12-01,0.8660072854689675,0.0009261769089075056,0.37933201520632154
2015-12-02,0.86709721345332,0.0012585667610893747,0.37855086311098785
2015-12-03,0.8803619246341681,0.015297836246087826,0.3690440359795871
2015-12-04,0.8771999081729817,-0.0035917233273126126,0.37131025523406624
2015-12-07,0.888123524984595,0.012452824846236998,0.36348129195987056
2015-12-08,0.8728065581702181,-0.017246437441956752,0.3744589720387198
2015-12-09,0.8664659197635124,-0.0072646548623539475,0.3790033117091006
2015-12-10,0.8642317757123127,-0.0025784557710123446,0.38060452420380386
2015-12-11,0.8544882749539167,-0.011274175553618426,0.3875876975350472
2015-12-14,0.8667328062578787,0.014329665675778314,0.37881203398499086
2015-12-15,0.8693186941374965,0.0029834890994635543,0.3769587264596672
2015-12-16,0.8736479453356414,0.0049800507309234465,0.3738559493099771
2015-12-17,0.8907468910848498,0.019571894881111662,0.36160112376943854
2015-12-18,0.8899134226880374,-0.0009356961053181845,0.362198471111567
2015-12-21,0.89988695482424,0.01120730610633669,0.3550504341422248
2015-12-22,0.903685102474733,0.004220694199567276,0.3523282992505954
2015-12-23,0.8951001803895821,-0.00949990440435633,0.3584811184931216
2015-12-24,0.8962021882195781,0.0012311558573436798,0.3576913087645579
2015-12-25,0.9027787342240023,0.007338239172891781,0.3529778939654451
2015-12-28,0.8860495215001832,-0.01853080061550072,0.3649677316061928
2015-12-29,0.8961826362692965,0.01143628490646531,0.3577053216600423
2015-12-30,0.9048067295781517,0.009623142604900492,0.35152442837600817
2015-12-31,0.8949995750858014,-0.010838949547736676,0.3585532223797804
2016-01-04,0.831200441814636,-0.07128398163211314,0.4042781026936383
2016-01-05,0.8204746865239528,-0.012903933577401938,0.41196525848708343
2016-01-06,0.8415217558352361,0.025652307934632246,0.3968808102215322
2016-01-07,0.7770993814233929,-0.07655461545126907,0.44305236786630386
2016-01-08,0.7795163027542703,0.003110183058504523,0.4413201587763673
2016-01-11,0.7269442115591012,-0.06744193932752374,0.47899861073168215
2016-01-12,0.72265444733792,-0.005901091380837609,0.4820730875392979
2016-01-13,0.7009776087458046,-0.029996132552656984,0.49760889185805746
2016-01-14,0.7220610975456462,0.03007726429031643,0.4824983417213674
2016-01-15,0.7015499030789525,-0.0284064527730592,0.4971987281372392
2016-01-18,0.7131520140639446,0.016537827079831313,0.48888348764765355
2016-01-19,0.7393001759320627,0.03666562156798947,0.47014308302859187
2016-01-20,0.7357189903212265,-0.004844021045066427,0.4727097210852753
2016-01-21,0.698780264349642,-0.05020765599030741,0.4991837300160591
2016-01-22,0.7044162170256528,0.008065414785656921,0.49514443906723316
2016-01-25,0.7087574451489418,0.0061628736226708725,0.49203307804750185
2016-01-26,0.6564078156778118,-0.07386113518726989,0.5295520915404968
2016-01-27,0.6394334284917601,-0.02585951413226828,0.5417176458778012
2016-01-28,0.6070655878653631,-0.05061956285698643,0.5649156983085376
2016-01-29,0.6271822679629032,0.033137572775747026,0.5504980605976517
2016-02-02,0.6494583868390185,0.035517775316684874,0.5345327517095451
2016-02-03,0.6523874636997443,0.004510030080575156,0.5324334804182325
2016-02-04,0.6670950773076743,0.022544292197955285,0.5218925241788002
2016-02-05,0.6647581688156294,-0.0035031115826492654,0.5235673880151006
2016-02-15,0.6622758289407398,-0.003734199881006872,0.5253464826180824
2016-02-16,0.6857615320657257,0.03546211729114357,0.508514263912031
2016-02-17,0.6937737082877355,0.01168361864491696,0.5027719320021629
2016-02-18,0.6948087745635761,0.0014919364390373335,0.5020300993290047
2016-02-19,0.699055758301618,0.006112449775421247,0.49898628332148165
2016-02-22,0.711418828979796,0.01768538565251876,0.49012566252482037
2016-02-23,0.7088809868247101,-0.003567296860451763,0.49194453564812046
2016-02-24,0.713290676697683,0.006220634993647112,0.48878410804785954
2016-02-25,0.6627170477341786,-0.0709018505578185,0.5250302608218321
2016-02-26,0.6649205326011246,0.003324925583972238,0.5234510217844259
2016-02-29,0.6335430642938773,-0.04718980204220913,0.5459392737298359
2016-03-01,0.646376534147629,0.020256665374523974,0.5367415175380679
2016-03-02,0.6794181882314231,0.05111827601750085,0.5130605425641301
2016-03-03,0.6803421464199464,0.0013599256018277384,0.5123983411294231
2016-03-04,0.6567403055922338,-0.034691134382764166,0.5293137958025609
2016-03-07,0.6692593930914897,0.019062462578669503,0.5203413576487512
2016-03-08,0.6739803569482196,0.007054012099736662,0.5169578397818624
2016-03-09,0.6657219316048857,-0.012253213700066823,0.5228766585971572
2016-03-10,0.6558517145750613,-0.014826335983899153,0.5299506495625563
2016-03-11,0.653876752330006,-0.003011293865923581,0.5313661062882099
2016-03-14,0.6771118228366176,0.035534327262464194,0.5147135161427723
2016-03-15,0.6763251813952056,-0.001161760014936064,0.5152773025755065
2016-03-16,0.6718889261582917,-0.006559352451970368,0.5184567695893836
2016-03-17,0.6933685357038895,0.03196898878571086,0.5030623194565516
2016-03-18,0.7148211549875605,0.030939706922081367,0.4876872132619984
2016-03-21,0.7328786527462644,0.02526156036752747,0.4747453928727602
2016-03-22,0.7316389530177496,-0.001691548421924094,0.4756338864745546
2016-03-23,0.7384416699283993,0.009297915156910364,0.4707583748398362
2016-03-24,0.7272740048629898,-0.015123286672720448,0.47876224765626985
2016-03-25,0.7335990593944132,0.008696934702918435,0.4742290769594404
2016-03-28,0.7292621888694649,-0.005911772199555854,0.4773373148856064
2016-03-29,0.7152931979853676,-0.019154963876233166,0.48734889973842765
2016-03-30,0.7366297482286803,0.029829097079921096,0.47205698030059684
2016-03-31,0.7393238671631415,0.003657358314593573,0.47012610350786765
2016-04-01,0.7352943556314622,-0.005450265723384473,0.47301405704363486
2016-04-05,0.7543955401377128,0.025977602520621534,0.45932422568355946
2016-04-06,0.7581628051708046,0.004993753054802097,0.45662422438390926
2016-04-07,0.7473213126294952,-0.014299689284898331,0.46439432914016
2016-04-08,0.7426369842451874,-0.006268158428167525,0.46775159034013436
2016-04-11,0.7571759817992814,0.01957752961747694,0.4573314813361633
2016-04-12,0.7500898351275128,-0.009358652205171292,0.4624101272650337
2016-04-13,0.7600270769710314,0.013248068935408641,0.4552880995720633
2016-04-14,0.7676638155941563,0.010047982308156511,0.449814844033521
2016-04-15,0.7668150608163206,-0.0011056334304083704,0.45042314713487197
2016-04-20,0.725725257565268,-0.053585023756980044,0.47987223585193617
2016-04-21,0.7180941208669136,-0.010515186868314319,0.4853414764873516
2016-04-22,0.7210549335754474,0.00412315408592856,0.48321946009327243
2016-04-25,0.7203788694403213,-0.000937604201352249,0.48370399569866607
2016-04-26,0.7287028383464728,0.011554987603423994,0.47773820176926685
2016-04-27,0.7266294536389066,-0.002845308949627423,0.47922419793782123
2016-04-28,0.7213893286343859,-0.007211550506628361,0.4829797989370225
2016-04-29,0.7211752414043969,-0.0002967707193481939,0.48313323539400954
2016-05-04,0.7222781165075173,0.0015292747723461009,0.48234280409023345
2016-05-05,0.7250831523354032,0.0038835952021492037,0.48033243308784024
2016-05-06,0.6978663023463078,-0.037536177611399935,0.4998387671783392
2016-05-09,0.6722619532675516,-0.036689476182861114,0.5181894208175399
2016-05-10,0.678566364137059,0.009377908178299643,0.5136710454466336
2016-05-11,0.6956118051035781,0.025119784692240188,0.5014545668186507
2016-05-12,0.6886981221350249,-0.009938996028860836,0.5064096078992468
2016-05-13,0.6878153517240851,-0.0012817958733546408,0.5070422900269691
2016-05-16,0.710619923730839,0.033155078539017335,0.49069823843639915
2016-05-17,0.7018838738906011,-0.012293561647374829,0.4969593710392979
2016-05-18,0.6787126709143027,-0.03301287269624609,0.5135661872842171
2016-05-19,0.6788974290435773,0.0002722184765251434,0.5134337710127892
2016-05-20,0.6820051665075776,0.004577624440820882,0.5112064535508993
2016-05-23,0.6894694621808845,0.010944632152172895,0.505856787986658
2016-05-24,0.6824897194923374,-0.01012335291322286,0.5108591741115425
2016-05-25,0.6756583251404527,-0.01000951978729614,0.5157552388870474
2016-05-26,0.6765351842692385,0.0012977848361501731,0.5151267933790898
2016-05-27,0.6773474560961456,0.0012006350087829798,0.5145446376324
2016-05-30,0.6725828755459753,-0.007034175012084143,0.5179594156118484
2016-05-31,0.6970440108851315,0.036368953520113934,0.5004281040034271
2016-06-01,0.7008047163116943,0.005395219480886615,0.497732803978043
2016-06-02,0.7017291804775935,0.0013191466101492022,0.49707023990902144
2016-06-03,0.7072328451358701,0.00784300384163994,0.4931257598685528
2016-06-06,0.7083804142350152,0.0016226185011594119,0.49230329634875436
2016-06-07,0.7087888259509533,0.000576542924862089,0.49201058740628845
2016-06-08,0.7021741439255614,-0.00933237345625082,0.4967513343164345
2016-06-13,0.6741671176543504,-0.03988615433008602,0.516823988262299
2016-06-14,0.6826473274682268,0.012578794770325974,0.5107462163727059
2016-06-15,0.7004556457918343,0.02608714281451041,0.497982983046681
2016-06-16,0.6984485385164603,-0.002865430934038793,0.49942147813647286
2016-06-17,0.7043986900200994,0.008519097937089937,0.49515700068351376
2016-06-20,0.7055116925691187,0.0015800747002916449,0.4943593110326744
2016-06-21,0.6982232845270218,-0.010330669383460167,0.49958291781722086
2016-06-22,0.7055019556864609,0.01042456091158539,0.4943662894628087
2016-06-23,0.695064422149474,-0.014794478531007238,0.5018468765379047
2016-06-24,0.6840626044757246,-0.015828486285812793,0.5097318864208593
2016-06-27,0.6968316599945968,0.018666501333834074,0.5005802960247978
2016-06-28,0.7016675651753955,0.006939847108606179,0.49711439963618465
2016-06-29,0.7046780865126206,0.00429052372753258,0.49495675703558917
2016-06-30,0.7082263317771871,0.00503527118620406,0.49241372734650335
2016-07-01,0.7026250057738029,-0.007908949091639195,0.49642820133653476
2016-07-05,0.715565458946025,0.018417296660215854,0.4871537701308313
2016-07-06,0.7125721959696928,-0.004183073594330566,0.48929904365294896
2016-07-07,0.7135235794180418,0.0013351397286198718,0.48861718651668584
2016-07-08,0.7109400410812823,-0.0036208170427481923,0.4904688101231147
2016-07-11,0.7035442119651579,-0.01040288728832306,0.49576940566128913
2016-07-12,0.7061153329409661,0.003654526513161782,0.493926681585531
2016-07-13,0.7146136909815355,0.01203536822401774,0.4878359028500623
2016-07-14,0.7139627360757638,-0.0009109186039769623,0.4883024426544452
2016-07-15,0.7090083016537192,-0.006939345951409437,0.49185328902735725
2016-07-18,0.7044405090118644,-0.006442509391216822,0.49512702898491445
2016-07-19,0.71055800642618,0.008684193109361082,0.49074261460892254
2016-07-20,0.712924455369067,0.0033304092297674615,0.4890465791122889
2016-07-21,0.7139308288722752,0.0014116131037855695,0.4883253105679397
2016-07-22,0.7104631477245726,-0.0048571668395104295,0.4908105999020659
2016-07-25,0.7134032592530686,0.004138302652167525,0.4887034200571849
2016-07-26,0.7206667503190716,0.01018146605274528,0.4834976712856124
2016-07-27,0.6862307846684462,-0.047783480555165014,0.5081779502664339
2016-07-28,0.6792528421592171,-0.010168506958778467,0.5131790462016302
2016-07-29,0.6712282785635924,-0.011813809376367335,0.5189302561502256
2016-08-02,0.6719454902144386,0.0010685063096285141,0.5184162300935506
2016-08-03,0.6750314327183351,0.004592548873141089,0.5162045330937439
2016-08-04,0.6753793427160514,0.000515398218295271,0.5159551857720811
2016-08-05,0.6743504425420891,-0.0015234403969546229,0.5166925991960123
2016-08-08,0.6806598796400922,0.009356317872675435,0.5121706215238737
2016-08-09,0.6917058178931855,0.016228278738764423,0.5042539903930048
2016-08-10,0.6872372920415359,-0.006460153631871912,0.5074565857774535
2016-08-11,0.6861358502570686,-0.0016027095694929328,0.5082459898208187
2016-08-12,0.6883991500120826,0.0032986175466069856,0.5066238814142272
2016-08-15,0.7006616434427445,0.01781305719283166,0.49783534439628163
2016-08-16,0.696683618683832,-0.00567752608715133,0.5006863973285172
2016-08-17,0.6988427241481449,0.003099119035397724,0.49913896503784483
2016-08-18,0.6940836287416939,-0.006809966308588322,0.5025498118112218
2016-08-19,0.6919626661011439,-0.0030557739049329458,0.5040699071152931
2016-08-22,0.691329128925551,-0.0009155655451218436,0.5045239636211274
2016-08-23,0.6894473866731373,-0.002721919522381766,0.5058726095174194
2016-08-24,0.6872386338512811,-0.0032036568192886916,0.5074556241015362
2016-08-25,0.6820549743031805,-0.007542735947557833,0.5111707562713931
2016-08-26,0.681362385929493,-0.0010154436222609142,0.5116671348093119
2016-08-29,0.6761632659459309,-0.007630476954593957,0.5153933474833203
2016-08-30,0.6768750533260379,0.0010526856692092412,0.5148832090050125
2016-08-31,0.6813275481957926,0.006578015909843193,0.5116921030357153
2016-09-01,0.6764230260670511,-0.0071984791187865715,0.5152071772355513
2016-09-02,0.6708676334308641,-0.008212896992120244,0.519188730751435
2016-09-05,0.6724064868427794,0.0022938256896454234,0.5180858335101617
2016-09-06,0.6789877233563486,0.009787586292438588,0.5133690570200937
2016-09-07,0.6747822464112855,-0.006193745189198352,0.5163831250820906
2016-09-08,0.6734109662269536,-0.002032181776602471,0.5173659224821562
2016-09-09,0.6686115258646322,-0.007127060002025343,0.520805684511648
2016-09-12,0.6500019775683663,-0.027833125180126816,0.5341431598802405
2016-09-13,0.6542116338943853,0.0064763746439160386,0.5311260964531941
2016-09-14,0.653418497849274,-0.0012123539295533226,0.5316945375726241
2016-09-19,0.6584640990583586,0.007721852420297548,0.5280783519041407
2016-09-20,0.6568598311550441,-0.0024363786964372025,0.5292281317539489
2016-09-21,0.6562106594138819,-0.0009882956916709151,0.5296933935630963
2016-09-22,0.6628548888030393,0.010125146999428347,0.5249314700381204
2016-09-23,0.6611807516208696,-0.002525646578835361,0.5261313252455309
2016-09-26,0.6461557463271141,-0.022724504996435635,0.5368997563126432
2016-09-27,0.6501287946951569,0.0061487472496011275,0.5340522699629809
2016-09-28,0.6474407937597895,-0.004134566807839746,0.5359787619817803
2016-09-29,0.6517302176176664,0.0066251986269934005,0.5329045291127662
2016-09-30,0.6587987270908722,0.010845759920483644,0.527838523775578
2016-10-10,0.6636551350180047,0.0073716109752934855,0.5243579330553312
2016-10-11,0.6655503928306972,0.0028557871591561312,0.522999600548196
2016-10-12,0.6647813523736866,-0.001155495459539413,0.5235507723439612
2016-10-13,0.6606738225071296,-0.006178768179779137,0.5264946416710826
2016-10-14,0.6610438630716595,0.0005600956961269166,0.5262294333577895
2016-10-17,0.6546804426645404,-0.009626320978989744,0.5307901009026853
2016-10-18,0.662932446680354,0.012604628881577762,0.5248758842570012
2016-10-19,0.6599705217236672,-0.004467913693949832,0.526998697800055
2016-10-20,0.6617924256226432,0.002760583751858503,0.5256929380905939
2016-10-21,0.6645947511955763,0.004234447939316599,0.5236845095296883
2016-10-24,0.6691845930274263,0.006906226423836648,0.5203949669033197
2016-10-25,0.672445546218246,0.0048730249094155464,0.5180578396303583
2016-10-26,0.667306411313549,-0.007642455115657976,0.5217410609593267
2016-10-27,0.6650730355975033,-0.003346851878208934,0.5233417227877252
2016-10-28,0.6629471954558606,-0.003196401038470742,0.5248653138000021
2016-10-31,0.6641038247304205,0.0017446778302827592,0.5240363568465907
2016-11-01,0.6697580021696486,0.008513996198596496,0.5199840041981125
2016-11-02,0.6638706405935597,-0.008790281798824573,0.5242034800691544
2016-11-03,0.6661937929514209,0.0034994051789729586,0.5225384752631711
2016-11-04,0.6640173574603305,-0.003266970533376101,0.5240983279953071
2016-11-07,0.6638299575247395,-0.00028222144118006387,0.5242326376510403
2016-11-08,0.6701961809399495,0.00959014178713491,0.5196699611884226
2016-11-09,0.6649285964176961,-0.007859765053966128,0.5234452424418441
2016-11-10,0.671633168840592,0.010083146459660242,0.5186400710253374
2016-11-11,0.669743849262486,-0.0028130230395968514,0.5199941475958818
2016-11-14,0.6651272359162793,-0.006893103014369517,0.5233028773840036
2016-11-15,0.6710402294513483,0.008890018654736487,0.5190650310712881
2016-11-16,0.6682194794795806,-0.004203548234468779,0.5210866644108227
2016-11-17,0.6657363340241759,-0.0037160626585424072,0.5228663363738837
2016-11-18,0.662197001810999,-0.0053164173747024535,0.525402978073241
2016-11-21,0.6624016261804724,0.00030900829951474584,0.5252563236545407
2016-11-22,0.6637342060995423,0.0020117401081181097,0.5243012627597612
2016-11-23,0.6666191210710992,0.004346491328976798,0.5222336423231412
2016-11-24,0.6736985663171622,0.010619925265101804,0.5171597993104331
2016-11-25,0.6730792851569908,-0.000919225883998509,0.5176036385207419
2016-11-28,0.6731148771646516,5.2879368665381676e-05,0.5175781297057005
2016-11-29,0.686053726386085,0.019222349201276634,0.5083048480525705
2016-11-30,0.6772818362712282,-0.012786010450033358,0.514591667403601
2016-12-01,0.6848926066514619,0.011237227949496997,0.5091370233216299
2016-12-02,0.6713256325039125,-0.01980890728822471,0.5188604825178738
2016-12-05,0.6555667199458933,-0.02347431975633274,0.530154905398657
2016-12-06,0.6630930750837941,0.01148068519787282,0.5247607617757741
2016-12-07,0.6665811202145207,0.005260264752856569,0.5222608775617689
2016-12-08,0.6705486100438783,0.005951998502569111,0.5194173750203979
2016-12-09,0.6734944140854999,0.004393125267128317,0.517306115347657
2016-12-12,0.6489432046175924,-0.03645347155736145,0.5349019831427435
2016-12-13,0.6549478514425363,0.009252962019199229,0.5305984488575585
2016-12-14,0.6496995634270774,-0.00801329144587537,0.5343599002920089
2016-12-15,0.6465685474568523,-0.00481917511797203,0.5366039014744516
2016-12-16,0.6516416569048202,0.007846205120743965,0.5329680006332678
2016-12-19,0.6509020867551963,-0.001134933811838712,0.5334980510405596
2016-12-20,0.646972540613498,-0.006037077191267781,0.5363143593163047
2016-12-21,0.6506400098606946,0.00566866291375967,0.5336858817213181
2016-12-22,0.6491150688663042,-0.0023437553351766116,0.534778807923902
2016-12-23,0.6392432377828247,-0.01520813728869519,0.5418539556826056
2016-12-26,0.6424072912826034,0.004949686305252277,0.5395862764812422
2016-12-27,0.6434803392225582,0.001670354546898789,0.5388172223247082
2016-12-28,0.6403879515430346,-0.00480572208819896,0.5410335385860793
2016-12-29,0.6403305322453059,-8.96633011135961e-05,0.5410746910341101
2016-12-30,0.6459141848323023,0.008719953689257043,0.5370728835930996
2017-01-04,0.6617300624769678,0.02448603547663475,0.5257376337976638
2017-01-05,0.6591093326378374,-0.003960421307323547,0.5276159125780333
2017-01-06,0.6566721266769487,-0.003697726371336141,0.529362659675493
2017-01-09,0.6578857961993041,0.001848212331619914,0.5284928219393845
2017-01-10,0.6582314646079617,0.0005254231215425786,0.5282450811660582
2017-01-11,0.6499871150903644,-0.012525000643212159,0.5341538118278919
2017-01-12,0.6463850514239184,-0.0055417462636089265,0.536735413200611
2017-01-13,0.6407298201655668,-0.008749013062560373,0.5407885211219405
2017-01-16,0.6323457036220703,-0.013085260400912846,0.5467974229021483
2017-01-17,0.6401155352721786,0.012287316266407222,0.5412287795045961
2017-01-18,0.6464668822477075,0.0099221884574765,0.5366767649959743
2017-01-19,0.6437613608790123,-0.004185088893167155,0.5386158139207359
2017-01-20,0.64805409976052,0.006668214562685515,0.5355392051721293
2017-01-23,0.6496319210237963,0.002434706089907257,0.5344083796464387
2017-01-24,0.6498925238123198,0.00040115453088085395,0.5342216054583937
2017-01-25,0.6500130803054726,0.00018550220034163623,0.5341352025413346
2017-01-26,0.6486671873090911,-0.0020705629427471006,0.535099804927283
2017-02-06,0.6514332786683893,0.004264268970923135,0.5331173454508582
2017-02-07,0.6512728086515128,-0.0002463337722083958,0.533232354416332
2017-02-08,0.6546546878538595,0.005192722861175447,0.5308085593922527
2017-02-09,0.660240699683648,0.0085327607568213,0.5268050610803985
2017-02-10,0.6614696242676258,0.001861328125586148,0.5259242900317024
2017-02-13,0.6717744418089789,0.015578670831275954,0.5185388205970027
2017-02-14,0.6712859067812597,-0.0007272307448966675,0.5188889539691388
2017-02-15,0.6661212970994431,-0.007693606598387026,0.5225904330874388
2017-02-16,0.6669567566640825,0.0012542153632939534,0.5219916586740336
2017-02-17,0.6682509155599158,0.001940394010409685,0.5210641341515988
2017-02-20,0.6841699350576965,0.023821919472332365,0.5096549625229464
2017-02-21,0.683897182481314,-0.00039866203176475157,0.5098504444718528
2017-02-22,0.6916124321584013,0.011281300573713127,0.5043209200098678
2017-02-23,0.6872031667559448,-0.006375341444768257,0.5074810433918335
2017-02-24,0.6862305999281245,-0.001415253704972641,0.5081780826699425
2017-02-27,0.6775659988378944,-0.012626369461136933,0.5143880079072366
2017-02-28,0.6777590684264286,0.0002849458043427955,0.5142496348075511
2017-03-01,0.6795119555661865,0.002586298319589453,0.5129933394543139
2017-03-02,0.6747709725276457,-0.0069770413893460725,0.5163912050818283
2017-03-03,0.6731587384813088,-0.0023893055747458147,0.5175466942715224
2017-03-06,0.6761372743109937,0.004424715389426126,0.5154119757049862
2017-03-07,0.6818094424084112,0.008389077651720367,0.5113467291400815
2017-03-08,0.6807144916617431,-0.0016059483465061808,0.5121314810524338
2017-03-09,0.675844194056479,-0.007154684768609698,0.5156220265140321
2017-03-10,0.6769007225697177,0.0015632723082183997,0.5148648118413706
2017-03-13,0.6827527042457403,0.008645258426976943,0.5106706927677191
2017-03-14,0.6828606705161064,0.00015813378650086918,0.5105933132715206
2017-03-15,0.6845068909303396,0.0024107705792879575,0.5094134660298488
2017-03-16,0.6866135464759151,0.003077625037072096,0.5079036246300519
2017-03-17,0.6817958470493037,-0.007016609927576467,0.511356472942797
2017-03-20,0.6845028512801004,0.003970402932948369,0.5094163612498028
2017-03-21,0.6890197280558761,0.006598769847822705,0.5061791127265829
2017-03-22,0.6855637179702396,-0.005015836187140632,0.5086560374029347
2017-03-23,0.6874813849973578,0.0027972119539754203,0.5072816441972446
2017-03-24,0.6898082636612849,0.003384642427716189,0.5056139687452801
2017-03-27,0.68835728147755,-0.0021034572361217085,0.5066538886201604
2017-03-28,0.6860252484785666,-0.003387823535443313,0.5083252581874124
2017-03-29,0.6852809535079071,-0.0010849381597983765,0.5088586948770139
2017-03-30,0.6795628941862385,-0.008344109510702413,0.5129568317121893
2017-03-31,0.6808644512995066,0.001915285729110705,0.5120240048825069
2017-04-06,0.691469881859355,0.015576419858030155,0.5044230859019168
2017-04-07,0.6901174583196146,-0.0019558676020765553,0.5053923687325383
2017-04-10,0.6832961976079523,-0.009884202507021822,0.5102811707215043
2017-04-11,0.6815027851031693,-0.002624648741001767,0.511566510630215
2017-04-12,0.6823986450376138,0.001314535984337839,0.5109244472324826
2017-04-13,0.688183784047715,0.008477653131597762,0.5067782343409752
2017-04-14,0.6798509868145706,-0.012108389395828367,0.5127503555380728
2017-04-17,0.6822042491851051,0.003461438486043411,0.5110637708664212
2017-04-18,0.6894397437787637,0.010606053249157199,0.5058780871847883
2017-04-19,0.6892189649357487,-0.00032022935290165755,0.5060363195251837
2017-04-20,0.6936367690148898,0.00640987016303729,0.5028700764680841
2017-04-21,0.6876340517484583,-0.008653977895313525,0.5071722278374282
2017-04-24,0.6731889858433424,-0.02100690893417234,0.5175250159674785
2017-04-25,0.6869309707040588,0.020413264550817045,0.5076761264792713
2017-04-26,0.6858706369526987,-0.0015435812280721883,0.5084360683685696
2017-04-27,0.6873863330731281,0.002209886294540331,0.5073497679731669
2017-04-28,0.6804895381257112,-0.010033360594446372,0.5122927053980298
2017-05-03,0.6796645771265728,-0.0012123051904818771,0.5128839554827117
2017-05-04,0.6796041560253093,-8.889841150605537e-05,0.5129272593252884
2017-05-05,0.6795693370122755,-5.123425559583339e-05,0.5129522141345779
2017-05-08,0.665096141682857,-0.02129759914278928,0.5233251626413227
2017-05-09,0.6619911147284628,-0.004668538516157561,0.5255505374792149
2017-05-10,0.6577708202308611,-0.006375152783331339,0.5285752252907543
2017-05-11,0.6670296632884879,0.014076092725392009,0.5219394064488998
2017-05-12,0.666730490565734,-0.00044851487005692636,0.5221538237338957
2017-05-15,0.6691937537313539,0.003694541048407496,0.520388401420856
2017-05-16,0.6796972476875722,0.01569574416624775,0.5128605404703928
2017-05-17,0.671576677456062,-0.01194733428616579,0.518680558437375
2017-05-18,0.6679087187968888,-0.005461712388624584,0.5213093867942435
2017-05-19,0.6758653603067363,0.011912767846749883,0.5156068566487051
2017-05-22,0.6773538218721378,0.0022023048565855685,0.5145400752766057
2017-05-23,0.6759115838633957,-0.002129223992205276,0.515573728195581
2017-05-24,0.6744031287127663,-0.002231734425984122,0.516654838983218
2017-05-25,0.6734920789583149,-0.0013508978764531498,0.5173077889348294
2017-05-26,0.6783410275252993,0.0071997113529298495,0.5138325443428527
2017-05-31,0.6789749534767079,0.0009345239719926735,0.5133782092011385
2017-06-01,0.6746540602877281,-0.0063638476896010765,0.5164749961602233
2017-06-02,0.6744467212481055,-0.00030732645340370013,0.5166235961847855
2017-06-05,0.6739164036582704,-0.0007863001970765948,0.5170036751463676
2017-06-06,0.6852972788540019,0.016887666087294972,0.5088469944908488
2017-06-07,0.6969100181458314,0.016945549982700925,0.5005241366868396
2017-06-08,0.7099892381116104,0.018767444325993532,0.4911502512299324
2017-06-09,0.7091150623133269,-0.0012312521815240896,0.4917767735931735
2017-06-12,0.7107254721654758,0.0022710134613348476,0.4906225918046405
2017-06-13,0.7124132664853919,0.002374748599868859,0.48941294851772377
2017-06-14,0.7000662388698604,-0.017331271322955755,0.498262071240951
2017-06-15,0.7036233081111671,0.005081046683595325,0.49571271740199596
2017-06-16,0.6990584814126649,-0.006487600177367936,0.4989843316660232
2017-06-19,0.7111855000261625,0.017347645348628316,0.49029288953765926
2017-06-20,0.712057127674265,0.0012255981710402875,0.48966819343531043
2017-06-21,0.7267522469126978,0.020637556548910974,0.47913619191862367
2017-06-22,0.7224325652339635,-0.0059438160626055225,0.4822321105875277
2017-06-23,0.7358696764563258,0.018599813835926238,0.4726017242342352
2017-06-26,0.7420504898136402,0.008399331505381191,0.468171931280712
2017-06-27,0.7441677040575102,0.002853194321590813,0.4666545224549795
2017-06-28,0.7354171376931792,-0.011758863380685991,0.4729260590601382
2017-06-29,0.7388482696768396,0.004665558915886825,0.4704669645356545
2017-06-30,0.7410238895210562,0.0029446097845884367,0.46890769637816343
2017-07-03,0.7339883912052426,-0.009494293524546005,0.4739500425973764
2017-07-04,0.7272004909289436,-0.009247966803879515,0.4788149351406181
2017-07-05,0.7342477763448276,0.009690980003164817,0.4737641410991177
2017-07-06,0.7321102447319939,-0.002911185681044315,0.47529611139640204
2017-07-07,0.7245483613450767,-0.010328886177088603,0.48071571813846437
2017-07-10,0.7253259839082987,0.0010732514276594607,0.48015839554159523
2017-07-11,0.7414699650131207,0.02225755241502969,0.4685879937828492
2017-07-12,0.7333873998301876,-0.010900731741426695,0.47438077350679564
2017-07-13,0.7369349213139875,0.004837172665662415,0.4718382625518561
2017-07-14,0.7380772091106045,0.0015500524721778763,0.4710195841450149
2017-07-17,0.7276773225435195,-0.014090513077374411,0.47847318961229446
2017-07-18,0.7221061006371768,-0.0076561708517575155,0.4824660879763949
2017-07-19,0.7276185822961443,0.007633894318443302,0.4785152887857961
2017-07-20,0.7377614962471822,0.013939877564739911,0.47124585575958633
2017-07-24,0.7446495071095274,0.009336365339452923,0.466309213894208
2017-07-25,0.7422155480543114,-0.0032685968794415876,0.4680536339322602
2017-07-26,0.7334578856942711,-0.011799351796116686,0.4743302562421593
2017-07-27,0.7249203537559822,-0.011640112002078373,0.4804491109356044
2017-07-28,0.728591628541264,0.005064383647472637,0.47781790590899675
2017-07-31,0.7287138440085901,0.0001677420691350573,0.4777303140040686
2017-08-01,0.730695976548809,0.002720042382227117,0.47630971832320734
2017-08-02,0.7361926244426155,0.007522482770150107,0.4723702672023986
2017-08-03,0.7380604256423356,0.002537109362015677,0.47103161286763995
2017-08-04,0.7364245110953052,-0.002216504896068283,0.47220407388758423
2017-08-07,0.7522554326532178,0.021497005218317433,0.4608580421097389
2017-08-08,0.7454197383700274,-0.009086932425440675,0.46575718864880744
2017-08-09,0.7491735681117534,0.0050358603998523765,0.46306681643121816
2017-08-10,0.7370444165478138,-0.016190042041272723,0.4717597872465511
2017-08-11,0.7123653027966794,-0.033483889433322145,0.4894473241246222
2017-08-14,0.7177559100402795,0.007567195120870007,0.4855838724067909
2017-08-15,0.7209396288733771,0.004435656730320758,0.4833020990482466
2017-08-16,0.7156119836631659,-0.00738986316862178,0.48712042583579407
2017-08-17,0.7208883028672245,0.007373156577185069,0.4833388844302414
2017-08-18,0.7182156085801362,-0.0037075012542969743,0.48525440616426274
2017-08-21,0.7278773852148753,0.01345247376876113,0.47832980456560215
2017-08-22,0.7294320075092564,0.0021358299158067418,0.47721560575600863
2017-08-23,0.7258729560907706,-0.004879209277693586,0.4797663802226373
2017-08-24,0.726239737818316,0.0005052974139174715,0.47950350751993087
2017-08-25,0.7409824744133027,0.020300096272995338,0.468937378612829
2017-08-28,0.744973055125186,0.005385526445875755,0.4660773268209323
2017-08-29,0.7456273759699974,0.0008783147797224444,0.46560837464585025
2017-08-30,0.7537737678810122,0.010925553666021326,0.4597698502643711
2017-08-31,0.7494599433119242,-0.005722969878900086,0.46286157113898174
2017-09-01,0.758617938655303,0.012219459392197596,0.4562980299195257
2017-09-04,0.7608825649268495,0.00298520000141389,0.4546749707976727
2017-09-05,0.7586354501437703,-0.0029533003996420337,0.4562854794243508
2017-09-06,0.7586348614239341,-7.760246849564112e-07,0.4562859013602404
2017-09-07,0.7503890833539881,-0.010869231680796898,0.4621956558664716
2017-09-08,0.7464514435656022,-0.005247464116596601,0.465017764864062
2017-09-11,0.7479000274067075,0.0019406270208088827,0.4639795638829045
2017-09-12,0.7492792958034483,0.0018441881885249423,0.46299104132580937
2017-09-13,0.7556360856985775,0.008483872343373555,0.4584351258731697
2017-09-14,0.747064791961349,-0.011343150359613197,0.4645781776698753
2017-09-15,0.7389670717789537,-0.010839381362271805,0.470381818991794
2017-09-18,0.7391983841968095,0.0003130212788764464,0.47021603723145866
2017-09-19,0.7361050469414279,-0.004184718637802121,0.4724330340544649
2017-09-20,0.7424057581328386,0.008559527227249175,0.46791731024525673
2017-09-21,0.7406496544543821,-0.002365423030760261,0.46917591089387156
2017-09-22,0.7412572950835731,0.00082041573304803,0.46874041445968795
2017-09-25,0.7366659520809357,-0.006193993682206855,0.4720310329761366
2017-09-26,0.7375248828935623,0.0011659705599265102,0.47141543670403185
2017-09-27,0.7444882642875806,0.009441554523148543,0.46642477672957827
2017-09-28,0.7404825653489356,-0.005380472911118539,0.4692956637644289
2017-09-29,0.744935807485149,0.006013972974657111,0.4661040222287747
2017-10-10,0.7491717259599759,0.00568628656625747,0.4630681367025953
2017-10-11,0.7583845873547199,0.0122973960114936,0.456465272948438
2017-10-12,0.7577985609129726,-0.0007727298939333993,0.4568852784804216
2017-10-13,0.7588217644695918,0.0013502315910793872,0.45615194782584556
2017-10-16,0.7562164433521935,-0.0034333769000673975,0.45801918316532697
2017-10-17,0.754752485653597,-0.0019358977333354677,0.4590684026001486
2017-10-18,0.7609748468785071,0.008244240785138635,0.4546088322628945
2017-10-19,0.7674321692055642,0.008485592334023684,0.4499808651509003
2017-10-20,0.7630406701911596,-0.005722328553089739,0.4531282553509931
2017-10-23,0.763502269567252,0.0006049472775504494,0.45279742677789836
2017-10-24,0.7660390407213558,0.003322545662557852,0.4509793212416988
2017-10-25,0.7648362062216013,-0.0015701999974071512,0.4518413935100616
2017-10-26,0.7759913664272454,0.01458503155957036,0.4438464829347557
2017-10-27,0.791841566299708,0.020425742551027026,0.43248663437633283
2017-10-30,0.7804284137579898,-0.014413429437724723,0.4406664482267152
2017-10-31,0.7766939021276921,-0.004785207156047688,0.4433429751412783
2017-11-01,0.7739350512850607,-0.003552043906967395,0.4453202453346983
2017-11-02,0.7759850013711213,0.0026487365866900703,0.4438510447746201
2017-11-03,0.7775697214139986,0.002042204475701581,0.4427152748891021
2017-11-06,0.7947485120681546,0.022092926436122706,0.4304032244532521
2017-11-07,0.7964018725107164,0.0020803567637506237,0.42921825994863283
2017-11-08,0.7940884312536562,-0.002904866672107209,0.4308763048023554
2017-11-09,0.7974749558772185,0.004264669387282094,0.4284491804018692
2017-11-10,0.8122270454698455,0.018498498898187554,0.41787634819527486
2017-11-13,0.8154755711072376,0.003999529017791881,0.4155481277579388
2017-11-14,0.8029409561225009,-0.015370926400305684,0.4245316944706925
2017-11-15,0.8070601881738804,0.0051301805194639005,0.421579438180097
2017-11-16,0.8195232947718637,0.01544259868174569,0.41264712157464245
2017-11-17,0.8103490618699039,-0.011194596859523953,0.4192223002628953
2017-11-20,0.8082544259901877,-0.0025848563023972426,0.42072352716035266
2017-11-21,0.8209481920255166,0.01570516118087184,0.41162589678611905
2017-11-22,0.8125408608459389,-0.01024100090754132,0.41765143651110626
2017-11-23,0.7851111505228179,-0.033757945778337684,0.43731032774145706
2017-11-24,0.7847259434090447,-0.000490640227841288,0.43758640593045794
2017-11-27,0.7755613936313293,-0.011678662920079241,0.4441546447172664
2017-11-28,0.7837513673064659,0.010560058484589518,0.4382848852570933
2017-11-29,0.7751497222358935,-0.010974966589383794,0.44444968987414857
2017-11-30,0.7702532410848723,-0.006316819848554589,0.4479590011000222
2017-12-01,0.7672225725113182,-0.0039346391704701,0.45013108323799955
2017-12-04,0.7739430772707607,0.008759524289600362,0.4453144931055265
2017-12-05,0.774059098724964,0.00014990954452676064,0.4452313404538324
2017-12-06,0.7659023899811443,-0.010537578793732294,0.4510772589160934
2017-12-07,0.7547482406505956,-0.014563408440105952,0.45907144499656083
2017-12-08,0.7633793012388742,0.01143568162654951,0.45288555825883203
2017-12-11,0.7789463041484872,0.020392225574297873,0.4417286771478901
2017-12-12,0.7717420098836478,-0.009248768787361805,0.44689199953356384
2017-12-13,0.7838574863731146,0.015698868707812563,0.43820882965300056
2017-12-14,0.7823906689798945,-0.001871280709465406,0.4392600986328189
2017-12-15,0.7712927705161561,-0.01418459971948316,0.4472139696804548
2017-12-18,0.7796343881088497,0.010815111863568205,0.44123552692593115
2017-12-19,0.7869669795300365,0.009405166746137672,0.43598025388485184
2017-12-20,0.7905957421327502,0.004611073522907905,0.433379517367143
2017-12-21,0.7933723523051927,0.0035120479715109454,0.43138951905049583
2017-12-22,0.7902118191860024,-0.003983669345178464,0.43365467519280143
2017-12-25,0.788508270796225,-0.00215581233843376,0.4348756094318351
2017-12-26,0.787318143835037,-0.001509339857635572,0.43572857419904165
2017-12-27,0.7761398029247701,-0.014197997337921042,0.4437400984004286
2017-12-28,0.7917430324246829,0.020103632671735427,0.43255725366865505
2017-12-29,0.7901740409387363,-0.001981692824175041,0.4336817508871901
2018-01-03,0.7957346422305375,0.007037185485358588,0.42969646432443975
2018-01-04,0.8082971317654395,0.01578728494173376,0.4206929199034515
2018-01-05,0.8094401411089004,0.0014140955083736806,0.4198737243635179
2018-01-08,0.8126335151750096,0.003945163952129294,0.4175850310931939
2018-01-09,0.8288097728589965,0.019905969150808556,0.4059914966891658
2018-01-10,0.838931761398668,0.012212680003464982,0.3987370609188934
2018-01-11,0.8329973318129423,-0.007073792957643876,0.4029902704630576
2018-01-12,0.8433542799672896,0.012433350934998089,0.3955674389841165
2018-01-15,0.8435998092522599,0.00029113421346460555,0.39539146798587277
2018-01-16,0.8459752417033096,0.0028158285777177827,0.3936889940030954
2018-01-17,0.834511061377533,-0.013551437158721535,0.40190537949950367
2018-01-18,0.8424545960103138,0.009518788905767739,0.3962122430612842
2018-01-19,0.8392603356845251,-0.0037916112523049827,0.39850157151449705
2018-01-22,0.8580423253391583,0.022379217575335675,0.3850405073121975
2018-01-23,0.8654667062299201,0.008652697741719395,0.3797194486985689
2018-01-24,0.8589850413161131,-0.007489213469622502,0.38436486215832044
2018-01-25,0.8542098074467466,-0.005559158355132765,0.3877872753785664
2018-01-26,0.8591477695227671,0.005780736808419729,0.3842482347467643
2018-01-29,0.8364655591275626,-0.026400825562061137,0.4005045896907462
2018-01-30,0.8299720776192241,-0.00776299925021573,0.4051584721114847
2018-01-31,0.8438411407207141,0.0167102767375904,0.39521850556545657
2018-02-01,0.8407913878485129,-0.003614131529065312,0.3974042654326877
2018-02-02,0.839660654112821,-0.0013448445738548642,0.3982146630365486
2018-02-05,0.8380067363617623,-0.0019697454477085596,0.39940002696453014
2018-02-06,0.8198049091840914,-0.02172038288939626,0.4124452883422216
2018-02-07,0.7941077037535588,-0.03134551299053301,0.4308624921891393
2018-02-08,0.7885247841668824,-0.0070304312126519,0.4348637742883438
2018-02-09,0.7661229884409377,-0.02840975474171481,0.45091915585647024
2018-02-12,0.7754499001559306,0.012174170277768459,0.44423455216360597
2018-02-13,0.7842489792229044,0.011347063253479561,0.43792824647290807
2018-02-14,0.7915837334533383,0.009352583713531537,0.4326714233450344
2018-02-22,0.8123366453071892,0.02621695087557563,0.41779779792056093
2018-02-23,0.8140634212801193,0.0021256901100124015,0.41656021645757324
2018-02-26,0.8168546563378289,0.003428768551374528,0.4145597364761422
2018-02-27,0.8008142631466941,-0.01963677756707427,0.4260558967097696
2018-02-28,0.7900190759224002,-0.013480263428220729,0.4337928144151958
2018-03-01,0.796494631883222,0.008196708355758586,0.4291517792460223
2018-03-02,0.7897420479223589,-0.008477877553169866,0.43399136056301946
2018-03-05,0.781828976166882,-0.010019818213167886,0.4396626642372604
2018-03-06,0.7857285003098754,0.0049876945749847135,0.43686787274751526
2018-03-07,0.7799667740289171,-0.00733297351271589,0.4409973057208171
2018-03-08,0.7901976206291752,0.013117028751636006,0.43366485130771504
2018-03-09,0.7925786823018464,0.0030132483451106307,0.43195834285814005
2018-03-12,0.7906976109189088,-0.002373356014918948,0.4333065079418422
2018-03-13,0.7843498270686451,-0.008028080220056077,0.43785596875626875
2018-03-14,0.7889413561159744,0.005853930081796799,0.43456521690146854
2018-03-15,0.7985526419828461,0.012182509881582204,0.4276768020689804
2018-03-16,0.7888592635217904,-0.012138684353966478,0.4346240527171177
2018-03-19,0.790972732446103,0.002679145726041554,0.4331093281643481
2018-03-20,0.7891416173331116,-0.0023150167355688867,0.43442168955688554
2018-03-21,0.784971689731008,-0.005284130896803907,0.4374102793816601
2018-03-22,0.7702159384721884,-0.01879781328658625,0.44798573590679636
2018-03-23,0.7496530899354773,-0.02669751106098872,0.4627231428282482
2018-03-26,0.7421268670047144,-0.010039607695621844,0.4681171916981893
2018-03-27,0.7462601916499451,0.005569566106551349,0.4651548352364141
2018-03-28,0.725273542376591,-0.028122429024324047,0.48019598042148093
2018-03-29,0.7419712833175042,0.0230226803616711,0.468228698628013
2018-03-30,0.7402352348528841,-0.0023397785111815006,0.4694729256918261
2018-04-03,0.7417948793504412,0.002106957929214337,0.46835512746594965
2018-04-04,0.7574890290420769,0.021156993838213678,0.45710712017362887
2018-04-09,0.7534932227326079,-0.005275068227089896,0.4599709171547143
2018-04-10,0.7645457408881886,0.014668371024622928,0.4520495702034528
2018-04-11,0.7691773985510539,0.006058051749114002,0.4487300581437961
2018-04-12,0.7610761661182894,-0.010532332915690557,0.45453621669783906
2018-04-13,0.7524971074623956,-0.011272273443602265,0.4606848336168028
2018-04-16,0.7448248708756737,-0.010195702429467879,0.4661835305689448
2018-04-17,0.7353911213814576,-0.012665728365280127,0.4729447049676715
2018-04-18,0.7348804780166313,-0.0006943833695830515,0.47331068339939253
2018-04-19,0.7517849330546799,0.023002999186577888,0.46119524947804946
2018-04-20,0.7416593007449963,-0.013468788565023093,0.4684522967406597
2018-04-23,0.7432645335096287,0.0021643802794895084,0.46730182537411724
2018-04-24,0.7609513874278339,0.023796176355528997,0.45462564566645136
2018-04-25,0.7615550807069831,0.0007933401385729066,0.45419297830061023
2018-04-26,0.745721205023748,-0.020791504231756797,0.4655411273019957
2018-04-27,0.7326558115554651,-0.01752048001352835,0.47490510329915403
2018-05-03,0.7382208088318186,0.00759565022017461,0.4709166661314156
2018-05-04,0.7343048128322271,-0.005304640498807189,0.4737232630114988
2018-05-07,0.7584594482611023,0.03289456232175625,0.45641162008814007
2018-05-08,0.7675064912085526,0.01192818280290675,0.44992759852301545
2018-05-09,0.7660378507049512,-0.0019135219316370744,0.45098017412723
2018-05-10,0.773929933218149,0.010302470701591293,0.44532391345658295
2018-05-11,0.772283085926016,-0.0021279023093021543,0.4465042099820534
2018-05-14,0.7864945741837642,0.018401915718130324,0.4363188271038031
2018-05-15,0.7905289281672631,0.00512953822686657,0.4334274029796671
2018-05-16,0.7895615868311503,-0.001223663425392152,0.4341206971444703
2018-05-17,0.7800027220770821,-0.012106547371981469,0.4409715417313147
2018-05-18,0.787975344859061,0.010221275588306211,0.4352575577976445
2018-05-21,0.7869848602499879,-0.0012569994931125317,0.435967438761232
2018-05-22,0.7881030093927159,0.0014208013383800733,0.43516606054333407
2018-05-23,0.7744079378031827,-0.017377260873659317,0.4449813272595692
2018-05-24,0.7667070878522427,-0.009944177448368507,0.45050053142845803
2018-05-25,0.7691317333236497,0.00316241431678832,0.44876278644197987
2018-05-28,0.787676438651139,0.024111221165393992,0.43547178407128695
2018-05-29,0.7829342867095982,-0.006020431371111634,0.4388704874523418
2018-05-30,0.7806897665457745,-0.0028668053014470063,0.44047913651371184
2018-05-31,0.8068012343742986,0.033446663383403186,0.4217650305366949
2018-06-01,0.7934754442688536,-0.016516819183822418,0.4313156329730834
2018-06-04,0.8142074156328274,0.026128056657225507,0.41645701561132564
2018-06-05,0.8243697492556366,0.012481258985968191,0.40917366449372583
2018-06-06,0.8218254990186716,-0.0030862974281410382,0.41099713029347684
2018-06-07,0.8146588768810366,-0.008720369648048898,0.4161334530410793
2018-06-08,0.808891030219517,-0.0070800758761777605,0.4202672724951104
2018-06-11,0.8027254149049416,-0.00762230644701567,0.4246861730015169
2018-06-12,0.8296181460854307,0.03350178115847213,0.4054121350719706
2018-06-13,0.8190182833392227,-0.012776797127960315,0.41300906359690315
2018-06-14,0.8087844684297226,-0.012495221556929947,0.4203436453991696
2018-06-15,0.7954708193420413,-0.016461306574704793,0.4298855463602297
2018-06-19,0.7602906336266624,-0.04422561439083028,0.4550992083455411
2018-06-20,0.7797100727724021,0.02554212598030703,0.44118128367833376
2018-06-21,0.7733789598583696,-0.00811982958168167,0.4457187964219198
2018-06-22,0.7778107632585979,0.005730442163877747,0.4425425200422911
2018-06-25,0.7808138192073798,0.003860908193402679,0.4403902278904488
2018-06-26,0.7756645318895004,-0.006594769702086722,0.44408072546054844
2018-06-27,0.7443618449352358,-0.04035596017006471,0.46651538156163386
2018-06-28,0.7304788389403664,-0.018650883423608766,0.4764653409884162
2018-06-29,0.7514042829218275,0.028646201458505827,0.4614680616758603
2018-07-03,0.7361014338936482,-0.020365666494040036,0.4724356235281586
2018-07-04,0.7291535691831982,-0.00943873274869056,0.47741516268540596
2018-07-05,0.7263605297494051,-0.0038305228854901285,0.47941693586434964
2018-07-06,0.7352397761798318,0.01222429642961198,0.4730531741721198
2018-07-09,0.7552712432621975,0.027244808743136062,0.45869660868463646
2018-07-10,0.7552764777409261,6.930594505405452e-06,0.4586928571303269
2018-07-11,0.7458548688620584,-0.012474384091833768,0.4654453303421364
2018-07-12,0.7646791445770288,0.025238523606730956,0.4519539596928881
2018-07-13,0.7792541953841863,0.019060348265702354,0.4415080112989954
2018-07-16,0.7800617736876507,0.0010363477132981913,0.44092921940360974
2018-07-17,0.7684916466545167,-0.014832321520432346,0.4492215369740945
2018-07-18,0.7635566422829748,-0.006421676010436195,0.45275845781717283
2018-07-19,0.75887999881563,-0.006124815381557069,0.45611021123216133
2018-07-20,0.7616499960129328,0.0036501122728573865,0.454124952439098
2018-07-23,0.7523246789817187,-0.012243572612131604,0.4608084132210607
2018-07-24,0.7700195426303549,0.02352024882738979,0.448126492934385
2018-07-25,0.7664382130875949,-0.004650959286729761,0.4506932341471719
2018-07-26,0.7570927277409548,-0.012193396919748745,0.4573911495739189
2018-07-27,0.762457659702491,0.007086228364052927,0.4535460993474435
2018-07-30,0.7468406892606057,-0.020482410063240808,0.4647387922212666
2018-07-31,0.7495080680707991,0.003571549928317541,0.4628270800929932
2018-08-01,0.7385387110326915,-0.01463540888404602,0.4706888254172692
2018-08-02,0.7171948992875983,-0.028900058218002456,0.4859859491781493
2018-08-03,0.6983690057522123,-0.026249341084391475,0.49947847932034184
2018-08-06,0.6818625770319623,-0.023635683405610064,0.5113086475208208
2018-08-07,0.6988224867897953,0.024872914761881804,0.49915346916573744
2018-08-08,0.6850388683889582,-0.01972406249283043,0.5090321974392298
2018-08-09,0.7043045152400562,0.028123436114517064,0.49522449580962713
2018-08-10,0.7069859366314213,0.003807190403217975,0.49330271935429393
2018-08-13,0.7015664173240627,-0.007665667768698481,0.49718689236702696
2018-08-14,0.7010839424933437,-0.0006877108407771226,0.49753268239203097
2018-08-15,0.6811322371813654,-0.028458368681247848,0.5118320825667961
2018-08-16,0.6676770309984353,-0.019754176132684376,0.5214754375900974
2018-08-17,0.6548792641487942,-0.019167600884073543,0.5306476054155964
2018-08-20,0.6592474372540026,0.006670196087039226,0.5275169329097971
2018-08-21,0.6837424646183968,0.0371560448781183,0.5099613308648424
2018-08-22,0.6763782962744388,-0.010770383185236376,0.5152392351070113
2018-08-23,0.6784255297704135,0.0030267581133975874,0.5137719815288146
2018-08-24,0.6725599499543387,-0.008645871298593066,0.5179758463982864
2018-08-27,0.6993783788534816,0.039875150015940886,0.4987550609621112
2018-08-28,0.6948976605313906,-0.006406715531350082,0.5019663946980558
2018-08-29,0.6910093787256585,-0.005595474019524982,0.5047531287973732
2018-08-30,0.6865693175959311,-0.006425471587542919,0.5079353234971052
2018-08-31,0.6689463704675109,-0.025668125092056404,0.5205657011669638
2018-09-03,0.6684779115462844,-0.0007002936885643907,0.5209014459805179
2018-09-04,0.6752423581207357,0.010119177399301238,0.5160533627206461
2018-09-05,0.661322079221726,-0.020615233525561383,0.52603003566207
2018-09-06,0.6452191814257526,-0.024349554176270716,0.5375709929866416
2018-09-07,0.6528807008306445,0.01187428958321135,0.5320799770456881
2018-09-10,0.6474792594141646,-0.008273244115820533,0.5359511936222694
2018-09-11,0.6503729485109042,0.004469161065263849,0.533877284764424
2018-09-12,0.6375856442152318,-0.019661494723835382,0.5430419540706881
2018-09-13,0.6408065064704673,0.005051654290616714,0.5407335599973375
2018-09-14,0.6500879351262889,0.014483980050301382,0.5340815540425659
2018-09-17,0.6508584500443032,0.001185247220231167,0.5335293254996405
2018-09-18,0.6664456653187489,0.023948702322885707,0.5223579581736757
2018-09-19,0.6812323256575347,0.022187345658124302,0.5117603490908227
2018-09-20,0.6807807435152098,-0.0006628900674803262,0.5120839983059604
2018-09-21,0.7036410321901562,0.03357951718332597,0.4957000145430558
2018-09-25,0.6982042077111893,-0.007726701869622654,0.49959659018353664
2018-09-26,0.719660266152265,0.03073034823352283,0.48421901914263454
2018-09-27,0.7184088460574147,-0.0017389039713712195,0.4851159127386051
2018-09-28,0.7248835174932122,0.00901251630089206,0.48047551150909185
2018-10-09,0.7303528407106351,0.00754510633147909,0.47655564400162065
2018-10-10,0.7121234111423522,-0.02495975719153165,0.48962068803061787
2018-10-11,0.6839807412210048,-0.03951937189679289,0.5097905578687651
2018-10-12,0.7038719947809321,0.029081598883059945,0.4955344835040161
2018-10-15,0.6934316350053396,-0.014832753473650984,0.5030170961461591
2018-10-16,0.6905138720904961,-0.0042077153212385365,0.5051082587250986
2018-10-17,0.6855068138442776,-0.007251205875212774,0.5086968206270253
2018-10-18,0.6695348656146891,-0.023299474063603887,0.5201439263121921
2018-10-19,0.6942661798872918,0.036938052882275585,0.5024189772864307
2018-10-22,0.7263390366070877,0.04619677243244458,0.4794323400134288
2018-10-23,0.6850882627453443,-0.056792725962294566,0.5089967964718791
2018-10-24,0.6669255872267906,-0.02651143875355655,0.5220139978300149
2018-10-25,0.6518048602527406,-0.022672284979985524,0.5328510326876568
2018-10-26,0.636804672893118,-0.023013310078427773,0.5436016767252332
2018-10-29,0.5844528272355027,-0.0822102096389643,0.5811222785605235
2018-10-30,0.5783249408813829,-0.010484826265800051,0.5855141386964305
2018-10-31,0.5998841504669328,0.03727871316200382,0.5700626391631887
2018-11-01,0.5994665129043686,-0.000696197027774681,0.5703619602759326
2018-11-02,0.6392312474375295,0.06633353769921824,0.5418625491708778
2018-11-05,0.6334464977749465,-0.009049541438676645,0.5460084830167657
2018-11-06,0.6274342763609928,-0.009491285270456729,0.550317446014821
2018-11-07,0.6266302246548731,-0.001281491522559297,0.5508937103955958
2018-11-08,0.6278187413683094,0.0018966795195538566,0.5500418996940003
2018-11-09,0.6249333393389126,-0.004595915730562838,0.5521098692052908
2018-11-12,0.6297071487068778,0.007638909732380794,0.5486884769261258
2018-11-13,0.635510963440843,0.009216688655803607,0.5445288791311773
2018-11-14,0.62964746944825,-0.009226424609335315,0.548731249089603
2018-11-15,0.6394015845302042,0.015491390905615132,0.5417404684657614
2018-11-16,0.646052669832196,0.01040204694969371,0.5369736313035975
2018-11-19,0.6468056560584224,0.0011655183259624557,0.536433965585478
2018-11-20,0.631760493043364,-0.023260716529200365,0.5472168437045597
2018-11-21,0.6377291140817875,0.009447600956607793,0.5429391291240071
2018-11-22,0.6344962532522102,-0.0050693323516083355,0.545256122583393
2018-11-23,0.6199512629040755,-0.022923682013222257,0.555680526626751
2018-11-26,0.614965458705354,-0.008042251862454775,0.5592538557390121
2018-11-27,0.6140599694175217,-0.001472423003624601,0.5599028205005807
2018-11-28,0.6310759280692307,0.027710581212206042,0.5477074718667992
2018-11-29,0.6188050613052923,-0.019444358781804505,0.5565020100581506
2018-11-30,0.6258992945462902,0.011464407265890042,0.5514175684798537
2018-12-03,0.647661523628537,0.03476953764266821,0.5358205647412743
2018-12-04,0.6566257958921176,0.013840983193440293,0.5293958649791176
2018-12-05,0.6553230613467325,-0.0019839831964187926,0.5303295356751643
2018-12-06,0.6441055130644676,-0.017117585117807477,0.5383691598255648
2018-12-07,0.6454022482950795,0.0020132341740757287,0.5374397888423184
2018-12-10,0.6338722382512557,-0.017864843319467694,0.5457033545404703
2018-12-11,0.6402111376959839,0.010000279334233309,0.5411602611852698
2018-12-12,0.645340380549721,0.008011798845294127,0.5374841294956589
2018-12-13,0.6533029934265144,0.012338624881974125,0.5317773196675462
2018-12-14,0.6391627876047111,-0.021644177302233447,0.5419116143775887
2018-12-17,0.636464788189602,-0.004221145954413363,0.5438452723133225
2018-12-18,0.6326975397862485,-0.005919020931337338,0.5465452616944284
2018-12-19,0.6261945038459119,-0.010278269680855101,0.5512059917827947
2018-12-20,0.6247477319656077,-0.0023104193208636215,0.5522428941304676
2018-12-21,0.6178299778818511,-0.011072875866218301,0.5572008529819781
2018-12-24,0.6261494960658723,0.013465708175157909,0.5512382488880245
2018-12-25,0.6240316378048306,-0.003382352416393064,0.5527561192812829
2018-12-26,0.6208190067261168,-0.005148186220197082,0.5550586140650665
2018-12-27,0.6191704803277076,-0.0026554058115950685,0.5562401140070973
2018-12-28,0.6261940798437645,0.011343563266032142,0.5512062956654096
2019-01-03,0.609557685454065,-0.026567473128858543,0.5631296103457197
2019-01-04,0.6148279102410472,0.00864598201736455,0.5593524368128497
2019-01-07,0.6235434305164328,0.01417554429493717,0.5531060177624341
2019-01-08,0.6275250303134118,0.00638544101680516,0.550252402598091
2019-01-09,0.6372214691766156,0.015451875853240482,0.5433029585577436
2019-01-10,0.634128210515568,-0.004854291342450412,0.5455198990521394
2019-01-11,0.6375838521690451,0.005449436874394253,0.5430432384313557
2019-01-14,0.623295249238137,-0.02241054707125767,0.5532838894460193
2019-01-15,0.6379326192896365,0.02348384665115133,0.5427932768091709
2019-01-16,0.6392628595753997,0.002085236348698505,0.541839892731104
2019-01-17,0.635817356988825,-0.005389805672213255,0.5443092866760437
2019-01-18,0.6321071861076977,-0.005835277757591295,0.5469683685598439
2019-01-21,0.6408909973697471,0.013896078790271549,0.5406730053148662
2019-01-22,0.6344458848703868,-0.010056487804964376,0.5452922216354081
2019-01-23,0.6319834886247526,-0.0038811761638855025,0.5470570226263302
2019-01-24,0.6199059719581881,-0.019110493998579337,0.5557129866771282
2019-01-25,0.620078566443592,0.0002784204269863366,0.5555892880971744
2019-01-28,0.6124983646444334,-0.012224582834130637,0.5610220236572054
2019-01-29,0.6110638391958166,-0.002342088618390914,0.5620501489793222
2019-01-30,0.5967287302132279,-0.023459265731472945,0.5723241309114753
2019-01-31,0.5957146758620367,-0.0016993556700861667,0.57305090432457
2019-02-01,0.6169023820630622,0.035566869609793494,0.5578656615086626
2019-02-11,0.6402719024158976,0.037882039415510604,0.541116711070983
2019-02-12,0.644965670375292,0.007330897922716462,0.537752684521404
2019-02-13,0.6624943181156026,0.027177644556044322,0.525189891284341
2019-02-14,0.6631984731505853,0.0010628846402571668,0.5246852229127483
2019-02-15,0.6602020782828284,-0.004518096752428091,0.5268327410634872
2019-02-18,0.6877473704233875,0.04172251655463399,0.5070910122693978
2019-02-19,0.6947180840337548,0.010135572900956458,0.5020950972907177
2019-02-20,0.6882718264067963,-0.00927895469415374,0.5067151343249541
2019-02-21,0.6861382894689317,-0.0030998463920903774,0.5082442416360897
2019-02-22,0.7147032104344462,0.041631434076683904,0.48777174419993297
2019-02-25,0.7674238180920389,0.07376573504622352,0.449986850399396
2019-02-26,0.7699522640333003,0.0032947191390901853,0.4481747115486556
2019-02-27,0.7637741824998989,-0.008023979955638083,0.45260254660220345
2019-02-28,0.7622485661827172,-0.001997470393917067,0.45369595680907115
2019-03-01,0.7794970444479434,0.022628416805826612,0.4413339612170385
2019-03-04,0.8175193991341629,0.04877806138847873,0.414083314881625
2019-03-05,0.8478511005615186,0.03710211826102228,0.39234456473925683
2019-03-06,0.8614910032293323,0.016087615689571066,0.38256883762510285
2019-03-07,0.8686774824962756,0.008341908667652387,0.3774182832600089
2019-03-08,0.8702624769444918,0.001824606347181179,0.37628231670800616
2019-03-11,0.9012535297080945,0.035611155926672744,0.35407100903407196
2019-03-12,0.949394225047859,0.05341526413256514,0.31956854137074564
2019-03-13,0.8934733512383958,-0.058901636784913225,0.35964706800395474
2019-03-14,0.845417349957777,-0.053785601119508475,0.3940888353800017
2019-03-15,0.8606865352470264,0.01806112127934445,0.38314540035129097
2019-03-18,0.8890593067344323,0.03296527867635635,0.36281061657107905
2019-03-19,0.8940786871687342,0.005645720590607528,0.3592132233489379
2019-03-20,0.8757422953914566,-0.020508700230114085,0.3723549272626956
2019-03-21,0.8857410197914255,0.011417427766805988,0.36518883498152566
2019-03-22,0.8741705652965017,-0.01306302207573995,0.3734813872440882
2019-03-25,0.869673362536469,-0.005144536934285071,0.3767045353874281
2019-03-26,0.8632785791449514,-0.007353086419557231,0.3812876808036424
2019-03-27,0.8584375960123652,-0.00560767201866752,0.3847572165636046
2019-03-28,0.8538631069225313,-0.005328854550503692,0.3880357558697842
2019-03-29,0.8908145456742711,0.04327560056426272,0.3615526356811941
2019-04-02,0.8804855922921704,-0.01159495366600971,0.3689554032886567
2019-04-03,0.8840516289522741,0.004050079514441807,0.36639962249481683
2019-04-04,0.9017615063740752,0.020032628007020215,0.353706941827148
2019-04-08,0.8998286192853712,-0.0021434570837648437,0.3550922432608766
2019-04-09,0.8851470911618037,-0.01631591595211468,0.36561450401669904
2019-04-10,0.8832371531700652,-0.0021577633941399776,0.3669833578177051
2019-04-11,0.8803444809693458,-0.0032750798472835907,0.3690565378655115
2019-04-12,0.8968451917812451,0.018743470503421955,0.35723046769366673
2019-04-15,0.8820781610699637,-0.016465529220212716,0.3678140082097191
2019-04-16,0.8757401964309575,-0.007185264207559938,0.37235643158905063
2019-04-17,0.9025063014753195,0.030563979081291714,0.3531731466936311
2019-04-18,0.8975167016147175,-0.005528603902759999,0.35674919615923073
2019-04-19,0.8963229330100948,-0.001330079543338858,0.3576047708946556
2019-04-22,0.9198403879663545,0.026237703053386907,0.34074979563047714
2019-04-23,0.9167078041383115,-0.0034055732592571664,0.3429949204976378
2019-04-24,0.938664994735096,0.02395222392311136,0.32725818771477566
2019-04-25,0.9312203849395684,-0.007931061494019565,0.3325937443976079
2019-04-26,0.8964763729220732,-0.03731019270991365,0.3574948004099351
2019-04-29,0.862925711051686,-0.03742503749544279,0.3815405815956102
2019-04-30,0.8952588734429311,0.037469230522566344,0.35836738307856386
2019-05-06,0.8418129132050352,-0.05969888914069821,0.3966721375452128
2019-05-07,0.8479217449581417,0.007256757002988223,0.39229393385424605
2019-05-08,0.8210774959065186,-0.03165887561115477,0.4115332246104987
2019-05-09,0.8211528021353768,9.171634740168244e-05,0.4114792525872928
2019-05-10,0.8556826869218734,0.04205049863643273,0.3867316617007023
2019-05-13,0.8498523572784303,-0.006813658535521405,0.39091026274852037
2019-05-14,0.8436659507478105,-0.007279389740626474,0.39534406433298963
2019-05-15,0.8705414526449863,0.03185561995639841,0.3760823746420009
2019-05-16,0.8751172351628165,0.005256248859749846,0.3728029083351351
2019-05-17,0.8610143053542513,-0.01611547486656617,0.38291048730224353
2019-05-20,0.8238946124396005,-0.04311158674579563,0.4095141953588336
2019-05-21,0.8440580090021355,0.024473271530238483,0.395063075927099
2019-05-22,0.8411462759873823,-0.003449683533238934,0.3971499168727215
2019-05-23,0.8124213490127099,-0.03414974041340624,0.41773709071971843
2019-05-24,0.8027168952945839,-0.011945099337824283,0.42469227901180195
2019-05-27,0.8305919823762318,0.034725925472663954,0.4047141859689176
2019-05-28,0.8540525774889726,0.02824563156222948,0.38789996219157385
2019-05-29,0.8587038048824437,0.005446066806737315,0.3845664244932627
2019-05-30,0.8750974976190585,0.019091207752199413,0.37281705424558476
2019-05-31,0.8736930132083365,-0.0016049462083291832,0.37382364913630195
2019-06-03,0.8650615401398778,-0.009879297348118432,0.38000983149884415
2019-06-04,0.8460890679983787,-0.02193193346502409,0.39360741462338067
2019-06-05,0.8451780763060847,-0.0010767089739727176,0.39426032296180613
2019-06-06,0.8108019229729704,-0.04067326673138272,0.41889773441576217
2019-06-10,0.8161442254171305,0.006588911906586947,0.41506890277910957
2019-06-11,0.8555784847148827,0.04831775814819661,0.38680634349023124
2019-06-12,0.8525476189380924,-0.003542475448994442,0.3889785669638963
2019-06-13,0.8563350263486255,0.00444245849311109,0.3862641296092322
2019-06-14,0.8405707080005205,-0.01840905470762222,0.397562426823286
