,content
2009-01-01,
2009-01-02,
2009-01-03,
2009-01-04,
2009-01-05,
2009-01-06,
2009-01-07,0.0
2009-01-08,0.0
2009-01-09,0.0
2009-01-10,0.0
2009-01-11,0.0
2009-01-12,0.0
2009-01-13,0.0
2009-01-14,0.0
2009-01-15,0.0
2009-01-16,0.0
2009-01-17,0.0
2009-01-18,0.0
2009-01-19,0.0
2009-01-20,0.0
2009-01-21,0.0
2009-01-22,0.0
2009-01-23,0.0
2009-01-24,0.0
2009-01-25,0.0
2009-01-26,0.0
2009-01-27,0.0
2009-01-28,0.0
2009-01-29,0.0
2009-01-30,0.0
2009-01-31,0.0
2009-02-01,0.0
2009-02-02,0.0
2009-02-03,0.0
2009-02-04,0.0
2009-02-05,0.0
2009-02-06,0.0
2009-02-07,0.0
2009-02-08,0.0
2009-02-09,0.0
2009-02-10,0.0
2009-02-11,0.0
2009-02-12,0.0
2009-02-13,0.0
2009-02-14,0.0
2009-02-15,0.0
2009-02-16,0.0
2009-02-17,0.0
2009-02-18,0.0
2009-02-19,0.0
2009-02-20,0.0
2009-02-21,0.0
2009-02-22,0.0
2009-02-23,0.0
2009-02-24,0.0
2009-02-25,0.0
2009-02-26,0.0
2009-02-27,0.0
2009-02-28,0.0
2009-03-01,0.0
2009-03-02,0.0
2009-03-03,0.0
2009-03-04,0.0
2009-03-05,0.0
2009-03-06,0.0
2009-03-07,0.0
2009-03-08,0.0
2009-03-09,0.0
2009-03-10,0.0
2009-03-11,0.0
2009-03-12,0.0
2009-03-13,0.0
2009-03-14,0.0
2009-03-15,0.0
2009-03-16,0.0
2009-03-17,0.0
2009-03-18,0.0
2009-03-19,0.0
2009-03-20,0.0
2009-03-21,0.0
2009-03-22,0.0
2009-03-23,0.0
2009-03-24,0.0
2009-03-25,0.0
2009-03-26,0.0
2009-03-27,0.0
2009-03-28,0.0
2009-03-29,0.0
2009-03-30,0.0
2009-03-31,0.0
2009-04-01,0.0
2009-04-02,0.0
2009-04-03,0.0
2009-04-04,0.0
2009-04-05,0.0
2009-04-06,0.0
2009-04-07,0.0
2009-04-08,0.0
2009-04-09,0.0
2009-04-10,0.0
2009-04-11,0.0
2009-04-12,0.0
2009-04-13,0.0
2009-04-14,0.0
2009-04-15,0.0
2009-04-16,0.0
2009-04-17,0.0
2009-04-18,0.0
2009-04-19,0.0
2009-04-20,0.0
2009-04-21,0.0
2009-04-22,0.0
2009-04-23,0.0
2009-04-24,0.0
2009-04-25,0.0
2009-04-26,0.0
2009-04-27,0.0
2009-04-28,0.0
2009-04-29,0.0
2009-04-30,0.0
2009-05-01,0.0
2009-05-02,0.0
2009-05-03,0.0
2009-05-04,0.0
2009-05-05,0.0
2009-05-06,0.0
2009-05-07,0.0
2009-05-08,0.0
2009-05-09,0.0
2009-05-10,0.0
2009-05-11,0.0
2009-05-12,0.0
2009-05-13,0.0
2009-05-14,0.0
2009-05-15,0.0
2009-05-16,0.0
2009-05-17,0.0
2009-05-18,0.0
2009-05-19,0.0
2009-05-20,0.0
2009-05-21,0.0
2009-05-22,0.0
2009-05-23,0.0
2009-05-24,0.0
2009-05-25,0.0
2009-05-26,0.0
2009-05-27,0.0
2009-05-28,0.0
2009-05-29,0.0
2009-05-30,0.0
2009-05-31,0.0
2009-06-01,0.0
2009-06-02,0.0
2009-06-03,0.0
2009-06-04,0.0
2009-06-05,0.0
2009-06-06,0.0
2009-06-07,0.0
2009-06-08,0.0
2009-06-09,0.0
2009-06-10,0.0
2009-06-11,0.0
2009-06-12,0.0
2009-06-13,0.0
2009-06-14,0.0
2009-06-15,0.0
2009-06-16,0.0
2009-06-17,0.0
2009-06-18,0.0
2009-06-19,0.0
2009-06-20,0.0
2009-06-21,0.0
2009-06-22,0.0
2009-06-23,0.0
2009-06-24,0.0
2009-06-25,0.0
2009-06-26,0.0
2009-06-27,6.0
2009-06-28,17.0
2009-06-29,31.0
2009-06-30,35.0
2009-07-01,36.0
2009-07-02,41.0
2009-07-03,45.0
2009-07-04,44.0
2009-07-05,40.0
2009-07-06,35.0
2009-07-07,31.0
2009-07-08,36.0
2009-07-09,32.0
2009-07-10,30.0
2009-07-11,28.0
2009-07-12,24.0
2009-07-13,19.0
2009-07-14,20.0
2009-07-15,15.0
2009-07-16,17.0
2009-07-17,16.0
2009-07-18,15.0
2009-07-19,15.0
2009-07-20,15.0
2009-07-21,15.0
2009-07-22,16.0
2009-07-23,15.0
2009-07-24,17.0
2009-07-25,19.0
2009-07-26,22.0
2009-07-27,27.0
2009-07-28,29.0
2009-07-29,33.0
2009-07-30,38.0
2009-07-31,40.0
2009-08-01,38.0
2009-08-02,35.0
2009-08-03,30.0
2009-08-04,27.0
2009-08-05,24.0
2009-08-06,20.0
2009-08-07,16.0
2009-08-08,16.0
2009-08-09,17.0
2009-08-10,19.0
2009-08-11,20.0
2009-08-12,19.0
2009-08-13,19.0
2009-08-14,24.0
2009-08-15,23.0
2009-08-16,21.0
2009-08-17,18.0
2009-08-18,20.0
2009-08-19,21.0
2009-08-20,21.0
2009-08-21,19.0
2009-08-22,19.0
2009-08-23,22.0
2009-08-24,26.0
2009-08-25,26.0
2009-08-26,24.0
2009-08-27,28.0
2009-08-28,27.0
2009-08-29,26.0
2009-08-30,22.0
2009-08-31,17.0
2009-09-01,15.0
2009-09-02,19.0
2009-09-03,17.0
2009-09-04,17.0
2009-09-05,17.0
2009-09-06,20.0
2009-09-07,23.0
2009-09-08,22.0
2009-09-09,18.0
2009-09-10,16.0
2009-09-11,13.0
2009-09-12,13.0
2009-09-13,9.0
2009-09-14,4.0
2009-09-15,7.0
2009-09-16,12.0
2009-09-17,12.0
2009-09-18,16.0
2009-09-19,16.0
2009-09-20,17.0
2009-09-21,18.0
2009-09-22,15.0
2009-09-23,9.0
2009-09-24,10.0
2009-09-25,10.0
2009-09-26,13.0
2009-09-27,20.0
2009-09-28,33.0
2009-09-29,36.0
2009-09-30,38.0
2009-10-01,34.0
2009-10-02,30.0
2009-10-03,27.0
2009-10-04,21.0
2009-10-05,10.0
2009-10-06,8.0
2009-10-07,7.0
2009-10-08,9.0
2009-10-09,10.0
2009-10-10,13.0
2009-10-11,19.0
2009-10-12,24.0
2009-10-13,26.0
2009-10-14,29.0
2009-10-15,33.0
2009-10-16,38.0
2009-10-17,39.0
2009-10-18,37.0
2009-10-19,38.0
2009-10-20,36.0
2009-10-21,37.0
2009-10-22,38.0
2009-10-23,34.0
2009-10-24,31.0
2009-10-25,29.0
2009-10-26,25.0
2009-10-27,25.0
2009-10-28,20.0
2009-10-29,14.0
2009-10-30,16.0
2009-10-31,19.0
2009-11-01,22.0
2009-11-02,24.0
2009-11-03,27.0
2009-11-04,32.0
2009-11-05,34.0
2009-11-06,36.0
2009-11-07,34.0
2009-11-08,31.0
2009-11-09,32.0
2009-11-10,30.0
2009-11-11,26.0
2009-11-12,23.0
2009-11-13,24.0
2009-11-14,22.0
2009-11-15,19.0
2009-11-16,14.0
2009-11-17,15.0
2009-11-18,14.0
2009-11-19,17.0
2009-11-20,13.0
2009-11-21,16.0
2009-11-22,21.0
2009-11-23,26.0
2009-11-24,23.0
2009-11-25,23.0
2009-11-26,20.0
2009-11-27,20.0
2009-11-28,23.0
2009-11-29,23.0
2009-11-30,25.0
2009-12-01,29.0
2009-12-02,31.0
2009-12-03,38.0
2009-12-04,35.0
2009-12-05,31.0
2009-12-06,30.0
2009-12-07,27.0
2009-12-08,26.0
2009-12-09,27.0
2009-12-10,23.0
2009-12-11,27.0
2009-12-12,26.0
2009-12-13,22.0
2009-12-14,16.0
2009-12-15,14.0
2009-12-16,14.0
2009-12-17,12.0
2009-12-18,8.0
2009-12-19,7.0
2009-12-20,6.0
2009-12-21,6.0
2009-12-22,5.0
2009-12-23,2.0
2009-12-24,4.0
2009-12-25,4.0
2009-12-26,6.0
2009-12-27,10.0
2009-12-28,13.0
2009-12-29,17.0
2009-12-30,18.0
2009-12-31,17.0
2010-01-01,18.0
2010-01-02,21.0
2010-01-03,23.0
2010-01-04,25.0
2010-01-05,26.0
2010-01-06,29.0
2010-01-07,29.0
2010-01-08,33.0
2010-01-09,35.0
2010-01-10,39.0
2010-01-11,46.0
2010-01-12,43.0
2010-01-13,42.0
2010-01-14,41.0
2010-01-15,40.0
2010-01-16,35.0
2010-01-17,29.0
2010-01-18,21.0
2010-01-19,20.0
2010-01-20,18.0
2010-01-21,19.0
2010-01-22,18.0
2010-01-23,18.0
2010-01-24,21.0
2010-01-25,25.0
2010-01-26,25.0
2010-01-27,26.0
2010-01-28,29.0
2010-01-29,30.0
2010-01-30,29.0
2010-01-31,24.0
2010-02-01,19.0
2010-02-02,22.0
2010-02-03,22.0
2010-02-04,18.0
2010-02-05,15.0
2010-02-06,17.0
2010-02-07,20.0
2010-02-08,21.0
2010-02-09,19.0
2010-02-10,17.0
2010-02-11,16.0
2010-02-12,15.0
2010-02-13,14.0
2010-02-14,11.0
2010-02-15,8.0
2010-02-16,6.0
2010-02-17,6.0
2010-02-18,7.0
2010-02-19,8.0
2010-02-20,7.0
2010-02-21,7.0
2010-02-22,7.0
2010-02-23,10.0
2010-02-24,10.0
2010-02-25,12.0
2010-02-26,14.0
2010-02-27,15.0
2010-02-28,17.0
2010-03-01,19.0
2010-03-02,20.0
2010-03-03,21.0
2010-03-04,18.0
2010-03-05,17.0
2010-03-06,17.0
2010-03-07,19.0
2010-03-08,24.0
2010-03-09,21.0
2010-03-10,21.0
2010-03-11,23.0
2010-03-12,23.0
2010-03-13,22.0
2010-03-14,17.0
2010-03-15,9.0
2010-03-16,10.0
2010-03-17,15.0
2010-03-18,16.0
2010-03-19,16.0
2010-03-20,19.0
2010-03-21,23.0
2010-03-22,32.0
2010-03-23,35.0
2010-03-24,30.0
2010-03-25,30.0
2010-03-26,30.0
2010-03-27,29.0
2010-03-28,29.0
2010-03-29,27.0
2010-03-30,24.0
2010-03-31,26.0
2010-04-01,25.0
2010-04-02,26.0
2010-04-03,24.0
2010-04-04,22.0
2010-04-05,19.0
2010-04-06,17.0
2010-04-07,15.0
2010-04-08,13.0
2010-04-09,14.0
2010-04-10,13.0
2010-04-11,11.0
2010-04-12,8.0
2010-04-13,12.0
2010-04-14,13.0
2010-04-15,16.0
2010-04-16,13.0
2010-04-17,16.0
2010-04-18,19.0
2010-04-19,22.0
2010-04-20,19.0
2010-04-21,18.0
2010-04-22,16.0
2010-04-23,15.0
2010-04-24,12.0
2010-04-25,10.0
2010-04-26,7.0
2010-04-27,6.0
2010-04-28,6.0
2010-04-29,11.0
2010-04-30,13.0
2010-05-01,16.0
2010-05-02,18.0
2010-05-03,24.0
2010-05-04,26.0
2010-05-05,27.0
2010-05-06,21.0
2010-05-07,19.0
2010-05-08,19.0
2010-05-09,23.0
2010-05-10,23.0
2010-05-11,28.0
2010-05-12,26.0
2010-05-13,28.0
2010-05-14,28.0
2010-05-15,27.0
2010-05-16,21.0
2010-05-17,15.0
2010-05-18,9.0
2010-05-19,13.0
2010-05-20,16.0
2010-05-21,16.0
2010-05-22,20.0
2010-05-23,26.0
2010-05-24,32.0
2010-05-25,34.0
2010-05-26,33.0
2010-05-27,30.0
2010-05-28,33.0
2010-05-29,28.0
2010-05-30,23.0
2010-05-31,19.0
2010-06-01,16.0
2010-06-02,13.0
2010-06-03,11.0
2010-06-04,10.0
2010-06-05,9.0
2010-06-06,7.0
2010-06-07,5.0
2010-06-08,5.0
2010-06-09,9.0
2010-06-10,12.0
2010-06-11,12.0
2010-06-12,12.0
2010-06-13,13.0
2010-06-14,14.0
2010-06-15,14.0
2010-06-16,13.0
2010-06-17,12.0
2010-06-18,17.0
2010-06-19,21.0
2010-06-20,24.0
2010-06-21,28.0
2010-06-22,29.0
2010-06-23,28.0
2010-06-24,26.0
2010-06-25,19.0
2010-06-26,16.0
2010-06-27,14.0
2010-06-28,14.0
2010-06-29,14.0
2010-06-30,12.0
2010-07-01,16.0
2010-07-02,20.0
2010-07-03,19.0
2010-07-04,17.0
2010-07-05,12.0
2010-07-06,12.0
2010-07-07,12.0
2010-07-08,10.0
2010-07-09,11.0
2010-07-10,13.0
2010-07-11,15.0
2010-07-12,18.0
2010-07-13,17.0
2010-07-14,19.0
2010-07-15,18.0
2010-07-16,17.0
2010-07-17,21.0
2010-07-18,24.0
2010-07-19,26.0
2010-07-20,26.0
2010-07-21,27.0
2010-07-22,26.0
2010-07-23,24.0
2010-07-24,19.0
2010-07-25,15.0
2010-07-26,10.0
2010-07-27,12.0
2010-07-28,10.0
2010-07-29,12.0
2010-07-30,12.0
2010-07-31,11.0
2010-08-01,10.0
2010-08-02,10.0
2010-08-03,8.0
2010-08-04,7.0
2010-08-05,5.0
2010-08-06,5.0
2010-08-07,7.0
2010-08-08,8.0
2010-08-09,10.0
2010-08-10,11.0
2010-08-11,12.0
2010-08-12,14.0
2010-08-13,14.0
2010-08-14,14.0
2010-08-15,15.0
2010-08-16,14.0
2010-08-17,14.0
2010-08-18,15.0
2010-08-19,17.0
2010-08-20,17.0
2010-08-21,15.0
2010-08-22,12.0
2010-08-23,9.0
2010-08-24,10.0
2010-08-25,9.0
2010-08-26,9.0
2010-08-27,7.0
2010-08-28,9.0
2010-08-29,12.0
2010-08-30,17.0
2010-08-31,19.0
2010-09-01,21.0
2010-09-02,19.0
2010-09-03,22.0
2010-09-04,21.0
2010-09-05,20.0
2010-09-06,19.0
2010-09-07,15.0
2010-09-08,16.0
2010-09-09,17.0
2010-09-10,17.0
2010-09-11,16.0
2010-09-12,16.0
2010-09-13,14.0
2010-09-14,16.0
2010-09-15,16.0
2010-09-16,18.0
2010-09-17,16.0
2010-09-18,18.0
2010-09-19,20.0
2010-09-20,23.0
2010-09-21,21.0
2010-09-22,18.0
2010-09-23,14.0
2010-09-24,18.0
2010-09-25,19.0
2010-09-26,19.0
2010-09-27,19.0
2010-09-28,22.0
2010-09-29,23.0
2010-09-30,26.0
2010-10-01,21.0
2010-10-02,19.0
2010-10-03,17.0
2010-10-04,17.0
2010-10-05,16.0
2010-10-06,17.0
2010-10-07,19.0
2010-10-08,24.0
2010-10-09,27.0
2010-10-10,30.0
2010-10-11,32.0
2010-10-12,31.0
2010-10-13,30.0
2010-10-14,29.0
2010-10-15,26.0
2010-10-16,24.0
2010-10-17,23.0
2010-10-18,24.0
2010-10-19,25.0
2010-10-20,25.0
2010-10-21,22.0
2010-10-22,23.0
2010-10-23,24.0
2010-10-24,23.0
2010-10-25,19.0
2010-10-26,20.0
2010-10-27,19.0
2010-10-28,18.0
2010-10-29,16.0
2010-10-30,13.0
2010-10-31,13.0
2010-11-01,14.0
2010-11-02,11.0
2010-11-03,10.0
2010-11-04,10.0
2010-11-05,12.0
2010-11-06,13.0
2010-11-07,13.0
2010-11-08,13.0
2010-11-09,16.0
2010-11-10,19.0
2010-11-11,20.0
2010-11-12,19.0
2010-11-13,23.0
2010-11-14,29.0
2010-11-15,37.0
2010-11-16,36.0
2010-11-17,36.0
2010-11-18,34.0
2010-11-19,36.0
2010-11-20,33.0
2010-11-21,28.0
2010-11-22,19.0
2010-11-23,18.0
2010-11-24,19.0
2010-11-25,21.0
2010-11-26,19.0
2010-11-27,18.0
2010-11-28,16.0
2010-11-29,15.0
2010-11-30,14.0
2010-12-01,13.0
2010-12-02,11.0
2010-12-03,10.0
2010-12-04,10.0
2010-12-05,9.0
2010-12-06,7.0
2010-12-07,8.0
2010-12-08,7.0
2010-12-09,12.0
2010-12-10,14.0
2010-12-11,18.0
2010-12-12,25.0
2010-12-13,34.0
2010-12-14,36.0
2010-12-15,34.0
2010-12-16,30.0
2010-12-17,28.0
2010-12-18,24.0
2010-12-19,18.0
2010-12-20,10.0
2010-12-21,12.0
2010-12-22,13.0
2010-12-23,13.0
2010-12-24,13.0
2010-12-25,13.0
2010-12-26,13.0
2010-12-27,14.0
2010-12-28,9.0
2010-12-29,9.0
2010-12-30,8.0
2010-12-31,8.0
2011-01-01,8.0
2011-01-02,7.0
2011-01-03,6.0
2011-01-04,6.0
2011-01-05,8.0
2011-01-06,10.0
2011-01-07,11.0
2011-01-08,12.0
2011-01-09,13.0
2011-01-10,14.0
2011-01-11,17.0
2011-01-12,17.0
2011-01-13,19.0
2011-01-14,17.0
2011-01-15,15.0
2011-01-16,14.0
2011-01-17,12.0
2011-01-18,11.0
2011-01-19,10.0
2011-01-20,6.0
2011-01-21,8.0
2011-01-22,10.0
2011-01-23,11.0
2011-01-24,14.0
2011-01-25,12.0
2011-01-26,10.0
2011-01-27,10.0
2011-01-28,8.0
2011-01-29,10.0
2011-01-30,15.0
2011-01-31,18.0
2011-02-01,18.0
2011-02-02,18.0
2011-02-03,19.0
2011-02-04,19.0
2011-02-05,15.0
2011-02-06,8.0
2011-02-07,1.0
2011-02-08,1.0
2011-02-09,2.0
2011-02-10,7.0
2011-02-11,9.0
2011-02-12,12.0
2011-02-13,18.0
2011-02-14,24.0
2011-02-15,24.0
2011-02-16,26.0
2011-02-17,20.0
2011-02-18,21.0
2011-02-19,18.0
2011-02-20,14.0
2011-02-21,10.0
2011-02-22,13.0
2011-02-23,12.0
2011-02-24,12.0
2011-02-25,9.0
2011-02-26,10.0
2011-02-27,9.0
2011-02-28,8.0
2011-03-01,6.0
2011-03-02,5.0
2011-03-03,5.0
2011-03-04,6.0
2011-03-05,8.0
2011-03-06,14.0
2011-03-07,20.0
2011-03-08,21.0
2011-03-09,21.0
2011-03-10,22.0
2011-03-11,21.0
2011-03-12,19.0
2011-03-13,14.0
2011-03-14,9.0
2011-03-15,9.0
2011-03-16,8.0
2011-03-17,10.0
2011-03-18,11.0
2011-03-19,13.0
2011-03-20,16.0
2011-03-21,19.0
2011-03-22,18.0
2011-03-23,20.0
2011-03-24,17.0
2011-03-25,17.0
2011-03-26,16.0
2011-03-27,13.0
2011-03-28,10.0
2011-03-29,9.0
2011-03-30,7.0
2011-03-31,9.0
2011-04-01,12.0
2011-04-02,12.0
2011-04-03,13.0
2011-04-04,14.0
2011-04-05,14.0
2011-04-06,15.0
2011-04-07,13.0
2011-04-08,15.0
2011-04-09,14.0
2011-04-10,12.0
2011-04-11,12.0
2011-04-12,12.0
2011-04-13,14.0
2011-04-14,19.0
2011-04-15,17.0
2011-04-16,16.0
2011-04-17,15.0
2011-04-18,13.0
2011-04-19,16.0
2011-04-20,15.0
2011-04-21,12.0
2011-04-22,9.0
2011-04-23,9.0
2011-04-24,9.0
2011-04-25,8.0
2011-04-26,5.0
2011-04-27,5.0
2011-04-28,6.0
2011-04-29,7.0
2011-04-30,8.0
2011-05-01,9.0
2011-05-02,10.0
2011-05-03,10.0
2011-05-04,8.0
2011-05-05,6.0
2011-05-06,5.0
2011-05-07,5.0
2011-05-08,5.0
2011-05-09,6.0
2011-05-10,7.0
2011-05-11,7.0
2011-05-12,6.0
2011-05-13,8.0
2011-05-14,8.0
2011-05-15,8.0
2011-05-16,7.0
2011-05-17,9.0
2011-05-18,11.0
2011-05-19,12.0
2011-05-20,10.0
2011-05-21,11.0
2011-05-22,14.0
2011-05-23,18.0
2011-05-24,15.0
2011-05-25,14.0
2011-05-26,14.0
2011-05-27,14.0
2011-05-28,12.0
2011-05-29,8.0
2011-05-30,3.0
2011-05-31,3.0
2011-06-01,2.0
2011-06-02,2.0
2011-06-03,2.0
2011-06-04,3.0
2011-06-05,7.0
2011-06-06,13.0
2011-06-07,13.0
2011-06-08,13.0
2011-06-09,13.0
2011-06-10,14.0
2011-06-11,15.0
2011-06-12,15.0
2011-06-13,13.0
2011-06-14,16.0
2011-06-15,19.0
2011-06-16,19.0
2011-06-17,17.0
2011-06-18,16.0
2011-06-19,14.0
2011-06-20,12.0
2011-06-21,10.0
2011-06-22,8.0
2011-06-23,7.0
2011-06-24,8.0
2011-06-25,7.0
2011-06-26,6.0
2011-06-27,8.0
2011-06-28,8.0
2011-06-29,11.0
2011-06-30,12.0
2011-07-01,13.0
2011-07-02,13.0
2011-07-03,12.0
2011-07-04,8.0
2011-07-05,7.0
2011-07-06,3.0
2011-07-07,6.0
2011-07-08,6.0
2011-07-09,7.0
2011-07-10,8.0
2011-07-11,11.0
2011-07-12,13.0
2011-07-13,15.0
2011-07-14,13.0
2011-07-15,12.0
2011-07-16,12.0
2011-07-17,12.0
2011-07-18,10.0
2011-07-19,10.0
2011-07-20,9.0
2011-07-21,8.0
2011-07-22,9.0
2011-07-23,11.0
2011-07-24,13.0
2011-07-25,15.0
2011-07-26,13.0
2011-07-27,13.0
2011-07-28,12.0
2011-07-29,11.0
2011-07-30,8.0
2011-07-31,5.0
2011-08-01,2.0
2011-08-02,4.0
2011-08-03,8.0
2011-08-04,9.0
2011-08-05,10.0
2011-08-06,13.0
2011-08-07,18.0
2011-08-08,24.0
2011-08-09,29.0
2011-08-10,34.0
2011-08-11,37.0
2011-08-12,39.0
2011-08-13,42.0
2011-08-14,46.0
2011-08-15,50.0
2011-08-16,43.0
2011-08-17,35.0
2011-08-18,38.0
2011-08-19,38.0
2011-08-20,36.0
2011-08-21,34.0
2011-08-22,32.0
2011-08-23,33.0
2011-08-24,31.0
2011-08-25,24.0
2011-08-26,21.0
2011-08-27,17.0
2011-08-28,10.0
2011-08-29,3.0
2011-08-30,5.0
2011-08-31,9.0
2011-09-01,12.0
2011-09-02,12.0
2011-09-03,16.0
2011-09-04,21.0
2011-09-05,25.0
2011-09-06,25.0
2011-09-07,22.0
2011-09-08,19.0
2011-09-09,20.0
2011-09-10,17.0
2011-09-11,13.0
2011-09-12,10.0
2011-09-13,7.0
2011-09-14,6.0
2011-09-15,9.0
2011-09-16,8.0
2011-09-17,7.0
2011-09-18,7.0
2011-09-19,6.0
2011-09-20,7.0
2011-09-21,11.0
2011-09-22,10.0
2011-09-23,15.0
2011-09-24,17.0
2011-09-25,19.0
2011-09-26,24.0
2011-09-27,24.0
2011-09-28,20.0
2011-09-29,20.0
2011-09-30,19.0
2011-10-01,17.0
2011-10-02,16.0
2011-10-03,13.0
2011-10-04,13.0
2011-10-05,15.0
2011-10-06,14.0
2011-10-07,9.0
2011-10-08,11.0
2011-10-09,11.0
2011-10-10,10.0
2011-10-11,13.0
2011-10-12,11.0
2011-10-13,13.0
2011-10-14,14.0
2011-10-15,13.0
2011-10-16,14.0
2011-10-17,17.0
2011-10-18,13.0
2011-10-19,13.0
2011-10-20,10.0
2011-10-21,10.0
2011-10-22,12.0
2011-10-23,12.0
2011-10-24,11.0
2011-10-25,13.0
2011-10-26,16.0
2011-10-27,17.0
2011-10-28,19.0
2011-10-29,23.0
2011-10-30,30.0
2011-10-31,38.0
2011-11-01,36.0
2011-11-02,39.0
2011-11-03,40.0
2011-11-04,40.0
2011-11-05,39.0
2011-11-06,38.0
2011-11-07,37.0
2011-11-08,40.0
2011-11-09,37.0
2011-11-10,37.0
2011-11-11,41.0
2011-11-12,36.0
2011-11-13,29.0
2011-11-14,21.0
2011-11-15,19.0
2011-11-16,16.0
2011-11-17,15.0
2011-11-18,8.0
2011-11-19,11.0
2011-11-20,17.0
2011-11-21,23.0
2011-11-22,22.0
2011-11-23,23.0
2011-11-24,22.0
2011-11-25,22.0
2011-11-26,19.0
2011-11-27,14.0
2011-11-28,11.0
2011-11-29,14.0
2011-11-30,13.0
2011-12-01,16.0
2011-12-02,17.0
2011-12-03,17.0
2011-12-04,15.0
2011-12-05,11.0
2011-12-06,9.0
2011-12-07,9.0
2011-12-08,6.0
2011-12-09,7.0
2011-12-10,7.0
2011-12-11,9.0
2011-12-12,10.0
2011-12-13,9.0
2011-12-14,10.0
2011-12-15,12.0
2011-12-16,12.0
2011-12-17,12.0
2011-12-18,11.0
2011-12-19,10.0
2011-12-20,10.0
2011-12-21,10.0
2011-12-22,10.0
2011-12-23,9.0
2011-12-24,9.0
2011-12-25,8.0
2011-12-26,9.0
2011-12-27,11.0
2011-12-28,12.0
2011-12-29,11.0
2011-12-30,11.0
2011-12-31,10.0
2012-01-01,10.0
2012-01-02,8.0
2012-01-03,7.0
2012-01-04,5.0
2012-01-05,5.0
2012-01-06,5.0
2012-01-07,7.0
2012-01-08,14.0
2012-01-09,24.0
2012-01-10,26.0
2012-01-11,27.0
2012-01-12,30.0
2012-01-13,29.0
2012-01-14,27.0
2012-01-15,20.0
2012-01-16,11.0
2012-01-17,11.0
2012-01-18,17.0
2012-01-19,15.0
2012-01-20,16.0
2012-01-21,18.0
2012-01-22,19.0
2012-01-23,19.0
2012-01-24,16.0
2012-01-25,9.0
2012-01-26,8.0
2012-01-27,7.0
2012-01-28,5.0
2012-01-29,4.0
2012-01-30,3.0
2012-01-31,5.0
2012-02-01,7.0
2012-02-02,8.0
2012-02-03,10.0
2012-02-04,12.0
2012-02-05,15.0
2012-02-06,18.0
2012-02-07,16.0
2012-02-08,16.0
2012-02-09,15.0
2012-02-10,14.0
2012-02-11,14.0
2012-02-12,12.0
2012-02-13,11.0
2012-02-14,12.0
2012-02-15,12.0
2012-02-16,16.0
2012-02-17,15.0
2012-02-18,13.0
2012-02-19,14.0
2012-02-20,16.0
2012-02-21,20.0
2012-02-22,20.0
2012-02-23,15.0
2012-02-24,16.0
2012-02-25,17.0
2012-02-26,15.0
2012-02-27,15.0
2012-02-28,11.0
2012-02-29,11.0
2012-03-01,11.0
2012-03-02,13.0
2012-03-03,12.0
2012-03-04,11.0
2012-03-05,7.0
2012-03-06,8.0
2012-03-07,8.0
2012-03-08,9.0
2012-03-09,7.0
2012-03-10,10.0
2012-03-11,14.0
2012-03-12,18.0
2012-03-13,18.0
2012-03-14,16.0
2012-03-15,17.0
2012-03-16,17.0
2012-03-17,15.0
2012-03-18,12.0
2012-03-19,12.0
2012-03-20,11.0
2012-03-21,12.0
2012-03-22,14.0
2012-03-23,13.0
2012-03-24,13.0
2012-03-25,13.0
2012-03-26,9.0
2012-03-27,10.0
2012-03-28,9.0
2012-03-29,10.0
2012-03-30,11.0
2012-03-31,11.0
2012-04-01,13.0
2012-04-02,21.0
2012-04-03,24.0
2012-04-04,25.0
2012-04-05,22.0
2012-04-06,21.0
2012-04-07,20.0
2012-04-08,17.0
2012-04-09,9.0
2012-04-10,6.0
2012-04-11,6.0
2012-04-12,4.0
2012-04-13,5.0
2012-04-14,6.0
2012-04-15,8.0
2012-04-16,10.0
2012-04-17,10.0
2012-04-18,9.0
2012-04-19,12.0
2012-04-20,12.0
2012-04-21,11.0
2012-04-22,11.0
2012-04-23,11.0
2012-04-24,13.0
2012-04-25,16.0
2012-04-26,15.0
2012-04-27,15.0
2012-04-28,18.0
2012-04-29,21.0
2012-04-30,25.0
2012-05-01,23.0
2012-05-02,21.0
2012-05-03,21.0
2012-05-04,22.0
2012-05-05,21.0
2012-05-06,18.0
2012-05-07,13.0
2012-05-08,13.0
2012-05-09,16.0
2012-05-10,17.0
2012-05-11,18.0
2012-05-12,16.0
2012-05-13,15.0
2012-05-14,20.0
2012-05-15,18.0
2012-05-16,16.0
2012-05-17,15.0
2012-05-18,15.0
2012-05-19,15.0
2012-05-20,14.0
2012-05-21,8.0
2012-05-22,9.0
2012-05-23,7.0
2012-05-24,8.0
2012-05-25,8.0
2012-05-26,12.0
2012-05-27,25.0
2012-05-28,40.0
2012-05-29,41.0
2012-05-30,41.0
2012-05-31,39.0
2012-06-01,36.0
2012-06-02,34.0
2012-06-03,23.0
2012-06-04,9.0
2012-06-05,9.0
2012-06-06,11.0
2012-06-07,15.0
2012-06-08,19.0
2012-06-09,18.0
2012-06-10,17.0
2012-06-11,17.0
2012-06-12,16.0
2012-06-13,14.0
2012-06-14,10.0
2012-06-15,7.0
2012-06-16,9.0
2012-06-17,13.0
2012-06-18,17.0
2012-06-19,17.0
2012-06-20,21.0
2012-06-21,23.0
2012-06-22,24.0
2012-06-23,24.0
2012-06-24,26.0
2012-06-25,28.0
2012-06-26,29.0
2012-06-27,28.0
2012-06-28,27.0
2012-06-29,26.0
2012-06-30,25.0
2012-07-01,21.0
2012-07-02,16.0
2012-07-03,14.0
2012-07-04,14.0
2012-07-05,14.0
2012-07-06,14.0
2012-07-07,13.0
2012-07-08,11.0
2012-07-09,12.0
2012-07-10,12.0
2012-07-11,12.0
2012-07-12,10.0
2012-07-13,11.0
2012-07-14,11.0
2012-07-15,14.0
2012-07-16,14.0
2012-07-17,14.0
2012-07-18,14.0
2012-07-19,16.0
2012-07-20,15.0
2012-07-21,14.0
2012-07-22,10.0
2012-07-23,6.0
2012-07-24,6.0
2012-07-25,3.0
2012-07-26,3.0
2012-07-27,3.0
2012-07-28,3.0
2012-07-29,4.0
2012-07-30,6.0
2012-07-31,7.0
2012-08-01,9.0
2012-08-02,8.0
2012-08-03,8.0
2012-08-04,11.0
2012-08-05,13.0
2012-08-06,14.0
2012-08-07,15.0
2012-08-08,13.0
2012-08-09,12.0
2012-08-10,12.0
2012-08-11,10.0
2012-08-12,10.0
2012-08-13,10.0
2012-08-14,8.0
2012-08-15,9.0
2012-08-16,10.0
2012-08-17,9.0
2012-08-18,9.0
2012-08-19,8.0
2012-08-20,8.0
2012-08-21,8.0
2012-08-22,8.0
2012-08-23,8.0
2012-08-24,8.0
2012-08-25,8.0
2012-08-26,10.0
2012-08-27,12.0
2012-08-28,12.0
2012-08-29,12.0
2012-08-30,11.0
2012-08-31,13.0
2012-09-01,13.0
2012-09-02,12.0
2012-09-03,12.0
2012-09-04,13.0
2012-09-05,13.0
2012-09-06,14.0
2012-09-07,15.0
2012-09-08,15.0
2012-09-09,13.0
2012-09-10,9.0
2012-09-11,10.0
2012-09-12,11.0
2012-09-13,10.0
2012-09-14,7.0
2012-09-15,8.0
2012-09-16,10.0
2012-09-17,12.0
2012-09-18,12.0
2012-09-19,10.0
2012-09-20,10.0
2012-09-21,12.0
2012-09-22,12.0
2012-09-23,12.0
2012-09-24,13.0
2012-09-25,12.0
2012-09-26,12.0
2012-09-27,14.0
2012-09-28,13.0
2012-09-29,11.0
2012-09-30,8.0
2012-10-01,4.0
2012-10-02,3.0
2012-10-03,3.0
2012-10-04,1.0
2012-10-05,2.0
2012-10-06,3.0
2012-10-07,4.0
2012-10-08,5.0
2012-10-09,5.0
2012-10-10,6.0
2012-10-11,8.0
2012-10-12,6.0
2012-10-13,6.0
2012-10-14,7.0
2012-10-15,11.0
2012-10-16,12.0
2012-10-17,11.0
2012-10-18,10.0
2012-10-19,10.0
2012-10-20,10.0
2012-10-21,9.0
2012-10-22,7.0
2012-10-23,6.0
2012-10-24,7.0
2012-10-25,6.0
2012-10-26,8.0
2012-10-27,7.0
2012-10-28,7.0
2012-10-29,5.0
2012-10-30,10.0
2012-10-31,11.0
2012-11-01,11.0
2012-11-02,11.0
2012-11-03,13.0
2012-11-04,15.0
2012-11-05,18.0
2012-11-06,15.0
2012-11-07,14.0
2012-11-08,14.0
2012-11-09,13.0
2012-11-10,12.0
2012-11-11,11.0
2012-11-12,11.0
2012-11-13,12.0
2012-11-14,12.0
2012-11-15,12.0
2012-11-16,11.0
2012-11-17,11.0
2012-11-18,10.0
2012-11-19,8.0
2012-11-20,6.0
2012-11-21,11.0
2012-11-22,13.0
2012-11-23,13.0
2012-11-24,15.0
2012-11-25,19.0
2012-11-26,22.0
2012-11-27,21.0
2012-11-28,16.0
2012-11-29,14.0
2012-11-30,14.0
2012-12-01,12.0
2012-12-02,8.0
2012-12-03,4.0
2012-12-04,4.0
2012-12-05,3.0
2012-12-06,5.0
2012-12-07,9.0
2012-12-08,11.0
2012-12-09,17.0
2012-12-10,24.0
2012-12-11,26.0
2012-12-12,26.0
2012-12-13,25.0
2012-12-14,25.0
2012-12-15,24.0
2012-12-16,19.0
2012-12-17,14.0
2012-12-18,13.0
2012-12-19,15.0
2012-12-20,14.0
2012-12-21,12.0
2012-12-22,11.0
2012-12-23,10.0
2012-12-24,9.0
2012-12-25,8.0
2012-12-26,9.0
2012-12-27,11.0
2012-12-28,10.0
2012-12-29,11.0
2012-12-30,12.0
2012-12-31,12.0
2013-01-01,13.0
2013-01-02,10.0
2013-01-03,8.0
2013-01-04,7.0
2013-01-05,9.0
2013-01-06,12.0
2013-01-07,15.0
2013-01-08,14.0
2013-01-09,17.0
2013-01-10,18.0
2013-01-11,18.0
2013-01-12,14.0
2013-01-13,9.0
2013-01-14,4.0
2013-01-15,4.0
2013-01-16,2.0
2013-01-17,3.0
2013-01-18,5.0
2013-01-19,6.0
2013-01-20,7.0
2013-01-21,8.0
2013-01-22,12.0
2013-01-23,13.0
2013-01-24,13.0
2013-01-25,11.0
2013-01-26,11.0
2013-01-27,11.0
2013-01-28,13.0
2013-01-29,10.0
2013-01-30,8.0
2013-01-31,8.0
2013-02-01,10.0
2013-02-02,9.0
2013-02-03,8.0
2013-02-04,5.0
2013-02-05,4.0
2013-02-06,4.0
2013-02-07,5.0
2013-02-08,3.0
2013-02-09,4.0
2013-02-10,5.0
2013-02-11,6.0
2013-02-12,6.0
2013-02-13,6.0
2013-02-14,3.0
2013-02-15,3.0
2013-02-16,2.0
2013-02-17,2.0
2013-02-18,2.0
2013-02-19,2.0
2013-02-20,4.0
2013-02-21,4.0
2013-02-22,5.0
2013-02-23,5.0
2013-02-24,7.0
2013-02-25,9.0
2013-02-26,11.0
2013-02-27,10.0
2013-02-28,10.0
2013-03-01,10.0
2013-03-02,10.0
2013-03-03,8.0
2013-03-04,6.0
2013-03-05,5.0
2013-03-06,6.0
2013-03-07,7.0
2013-03-08,8.0
2013-03-09,8.0
2013-03-10,7.0
2013-03-11,7.0
2013-03-12,6.0
2013-03-13,4.0
2013-03-14,5.0
2013-03-15,3.0
2013-03-16,3.0
2013-03-17,3.0
2013-03-18,3.0
2013-03-19,3.0
2013-03-20,4.0
2013-03-21,2.0
2013-03-22,2.0
2013-03-23,2.0
2013-03-24,3.0
2013-03-25,4.0
2013-03-26,6.0
2013-03-27,7.0
2013-03-28,9.0
2013-03-29,12.0
2013-03-30,14.0
2013-03-31,16.0
2013-04-01,17.0
2013-04-02,16.0
2013-04-03,14.0
2013-04-04,16.0
2013-04-05,13.0
2013-04-06,11.0
2013-04-07,9.0
2013-04-08,10.0
2013-04-09,12.0
2013-04-10,13.0
2013-04-11,11.0
2013-04-12,11.0
2013-04-13,12.0
2013-04-14,12.0
2013-04-15,12.0
2013-04-16,11.0
2013-04-17,11.0
2013-04-18,9.0
2013-04-19,9.0
2013-04-20,8.0
2013-04-21,7.0
2013-04-22,3.0
2013-04-23,1.0
2013-04-24,0.0
2013-04-25,1.0
2013-04-26,3.0
2013-04-27,4.0
2013-04-28,5.0
2013-04-29,7.0
2013-04-30,7.0
2013-05-01,7.0
2013-05-02,7.0
2013-05-03,6.0
2013-05-04,6.0
2013-05-05,6.0
2013-05-06,5.0
2013-05-07,7.0
2013-05-08,7.0
2013-05-09,8.0
2013-05-10,7.0
2013-05-11,6.0
2013-05-12,7.0
2013-05-13,8.0
2013-05-14,6.0
2013-05-15,7.0
2013-05-16,5.0
2013-05-17,6.0
2013-05-18,6.0
2013-05-19,8.0
2013-05-20,10.0
2013-05-21,11.0
2013-05-22,10.0
2013-05-23,10.0
2013-05-24,10.0
2013-05-25,12.0
2013-05-26,14.0
2013-05-27,16.0
2013-05-28,18.0
2013-05-29,19.0
2013-05-30,19.0
2013-05-31,19.0
2013-06-01,17.0
2013-06-02,13.0
2013-06-03,9.0
2013-06-04,9.0
2013-06-05,10.0
2013-06-06,10.0
2013-06-07,11.0
2013-06-08,11.0
2013-06-09,9.0
2013-06-10,8.0
2013-06-11,6.0
2013-06-12,4.0
2013-06-13,8.0
2013-06-14,6.0
2013-06-15,8.0
2013-06-16,11.0
2013-06-17,13.0
2013-06-18,13.0
2013-06-19,14.0
2013-06-20,12.0
2013-06-21,12.0
2013-06-22,12.0
2013-06-23,11.0
2013-06-24,10.0
2013-06-25,11.0
2013-06-26,10.0
2013-06-27,9.0
2013-06-28,12.0
2013-06-29,13.0
2013-06-30,18.0
2013-07-01,23.0
2013-07-02,22.0
2013-07-03,22.0
2013-07-04,23.0
2013-07-05,22.0
2013-07-06,21.0
2013-07-07,18.0
2013-07-08,15.0
2013-07-09,14.0
2013-07-10,15.0
2013-07-11,14.0
2013-07-12,13.0
2013-07-13,12.0
2013-07-14,12.0
2013-07-15,12.0
2013-07-16,12.0
2013-07-17,14.0
2013-07-18,13.0
2013-07-19,13.0
2013-07-20,17.0
2013-07-21,19.0
2013-07-22,23.0
2013-07-23,26.0
2013-07-24,24.0
2013-07-25,25.0
2013-07-26,24.0
2013-07-27,19.0
2013-07-28,13.0
2013-07-29,7.0
2013-07-30,4.0
2013-07-31,5.0
2013-08-01,4.0
2013-08-02,5.0
2013-08-03,6.0
2013-08-04,7.0
2013-08-05,9.0
2013-08-06,9.0
2013-08-07,9.0
2013-08-08,9.0
2013-08-09,8.0
2013-08-10,7.0
2013-08-11,6.0
2013-08-12,3.0
2013-08-13,6.0
2013-08-14,4.0
2013-08-15,5.0
2013-08-16,5.0
2013-08-17,5.0
2013-08-18,5.0
2013-08-19,9.0
2013-08-20,9.0
2013-08-21,11.0
2013-08-22,10.0
2013-08-23,10.0
2013-08-24,10.0
2013-08-25,10.0
2013-08-26,5.0
2013-08-27,3.0
2013-08-28,2.0
2013-08-29,5.0
2013-08-30,6.0
2013-08-31,8.0
2013-09-01,10.0
2013-09-02,13.0
2013-09-03,12.0
2013-09-04,12.0
2013-09-05,9.0
2013-09-06,11.0
2013-09-07,13.0
2013-09-08,16.0
2013-09-09,19.0
2013-09-10,19.0
2013-09-11,19.0
2013-09-12,20.0
2013-09-13,19.0
2013-09-14,17.0
2013-09-15,14.0
2013-09-16,11.0
2013-09-17,14.0
2013-09-18,14.0
2013-09-19,13.0
2013-09-20,13.0
2013-09-21,11.0
2013-09-22,11.0
2013-09-23,12.0
2013-09-24,10.0
2013-09-25,9.0
2013-09-26,9.0
2013-09-27,9.0
2013-09-28,10.0
2013-09-29,10.0
2013-09-30,10.0
2013-10-01,9.0
2013-10-02,9.0
2013-10-03,10.0
2013-10-04,9.0
2013-10-05,11.0
2013-10-06,12.0
2013-10-07,11.0
2013-10-08,12.0
2013-10-09,15.0
2013-10-10,14.0
2013-10-11,17.0
2013-10-12,16.0
2013-10-13,18.0
2013-10-14,22.0
2013-10-15,24.0
2013-10-16,25.0
2013-10-17,28.0
2013-10-18,25.0
2013-10-19,24.0
2013-10-20,21.0
2013-10-21,20.0
2013-10-22,18.0
2013-10-23,16.0
2013-10-24,13.0
2013-10-25,12.0
2013-10-26,15.0
2013-10-27,18.0
2013-10-28,17.0
2013-10-29,16.0
2013-10-30,14.0
2013-10-31,14.0
2013-11-01,15.0
2013-11-02,13.0
2013-11-03,11.0
2013-11-04,13.0
2013-11-05,15.0
2013-11-06,17.0
2013-11-07,18.0
2013-11-08,18.0
2013-11-09,16.0
2013-11-10,13.0
2013-11-11,7.0
2013-11-12,9.0
2013-11-13,7.0
2013-11-14,7.0
2013-11-15,6.0
2013-11-16,6.0
2013-11-17,9.0
2013-11-18,11.0
2013-11-19,8.0
2013-11-20,9.0
2013-11-21,10.0
2013-11-22,12.0
2013-11-23,13.0
2013-11-24,13.0
2013-11-25,13.0
2013-11-26,12.0
2013-11-27,12.0
2013-11-28,13.0
2013-11-29,12.0
2013-11-30,13.0
2013-12-01,14.0
2013-12-02,15.0
2013-12-03,17.0
2013-12-04,16.0
2013-12-05,14.0
2013-12-06,17.0
2013-12-07,16.0
2013-12-08,14.0
2013-12-09,14.0
2013-12-10,12.0
2013-12-11,12.0
2013-12-12,14.0
2013-12-13,11.0
2013-12-14,11.0
2013-12-15,12.0
2013-12-16,11.0
2013-12-17,11.0
2013-12-18,12.0
2013-12-19,9.0
2013-12-20,11.0
2013-12-21,11.0
2013-12-22,9.0
2013-12-23,7.0
2013-12-24,7.0
2013-12-25,7.0
2013-12-26,7.0
2013-12-27,5.0
2013-12-28,7.0
2013-12-29,9.0
2013-12-30,12.0
2013-12-31,12.0
2014-01-01,11.0
2014-01-02,11.0
2014-01-03,10.0
2014-01-04,8.0
2014-01-05,6.0
2014-01-06,3.0
2014-01-07,3.0
2014-01-08,4.0
2014-01-09,4.0
2014-01-10,5.0
2014-01-11,4.0
2014-01-12,3.0
2014-01-13,2.0
2014-01-14,2.0
2014-01-15,1.0
2014-01-16,3.0
2014-01-17,3.0
2014-01-18,3.0
2014-01-19,4.0
2014-01-20,6.0
2014-01-21,7.0
2014-01-22,8.0
2014-01-23,9.0
2014-01-24,10.0
2014-01-25,11.0
2014-01-26,12.0
2014-01-27,12.0
2014-01-28,11.0
2014-01-29,10.0
2014-01-30,7.0
2014-01-31,6.0
2014-02-01,6.0
2014-02-02,5.0
2014-02-03,4.0
2014-02-04,4.0
2014-02-05,4.0
2014-02-06,4.0
2014-02-07,4.0
2014-02-08,3.0
2014-02-09,2.0
2014-02-10,1.0
2014-02-11,1.0
2014-02-12,1.0
2014-02-13,2.0
2014-02-14,2.0
2014-02-15,2.0
2014-02-16,6.0
2014-02-17,10.0
2014-02-18,11.0
2014-02-19,12.0
2014-02-20,11.0
2014-02-21,10.0
2014-02-22,12.0
2014-02-23,10.0
2014-02-24,9.0
2014-02-25,10.0
2014-02-26,9.0
2014-02-27,10.0
2014-02-28,12.0
2014-03-01,11.0
2014-03-02,11.0
2014-03-03,10.0
2014-03-04,10.0
2014-03-05,12.0
2014-03-06,12.0
2014-03-07,11.0
2014-03-08,11.0
2014-03-09,10.0
2014-03-10,9.0
2014-03-11,8.0
2014-03-12,6.0
2014-03-13,5.0
2014-03-14,5.0
2014-03-15,4.0
2014-03-16,3.0
2014-03-17,4.0
2014-03-18,4.0
2014-03-19,5.0
2014-03-20,7.0
2014-03-21,7.0
2014-03-22,9.0
2014-03-23,12.0
2014-03-24,15.0
2014-03-25,18.0
2014-03-26,23.0
2014-03-27,22.0
2014-03-28,22.0
2014-03-29,23.0
2014-03-30,24.0
2014-03-31,26.0
2014-04-01,22.0
2014-04-02,16.0
2014-04-03,16.0
2014-04-04,17.0
2014-04-05,15.0
2014-04-06,12.0
2014-04-07,6.0
2014-04-08,6.0
2014-04-09,9.0
2014-04-10,11.0
2014-04-11,13.0
2014-04-12,14.0
2014-04-13,16.0
2014-04-14,23.0
2014-04-15,23.0
2014-04-16,21.0
2014-04-17,19.0
2014-04-18,17.0
2014-04-19,16.0
2014-04-20,14.0
2014-04-21,9.0
2014-04-22,11.0
2014-04-23,15.0
2014-04-24,14.0
2014-04-25,12.0
2014-04-26,13.0
2014-04-27,15.0
2014-04-28,15.0
2014-04-29,13.0
2014-04-30,8.0
2014-05-01,8.0
2014-05-02,8.0
2014-05-03,7.0
2014-05-04,5.0
2014-05-05,3.0
2014-05-06,4.0
2014-05-07,7.0
2014-05-08,9.0
2014-05-09,13.0
2014-05-10,16.0
2014-05-11,20.0
2014-05-12,25.0
2014-05-13,27.0
2014-05-14,25.0
2014-05-15,26.0
2014-05-16,24.0
2014-05-17,22.0
2014-05-18,19.0
2014-05-19,16.0
2014-05-20,14.0
2014-05-21,17.0
2014-05-22,14.0
2014-05-23,13.0
2014-05-24,14.0
2014-05-25,17.0
2014-05-26,19.0
2014-05-27,18.0
2014-05-28,14.0
2014-05-29,15.0
2014-05-30,14.0
2014-05-31,14.0
2014-06-01,15.0
2014-06-02,17.0
2014-06-03,18.0
2014-06-04,19.0
2014-06-05,20.0
2014-06-06,22.0
2014-06-07,19.0
2014-06-08,15.0
2014-06-09,11.0
2014-06-10,11.0
2014-06-11,11.0
2014-06-12,9.0
2014-06-13,7.0
2014-06-14,8.0
2014-06-15,8.0
2014-06-16,7.0
2014-06-17,8.0
2014-06-18,10.0
2014-06-19,13.0
2014-06-20,17.0
2014-06-21,20.0
2014-06-22,24.0
2014-06-23,29.0
2014-06-24,27.0
2014-06-25,27.0
2014-06-26,25.0
2014-06-27,22.0
2014-06-28,19.0
2014-06-29,14.0
2014-06-30,8.0
2014-07-01,8.0
2014-07-02,6.0
2014-07-03,5.0
2014-07-04,5.0
2014-07-05,5.0
2014-07-06,6.0
2014-07-07,8.0
2014-07-08,10.0
2014-07-09,11.0
2014-07-10,15.0
2014-07-11,15.0
2014-07-12,14.0
2014-07-13,17.0
2014-07-14,19.0
2014-07-15,18.0
2014-07-16,17.0
2014-07-17,15.0
2014-07-18,17.0
2014-07-19,20.0
2014-07-20,19.0
2014-07-21,19.0
2014-07-22,19.0
2014-07-23,20.0
2014-07-24,19.0
2014-07-25,17.0
2014-07-26,16.0
2014-07-27,14.0
2014-07-28,13.0
2014-07-29,13.0
2014-07-30,13.0
2014-07-31,13.0
2014-08-01,14.0
2014-08-02,16.0
2014-08-03,19.0
2014-08-04,21.0
2014-08-05,20.0
2014-08-06,18.0
2014-08-07,18.0
2014-08-08,17.0
2014-08-09,17.0
2014-08-10,16.0
2014-08-11,14.0
2014-08-12,16.0
2014-08-13,17.0
2014-08-14,17.0
2014-08-15,19.0
2014-08-16,17.0
2014-08-17,16.0
2014-08-18,16.0
2014-08-19,14.0
2014-08-20,14.0
2014-08-21,15.0
2014-08-22,12.0
2014-08-23,13.0
2014-08-24,15.0
2014-08-25,16.0
2014-08-26,17.0
2014-08-27,16.0
2014-08-28,15.0
2014-08-29,15.0
2014-08-30,13.0
2014-08-31,10.0
2014-09-01,7.0
2014-09-02,8.0
2014-09-03,9.0
2014-09-04,8.0
2014-09-05,8.0
2014-09-06,8.0
2014-09-07,11.0
2014-09-08,14.0
2014-09-09,12.0
2014-09-10,14.0
2014-09-11,15.0
2014-09-12,15.0
2014-09-13,16.0
2014-09-14,13.0
2014-09-15,10.0
2014-09-16,10.0
2014-09-17,8.0
2014-09-18,9.0
2014-09-19,10.0
2014-09-20,9.0
2014-09-21,10.0
2014-09-22,11.0
2014-09-23,11.0
2014-09-24,10.0
2014-09-25,8.0
2014-09-26,8.0
2014-09-27,10.0
2014-09-28,10.0
2014-09-29,11.0
2014-09-30,12.0
2014-10-01,13.0
2014-10-02,13.0
2014-10-03,12.0
2014-10-04,10.0
2014-10-05,14.0
2014-10-06,19.0
2014-10-07,18.0
2014-10-08,19.0
2014-10-09,20.0
2014-10-10,20.0
2014-10-11,20.0
2014-10-12,14.0
2014-10-13,8.0
2014-10-14,8.0
2014-10-15,8.0
2014-10-16,7.0
2014-10-17,11.0
2014-10-18,13.0
2014-10-19,19.0
2014-10-20,24.0
2014-10-21,24.0
2014-10-22,26.0
2014-10-23,29.0
2014-10-24,25.0
2014-10-25,26.0
2014-10-26,23.0
2014-10-27,19.0
2014-10-28,21.0
2014-10-29,17.0
2014-10-30,15.0
2014-10-31,17.0
2014-11-01,14.0
2014-11-02,11.0
2014-11-03,9.0
2014-11-04,9.0
2014-11-05,11.0
2014-11-06,11.0
2014-11-07,10.0
2014-11-08,10.0
2014-11-09,12.0
2014-11-10,17.0
2014-11-11,18.0
2014-11-12,18.0
2014-11-13,19.0
2014-11-14,21.0
2014-11-15,23.0
2014-11-16,27.0
2014-11-17,29.0
2014-11-18,31.0
2014-11-19,30.0
2014-11-20,32.0
2014-11-21,33.0
2014-11-22,32.0
2014-11-23,28.0
2014-11-24,23.0
2014-11-25,20.0
2014-11-26,20.0
2014-11-27,17.0
2014-11-28,13.0
2014-11-29,12.0
2014-11-30,10.0
2014-12-01,8.0
2014-12-02,6.0
2014-12-03,6.0
2014-12-04,8.0
2014-12-05,10.0
2014-12-06,11.0
2014-12-07,12.0
2014-12-08,15.0
2014-12-09,17.0
2014-12-10,16.0
2014-12-11,13.0
2014-12-12,12.0
2014-12-13,13.0
2014-12-14,17.0
2014-12-15,19.0
2014-12-16,19.0
2014-12-17,21.0
2014-12-18,24.0
2014-12-19,30.0
2014-12-20,29.0
2014-12-21,25.0
2014-12-22,21.0
2014-12-23,22.0
2014-12-24,21.0
2014-12-25,20.0
2014-12-26,14.0
2014-12-27,14.0
2014-12-28,14.0
2014-12-29,13.0
2014-12-30,13.0
2014-12-31,14.0
2015-01-01,12.0
2015-01-02,11.0
2015-01-03,10.0
2015-01-04,11.0
2015-01-05,12.0
2015-01-06,11.0
2015-01-07,17.0
2015-01-08,19.0
2015-01-09,21.0
2015-01-10,24.0
2015-01-11,26.0
2015-01-12,29.0
2015-01-13,27.0
2015-01-14,19.0
2015-01-15,18.0
2015-01-16,16.0
2015-01-17,13.0
2015-01-18,9.0
2015-01-19,4.0
2015-01-20,4.0
2015-01-21,5.0
2015-01-22,6.0
2015-01-23,8.0
2015-01-24,10.0
2015-01-25,12.0
2015-01-26,15.0
2015-01-27,20.0
2015-01-28,20.0
2015-01-29,21.0
2015-01-30,21.0
2015-01-31,19.0
2015-02-01,17.0
2015-02-02,16.0
2015-02-03,11.0
2015-02-04,11.0
2015-02-05,11.0
2015-02-06,10.0
2015-02-07,10.0
2015-02-08,10.0
2015-02-09,12.0
2015-02-10,17.0
2015-02-11,18.0
2015-02-12,16.0
2015-02-13,17.0
2015-02-14,18.0
2015-02-15,20.0
2015-02-16,18.0
2015-02-17,13.0
2015-02-18,11.0
2015-02-19,10.0
2015-02-20,8.0
2015-02-21,6.0
2015-02-22,3.0
2015-02-23,0.0
2015-02-24,0.0
2015-02-25,0.0
2015-02-26,1.0
2015-02-27,1.0
2015-02-28,2.0
2015-03-01,4.0
2015-03-02,7.0
2015-03-03,8.0
2015-03-04,8.0
2015-03-05,8.0
2015-03-06,9.0
2015-03-07,8.0
2015-03-08,7.0
2015-03-09,5.0
2015-03-10,5.0
2015-03-11,5.0
2015-03-12,5.0
2015-03-13,6.0
2015-03-14,7.0
2015-03-15,7.0
2015-03-16,7.0
2015-03-17,6.0
2015-03-18,7.0
2015-03-19,8.0
2015-03-20,7.0
2015-03-21,10.0
2015-03-22,13.0
2015-03-23,18.0
2015-03-24,21.0
2015-03-25,20.0
2015-03-26,20.0
2015-03-27,22.0
2015-03-28,20.0
2015-03-29,21.0
2015-03-30,21.0
2015-03-31,18.0
2015-04-01,21.0
2015-04-02,22.0
2015-04-03,22.0
2015-04-04,21.0
2015-04-05,17.0
2015-04-06,12.0
2015-04-07,12.0
2015-04-08,10.0
2015-04-09,10.0
2015-04-10,7.0
2015-04-11,14.0
2015-04-12,22.0
2015-04-13,31.0
2015-04-14,37.0
2015-04-15,42.0
2015-04-16,40.0
2015-04-17,43.0
2015-04-18,40.0
2015-04-19,37.0
2015-04-20,35.0
2015-04-21,32.0
2015-04-22,28.0
2015-04-23,30.0
2015-04-24,30.0
2015-04-25,27.0
2015-04-26,23.0
2015-04-27,17.0
2015-04-28,15.0
2015-04-29,15.0
2015-04-30,12.0
2015-05-01,10.0
2015-05-02,8.0
2015-05-03,6.0
2015-05-04,4.0
2015-05-05,3.0
2015-05-06,1.0
2015-05-07,4.0
2015-05-08,5.0
2015-05-09,7.0
2015-05-10,10.0
2015-05-11,16.0
2015-05-12,18.0
2015-05-13,19.0
2015-05-14,18.0
2015-05-15,18.0
2015-05-16,16.0
2015-05-17,13.0
2015-05-18,7.0
2015-05-19,7.0
2015-05-20,9.0
2015-05-21,11.0
2015-05-22,11.0
2015-05-23,13.0
2015-05-24,17.0
2015-05-25,22.0
2015-05-26,21.0
2015-05-27,20.0
2015-05-28,21.0
2015-05-29,22.0
2015-05-30,22.0
2015-05-31,21.0
2015-06-01,21.0
2015-06-02,20.0
2015-06-03,20.0
2015-06-04,15.0
2015-06-05,12.0
2015-06-06,11.0
2015-06-07,9.0
2015-06-08,5.0
2015-06-09,8.0
2015-06-10,9.0
2015-06-11,12.0
2015-06-12,13.0
2015-06-13,12.0
2015-06-14,11.0
2015-06-15,10.0
2015-06-16,7.0
2015-06-17,4.0
2015-06-18,5.0
2015-06-19,7.0
2015-06-20,9.0
2015-06-21,13.0
2015-06-22,19.0
2015-06-23,19.0
2015-06-24,23.0
2015-06-25,20.0
2015-06-26,19.0
2015-06-27,21.0
2015-06-28,22.0
2015-06-29,23.0
2015-06-30,26.0
2015-07-01,24.0
2015-07-02,25.0
2015-07-03,24.0
2015-07-04,24.0
2015-07-05,23.0
2015-07-06,20.0
2015-07-07,17.0
2015-07-08,17.0
2015-07-09,20.0
2015-07-10,29.0
2015-07-11,29.0
2015-07-12,29.0
2015-07-13,32.0
2015-07-14,33.0
2015-07-15,35.0
2015-07-16,31.0
2015-07-17,23.0
2015-07-18,20.0
2015-07-19,20.0
2015-07-20,19.0
2015-07-21,19.0
2015-07-22,15.0
2015-07-23,14.0
2015-07-24,13.0
2015-07-25,15.0
2015-07-26,15.0
2015-07-27,13.0
2015-07-28,13.0
2015-07-29,14.0
2015-07-30,18.0
2015-07-31,20.0
2015-08-01,18.0
2015-08-02,15.0
2015-08-03,12.0
2015-08-04,12.0
2015-08-05,14.0
2015-08-06,11.0
2015-08-07,8.0
2015-08-08,8.0
2015-08-09,9.0
2015-08-10,10.0
2015-08-11,9.0
2015-08-12,6.0
2015-08-13,6.0
2015-08-14,8.0
2015-08-15,7.0
2015-08-16,6.0
2015-08-17,5.0
2015-08-18,6.0
2015-08-19,8.0
2015-08-20,7.0
2015-08-21,5.0
2015-08-22,8.0
2015-08-23,10.0
2015-08-24,13.0
2015-08-25,13.0
2015-08-26,16.0
2015-08-27,17.0
2015-08-28,17.0
2015-08-29,14.0
2015-08-30,11.0
2015-08-31,8.0
2015-09-01,7.0
2015-09-02,4.0
2015-09-03,8.0
2015-09-04,10.0
2015-09-05,12.0
2015-09-06,14.0
2015-09-07,19.0
2015-09-08,19.0
2015-09-09,19.0
2015-09-10,15.0
2015-09-11,16.0
2015-09-12,15.0
2015-09-13,14.0
2015-09-14,9.0
2015-09-15,10.0
2015-09-16,11.0
2015-09-17,14.0
2015-09-18,15.0
2015-09-19,17.0
2015-09-20,19.0
2015-09-21,21.0
2015-09-22,23.0
2015-09-23,21.0
2015-09-24,19.0
2015-09-25,15.0
2015-09-26,12.0
2015-09-27,10.0
2015-09-28,11.0
2015-09-29,10.0
2015-09-30,12.0
2015-10-01,10.0
2015-10-02,10.0
2015-10-03,10.0
2015-10-04,9.0
2015-10-05,5.0
2015-10-06,3.0
2015-10-07,0.0
2015-10-08,0.0
2015-10-09,1.0
2015-10-10,2.0
2015-10-11,7.0
2015-10-12,12.0
2015-10-13,12.0
2015-10-14,13.0
2015-10-15,16.0
2015-10-16,15.0
2015-10-17,16.0
2015-10-18,16.0
2015-10-19,19.0
2015-10-20,21.0
2015-10-21,22.0
2015-10-22,21.0
2015-10-23,27.0
2015-10-24,30.0
2015-10-25,31.0
2015-10-26,29.0
2015-10-27,29.0
2015-10-28,29.0
2015-10-29,29.0
2015-10-30,25.0
2015-10-31,22.0
2015-11-01,20.0
2015-11-02,18.0
2015-11-03,20.0
2015-11-04,23.0
2015-11-05,22.0
2015-11-06,21.0
2015-11-07,22.0
2015-11-08,25.0
2015-11-09,28.0
2015-11-10,26.0
2015-11-11,26.0
2015-11-12,27.0
2015-11-13,27.0
2015-11-14,28.0
2015-11-15,25.0
2015-11-16,22.0
2015-11-17,24.0
2015-11-18,23.0
2015-11-19,25.0
2015-11-20,24.0
2015-11-21,20.0
2015-11-22,19.0
2015-11-23,20.0
2015-11-24,20.0
2015-11-25,19.0
2015-11-26,18.0
2015-11-27,22.0
2015-11-28,23.0
2015-11-29,22.0
2015-11-30,19.0
2015-12-01,16.0
2015-12-02,16.0
2015-12-03,14.0
2015-12-04,12.0
2015-12-05,14.0
2015-12-06,17.0
2015-12-07,21.0
2015-12-08,20.0
2015-12-09,17.0
2015-12-10,18.0
2015-12-11,17.0
2015-12-12,15.0
2015-12-13,11.0
2015-12-14,6.0
2015-12-15,9.0
2015-12-16,13.0
2015-12-17,15.0
2015-12-18,17.0
2015-12-19,17.0
2015-12-20,17.0
2015-12-21,18.0
2015-12-22,19.0
2015-12-23,17.0
2015-12-24,17.0
2015-12-25,15.0
2015-12-26,16.0
2015-12-27,19.0
2015-12-28,21.0
2015-12-29,18.0
2015-12-30,16.0
2015-12-31,12.0
2016-01-01,11.0
2016-01-02,10.0
2016-01-03,10.0
2016-01-04,11.0
2016-01-05,11.0
2016-01-06,12.0
2016-01-07,14.0
2016-01-08,18.0
2016-01-09,18.0
2016-01-10,15.0
2016-01-11,11.0
2016-01-12,11.0
2016-01-13,12.0
2016-01-14,11.0
2016-01-15,8.0
2016-01-16,12.0
2016-01-17,17.0
2016-01-18,24.0
2016-01-19,24.0
2016-01-20,23.0
2016-01-21,25.0
2016-01-22,25.0
2016-01-23,22.0
2016-01-24,19.0
2016-01-25,16.0
2016-01-26,18.0
2016-01-27,19.0
2016-01-28,17.0
2016-01-29,18.0
2016-01-30,16.0
2016-01-31,13.0
2016-02-01,8.0
2016-02-02,5.0
2016-02-03,5.0
2016-02-04,4.0
2016-02-05,4.0
2016-02-06,5.0
2016-02-07,6.0
2016-02-08,7.0
2016-02-09,7.0
2016-02-10,5.0
2016-02-11,5.0
2016-02-12,3.0
2016-02-13,2.0
2016-02-14,1.0
2016-02-15,1.0
2016-02-16,1.0
2016-02-17,2.0
2016-02-18,3.0
2016-02-19,5.0
2016-02-20,5.0
2016-02-21,6.0
2016-02-22,7.0
2016-02-23,7.0
2016-02-24,6.0
2016-02-25,7.0
2016-02-26,6.0
2016-02-27,6.0
2016-02-28,7.0
2016-02-29,9.0
2016-03-01,11.0
2016-03-02,11.0
2016-03-03,9.0
2016-03-04,10.0
2016-03-05,10.0
2016-03-06,8.0
2016-03-07,5.0
2016-03-08,4.0
2016-03-09,5.0
2016-03-10,6.0
2016-03-11,7.0
2016-03-12,7.0
2016-03-13,11.0
2016-03-14,14.0
2016-03-15,17.0
2016-03-16,16.0
2016-03-17,18.0
2016-03-18,17.0
2016-03-19,18.0
2016-03-20,17.0
2016-03-21,16.0
2016-03-22,15.0
2016-03-23,18.0
2016-03-24,16.0
2016-03-25,15.0
2016-03-26,16.0
2016-03-27,18.0
2016-03-28,21.0
2016-03-29,21.0
2016-03-30,18.0
2016-03-31,20.0
2016-04-01,22.0
2016-04-02,22.0
2016-04-03,21.0
2016-04-04,19.0
2016-04-05,17.0
2016-04-06,17.0
2016-04-07,14.0
2016-04-08,13.0
2016-04-09,12.0
2016-04-10,9.0
2016-04-11,6.0
2016-04-12,5.0
2016-04-13,10.0
2016-04-14,11.0
2016-04-15,12.0
2016-04-16,12.0
2016-04-17,13.0
2016-04-18,14.0
2016-04-19,16.0
2016-04-20,12.0
2016-04-21,12.0
2016-04-22,9.0
2016-04-23,8.0
2016-04-24,6.0
2016-04-25,4.0
2016-04-26,2.0
2016-04-27,3.0
2016-04-28,2.0
2016-04-29,2.0
2016-04-30,3.0
2016-05-01,4.0
2016-05-02,5.0
2016-05-03,5.0
2016-05-04,5.0
2016-05-05,6.0
2016-05-06,7.0
2016-05-07,7.0
2016-05-08,7.0
2016-05-09,7.0
2016-05-10,9.0
2016-05-11,8.0
2016-05-12,10.0
2016-05-13,9.0
2016-05-14,9.0
2016-05-15,9.0
2016-05-16,9.0
2016-05-17,10.0
2016-05-18,11.0
2016-05-19,9.0
2016-05-20,9.0
2016-05-21,9.0
2016-05-22,10.0
2016-05-23,11.0
2016-05-24,8.0
2016-05-25,7.0
2016-05-26,6.0
2016-05-27,7.0
2016-05-28,7.0
2016-05-29,7.0
2016-05-30,10.0
2016-05-31,12.0
2016-06-01,11.0
2016-06-02,12.0
2016-06-03,12.0
2016-06-04,11.0
2016-06-05,9.0
2016-06-06,5.0
2016-06-07,3.0
2016-06-08,4.0
2016-06-09,4.0
2016-06-10,3.0
2016-06-11,3.0
2016-06-12,3.0
2016-06-13,4.0
2016-06-14,7.0
2016-06-15,7.0
2016-06-16,8.0
2016-06-17,12.0
2016-06-18,12.0
2016-06-19,13.0
2016-06-20,14.0
2016-06-21,13.0
2016-06-22,14.0
2016-06-23,14.0
2016-06-24,11.0
2016-06-25,13.0
2016-06-26,21.0
2016-06-27,28.0
2016-06-28,27.0
2016-06-29,26.0
2016-06-30,27.0
2016-07-01,26.0
2016-07-02,24.0
2016-07-03,15.0
2016-07-04,5.0
2016-07-05,5.0
2016-07-06,6.0
2016-07-07,4.0
2016-07-08,7.0
2016-07-09,10.0
2016-07-10,14.0
2016-07-11,18.0
2016-07-12,19.0
2016-07-13,18.0
2016-07-14,17.0
2016-07-15,16.0
2016-07-16,16.0
2016-07-17,18.0
2016-07-18,20.0
2016-07-19,21.0
2016-07-20,22.0
2016-07-21,24.0
2016-07-22,23.0
2016-07-23,24.0
2016-07-24,23.0
2016-07-25,22.0
2016-07-26,19.0
2016-07-27,20.0
2016-07-28,19.0
2016-07-29,18.0
2016-07-30,16.0
2016-07-31,13.0
2016-08-01,10.0
2016-08-02,10.0
2016-08-03,7.0
2016-08-04,6.0
2016-08-05,8.0
2016-08-06,7.0
2016-08-07,7.0
2016-08-08,7.0
2016-08-09,7.0
2016-08-10,7.0
2016-08-11,8.0
2016-08-12,7.0
2016-08-13,7.0
2016-08-14,6.0
2016-08-15,5.0
2016-08-16,6.0
2016-08-17,7.0
2016-08-18,10.0
2016-08-19,9.0
2016-08-20,10.0
2016-08-21,13.0
2016-08-22,16.0
2016-08-23,15.0
2016-08-24,14.0
2016-08-25,11.0
2016-08-26,12.0
2016-08-27,10.0
2016-08-28,6.0
2016-08-29,2.0
2016-08-30,2.0
2016-08-31,5.0
2016-09-01,5.0
2016-09-02,6.0
2016-09-03,6.0
2016-09-04,6.0
2016-09-05,6.0
2016-09-06,6.0
2016-09-07,3.0
2016-09-08,4.0
2016-09-09,2.0
2016-09-10,2.0
2016-09-11,2.0
2016-09-12,2.0
2016-09-13,2.0
2016-09-14,2.0
2016-09-15,0.0
2016-09-16,0.0
2016-09-17,0.0
2016-09-18,0.0
2016-09-19,0.0
2016-09-20,0.0
2016-09-21,1.0
2016-09-22,1.0
2016-09-23,2.0
2016-09-24,2.0
2016-09-25,2.0
2016-09-26,2.0
2016-09-27,2.0
2016-09-28,1.0
2016-09-29,1.0
2016-09-30,0.0
2016-10-01,0.0
2016-10-02,0.0
2016-10-03,0.0
2016-10-04,0.0
2016-10-05,0.0
2016-10-06,0.0
2016-10-07,0.0
2016-10-08,0.0
2016-10-09,0.0
2016-10-10,0.0
2016-10-11,0.0
2016-10-12,0.0
2016-10-13,0.0
2016-10-14,1.0
2016-10-15,1.0
2016-10-16,1.0
2016-10-17,1.0
2016-10-18,1.0
2016-10-19,1.0
2016-10-20,1.0
2016-10-21,0.0
2016-10-22,0.0
2016-10-23,0.0
2016-10-24,0.0
2016-10-25,0.0
2016-10-26,0.0
2016-10-27,0.0
2016-10-28,0.0
2016-10-29,0.0
2016-10-30,0.0
2016-10-31,0.0
2016-11-01,0.0
2016-11-02,0.0
2016-11-03,0.0
2016-11-04,0.0
2016-11-05,0.0
2016-11-06,0.0
2016-11-07,0.0
2016-11-08,0.0
2016-11-09,0.0
2016-11-10,0.0
2016-11-11,0.0
2016-11-12,0.0
2016-11-13,0.0
2016-11-14,0.0
2016-11-15,0.0
2016-11-16,0.0
2016-11-17,0.0
2016-11-18,0.0
2016-11-19,0.0
2016-11-20,0.0
2016-11-21,0.0
2016-11-22,0.0
2016-11-23,0.0
2016-11-24,0.0
2016-11-25,0.0
2016-11-26,3.0
2016-11-27,8.0
2016-11-28,13.0
2016-11-29,13.0
2016-11-30,13.0
2016-12-01,13.0
2016-12-02,13.0
2016-12-03,10.0
2016-12-04,5.0
2016-12-05,0.0
2016-12-06,2.0
2016-12-07,2.0
2016-12-08,2.0
2016-12-09,2.0
2016-12-10,2.0
2016-12-11,2.0
2016-12-12,3.0
2016-12-13,1.0
2016-12-14,1.0
2016-12-15,1.0
2016-12-16,1.0
2016-12-17,1.0
2016-12-18,1.0
2016-12-19,0.0
2016-12-20,0.0
2016-12-21,0.0
2016-12-22,0.0
2016-12-23,0.0
2016-12-24,0.0
2016-12-25,0.0
2016-12-26,0.0
2016-12-27,0.0
2016-12-28,0.0
2016-12-29,0.0
2016-12-30,0.0
2016-12-31,0.0
2017-01-01,0.0
2017-01-02,0.0
2017-01-03,0.0
2017-01-04,0.0
2017-01-05,0.0
2017-01-06,0.0
2017-01-07,0.0
2017-01-08,0.0
2017-01-09,0.0
2017-01-10,0.0
2017-01-11,0.0
2017-01-12,1.0
2017-01-13,1.0
2017-01-14,1.0
2017-01-15,1.0
2017-01-16,1.0
2017-01-17,1.0
2017-01-18,1.0
2017-01-19,0.0
2017-01-20,0.0
2017-01-21,0.0
2017-01-22,1.0
2017-01-23,2.0
2017-01-24,2.0
2017-01-25,2.0
2017-01-26,2.0
2017-01-27,2.0
2017-01-28,2.0
2017-01-29,1.0
2017-01-30,0.0
2017-01-31,0.0
2017-02-01,0.0
2017-02-02,0.0
2017-02-03,0.0
2017-02-04,0.0
2017-02-05,0.0
2017-02-06,0.0
2017-02-07,0.0
2017-02-08,0.0
2017-02-09,0.0
2017-02-10,0.0
2017-02-11,0.0
2017-02-12,0.0
2017-02-13,0.0
2017-02-14,0.0
2017-02-15,0.0
2017-02-16,0.0
2017-02-17,0.0
2017-02-18,0.0
2017-02-19,4.0
2017-02-20,8.0
2017-02-21,8.0
2017-02-22,8.0
2017-02-23,10.0
2017-02-24,10.0
2017-02-25,10.0
2017-02-26,6.0
2017-02-27,3.0
2017-02-28,4.0
2017-03-01,4.0
2017-03-02,4.0
2017-03-03,5.0
2017-03-04,5.0
2017-03-05,5.0
2017-03-06,4.0
2017-03-07,3.0
2017-03-08,3.0
2017-03-09,1.0
2017-03-10,0.0
2017-03-11,0.0
2017-03-12,0.0
2017-03-13,0.0
2017-03-14,0.0
2017-03-15,0.0
2017-03-16,0.0
2017-03-17,1.0
2017-03-18,1.0
2017-03-19,3.0
2017-03-20,6.0
2017-03-21,6.0
2017-03-22,6.0
2017-03-23,6.0
2017-03-24,5.0
2017-03-25,5.0
2017-03-26,3.0
2017-03-27,0.0
2017-03-28,0.0
2017-03-29,1.0
2017-03-30,1.0
2017-03-31,1.0
2017-04-01,3.0
2017-04-02,5.0
2017-04-03,7.0
2017-04-04,7.0
2017-04-05,6.0
2017-04-06,6.0
2017-04-07,6.0
2017-04-08,4.0
2017-04-09,2.0
2017-04-10,1.0
2017-04-11,1.0
2017-04-12,3.0
2017-04-13,3.0
2017-04-14,3.0
2017-04-15,4.0
2017-04-16,5.0
2017-04-17,5.0
2017-04-18,5.0
2017-04-19,3.0
2017-04-20,4.0
2017-04-21,5.0
2017-04-22,6.0
2017-04-23,7.0
2017-04-24,8.0
2017-04-25,10.0
2017-04-26,10.0
2017-04-27,11.0
2017-04-28,11.0
2017-04-29,9.0
2017-04-30,7.0
2017-05-01,5.0
2017-05-02,3.0
2017-05-03,3.0
2017-05-04,1.0
2017-05-05,0.0
2017-05-06,0.0
2017-05-07,0.0
2017-05-08,0.0
2017-05-09,1.0
2017-05-10,1.0
2017-05-11,2.0
2017-05-12,2.0
2017-05-13,2.0
2017-05-14,2.0
2017-05-15,2.0
2017-05-16,1.0
2017-05-17,1.0
2017-05-18,0.0
2017-05-19,0.0
2017-05-20,1.0
2017-05-21,2.0
2017-05-22,3.0
2017-05-23,3.0
2017-05-24,3.0
2017-05-25,3.0
2017-05-26,3.0
2017-05-27,2.0
2017-05-28,1.0
2017-05-29,2.0
2017-05-30,2.0
2017-05-31,2.0
2017-06-01,2.0
2017-06-02,2.0
2017-06-03,2.0
2017-06-04,2.0
2017-06-05,0.0
2017-06-06,0.0
2017-06-07,0.0
2017-06-08,0.0
2017-06-09,0.0
2017-06-10,0.0
2017-06-11,0.0
2017-06-12,0.0
2017-06-13,0.0
2017-06-14,0.0
2017-06-15,0.0
2017-06-16,0.0
2017-06-17,0.0
2017-06-18,0.0
2017-06-19,0.0
2017-06-20,0.0
2017-06-21,0.0
2017-06-22,3.0
2017-06-23,3.0
2017-06-24,3.0
2017-06-25,3.0
2017-06-26,3.0
2017-06-27,3.0
2017-06-28,3.0
2017-06-29,0.0
2017-06-30,0.0
2017-07-01,0.0
2017-07-02,0.0
2017-07-03,1.0
2017-07-04,1.0
2017-07-05,1.0
2017-07-06,1.0
2017-07-07,1.0
2017-07-08,2.0
2017-07-09,3.0
2017-07-10,3.0
2017-07-11,3.0
2017-07-12,3.0
2017-07-13,3.0
2017-07-14,4.0
2017-07-15,3.0
2017-07-16,4.0
2017-07-17,8.0
2017-07-18,8.0
2017-07-19,9.0
2017-07-20,9.0
2017-07-21,9.0
2017-07-22,9.0
2017-07-23,7.0
2017-07-24,2.0
2017-07-25,3.0
2017-07-26,3.0
2017-07-27,3.0
2017-07-28,2.0
2017-07-29,2.0
2017-07-30,2.0
2017-07-31,2.0
2017-08-01,1.0
2017-08-02,0.0
2017-08-03,0.0
2017-08-04,0.0
2017-08-05,0.0
2017-08-06,0.0
2017-08-07,0.0
2017-08-08,0.0
2017-08-09,0.0
2017-08-10,0.0
2017-08-11,0.0
2017-08-12,0.0
2017-08-13,0.0
2017-08-14,0.0
2017-08-15,0.0
2017-08-16,1.0
2017-08-17,1.0
2017-08-18,1.0
2017-08-19,1.0
2017-08-20,2.0
2017-08-21,3.0
2017-08-22,3.0
2017-08-23,2.0
2017-08-24,3.0
2017-08-25,3.0
2017-08-26,3.0
2017-08-27,2.0
2017-08-28,1.0
2017-08-29,1.0
2017-08-30,1.0
2017-08-31,1.0
2017-09-01,1.0
2017-09-02,1.0
2017-09-03,1.0
2017-09-04,1.0
2017-09-05,1.0
2017-09-06,1.0
2017-09-07,0.0
2017-09-08,0.0
2017-09-09,0.0
2017-09-10,0.0
2017-09-11,0.0
2017-09-12,0.0
2017-09-13,2.0
2017-09-14,2.0
2017-09-15,2.0
2017-09-16,2.0
2017-09-17,2.0
2017-09-18,2.0
2017-09-19,2.0
2017-09-20,0.0
2017-09-21,0.0
2017-09-22,0.0
2017-09-23,0.0
2017-09-24,0.0
2017-09-25,0.0
2017-09-26,1.0
2017-09-27,1.0
2017-09-28,1.0
2017-09-29,1.0
2017-09-30,1.0
2017-10-01,1.0
2017-10-02,1.0
2017-10-03,0.0
2017-10-04,0.0
2017-10-05,0.0
2017-10-06,0.0
2017-10-07,0.0
2017-10-08,0.0
2017-10-09,0.0
2017-10-10,0.0
2017-10-11,0.0
2017-10-12,0.0
2017-10-13,0.0
2017-10-14,0.0
2017-10-15,0.0
2017-10-16,0.0
2017-10-17,0.0
2017-10-18,0.0
2017-10-19,0.0
2017-10-20,0.0
2017-10-21,0.0
2017-10-22,0.0
2017-10-23,0.0
2017-10-24,0.0
2017-10-25,0.0
2017-10-26,1.0
2017-10-27,1.0
2017-10-28,1.0
2017-10-29,1.0
2017-10-30,1.0
2017-10-31,1.0
2017-11-01,1.0
2017-11-02,1.0
2017-11-03,1.0
2017-11-04,1.0
2017-11-05,1.0
2017-11-06,1.0
2017-11-07,1.0
2017-11-08,2.0
2017-11-09,1.0
2017-11-10,1.0
2017-11-11,4.0
2017-11-12,7.0
2017-11-13,10.0
2017-11-14,10.0
2017-11-15,9.0
2017-11-16,9.0
2017-11-17,9.0
2017-11-18,6.0
2017-11-19,3.0
2017-11-20,0.0
2017-11-21,1.0
2017-11-22,2.0
2017-11-23,2.0
2017-11-24,2.0
2017-11-25,2.0
2017-11-26,2.0
2017-11-27,2.0
2017-11-28,1.0
2017-11-29,0.0
2017-11-30,0.0
2017-12-01,0.0
2017-12-02,0.0
2017-12-03,1.0
2017-12-04,2.0
2017-12-05,3.0
2017-12-06,3.0
2017-12-07,3.0
2017-12-08,3.0
2017-12-09,3.0
2017-12-10,2.0
2017-12-11,1.0
2017-12-12,0.0
2017-12-13,0.0
2017-12-14,0.0
2017-12-15,0.0
2017-12-16,0.0
2017-12-17,2.0
2017-12-18,4.0
2017-12-19,4.0
2017-12-20,4.0
2017-12-21,4.0
2017-12-22,4.0
2017-12-23,4.0
2017-12-24,2.0
2017-12-25,1.0
2017-12-26,1.0
2017-12-27,1.0
2017-12-28,1.0
2017-12-29,1.0
2017-12-30,1.0
2017-12-31,1.0
2018-01-01,0.0
2018-01-02,0.0
2018-01-03,0.0
2018-01-04,0.0
2018-01-05,0.0
2018-01-06,0.0
2018-01-07,0.0
2018-01-08,1.0
2018-01-09,1.0
2018-01-10,1.0
2018-01-11,1.0
2018-01-12,1.0
2018-01-13,2.0
2018-01-14,3.0
2018-01-15,3.0
2018-01-16,4.0
2018-01-17,4.0
2018-01-18,4.0
2018-01-19,4.0
2018-01-20,3.0
2018-01-21,2.0
2018-01-22,1.0
2018-01-23,0.0
2018-01-24,0.0
2018-01-25,0.0
2018-01-26,0.0
2018-01-27,0.0
2018-01-28,2.0
2018-01-29,4.0
2018-01-30,4.0
2018-01-31,4.0
2018-02-01,4.0
2018-02-02,4.0
2018-02-03,4.0
2018-02-04,2.0
2018-02-05,0.0
2018-02-06,0.0
2018-02-07,1.0
2018-02-08,1.0
2018-02-09,1.0
2018-02-10,2.0
2018-02-11,3.0
2018-02-12,4.0
2018-02-13,4.0
2018-02-14,3.0
2018-02-15,3.0
2018-02-16,3.0
2018-02-17,2.0
2018-02-18,2.0
2018-02-19,2.0
2018-02-20,2.0
2018-02-21,2.0
2018-02-22,2.0
2018-02-23,2.0
2018-02-24,6.0
2018-02-25,11.0
2018-02-26,16.0
2018-02-27,16.0
2018-02-28,16.0
2018-03-01,17.0
2018-03-02,17.0
2018-03-03,13.0
2018-03-04,7.0
2018-03-05,1.0
2018-03-06,1.0
2018-03-07,1.0
2018-03-08,0.0
2018-03-09,0.0
2018-03-10,1.0
2018-03-11,2.0
2018-03-12,3.0
2018-03-13,3.0
2018-03-14,4.0
2018-03-15,4.0
2018-03-16,4.0
2018-03-17,3.0
2018-03-18,2.0
2018-03-19,1.0
2018-03-20,1.0
2018-03-21,0.0
2018-03-22,0.0
2018-03-23,0.0
2018-03-24,0.0
2018-03-25,0.0
2018-03-26,1.0
2018-03-27,1.0
2018-03-28,1.0
2018-03-29,1.0
2018-03-30,1.0
2018-03-31,1.0
2018-04-01,2.0
2018-04-02,2.0
2018-04-03,2.0
2018-04-04,2.0
2018-04-05,2.0
2018-04-06,2.0
2018-04-07,2.0
2018-04-08,2.0
2018-04-09,2.0
2018-04-10,2.0
2018-04-11,3.0
2018-04-12,6.0
2018-04-13,6.0
2018-04-14,6.0
2018-04-15,5.0
2018-04-16,4.0
2018-04-17,5.0
2018-04-18,5.0
2018-04-19,2.0
2018-04-20,2.0
2018-04-21,3.0
2018-04-22,5.0
2018-04-23,7.0
2018-04-24,7.0
2018-04-25,6.0
2018-04-26,6.0
2018-04-27,6.0
2018-04-28,5.0
2018-04-29,5.0
2018-04-30,5.0
2018-05-01,4.0
2018-05-02,4.0
2018-05-03,5.0
2018-05-04,5.0
2018-05-05,5.0
2018-05-06,3.0
2018-05-07,1.0
2018-05-08,1.0
2018-05-09,1.0
2018-05-10,0.0
2018-05-11,0.0
2018-05-12,1.0
2018-05-13,5.0
2018-05-14,9.0
2018-05-15,9.0
2018-05-16,11.0
2018-05-17,11.0
2018-05-18,12.0
2018-05-19,11.0
2018-05-20,9.0
2018-05-21,7.0
2018-05-22,7.0
2018-05-23,5.0
2018-05-24,5.0
2018-05-25,5.0
2018-05-26,5.0
2018-05-27,3.0
2018-05-28,1.0
2018-05-29,1.0
2018-05-30,1.0
2018-05-31,1.0
2018-06-01,0.0
2018-06-02,1.0
2018-06-03,2.0
2018-06-04,4.0
2018-06-05,4.0
2018-06-06,4.0
2018-06-07,4.0
2018-06-08,4.0
2018-06-09,3.0
2018-06-10,2.0
2018-06-11,0.0
2018-06-12,0.0
2018-06-13,1.0
2018-06-14,1.0
2018-06-15,1.0
2018-06-16,3.0
2018-06-17,5.0
2018-06-18,7.0
2018-06-19,8.0
2018-06-20,8.0
2018-06-21,8.0
2018-06-22,8.0
2018-06-23,6.0
2018-06-24,4.0
2018-06-25,3.0
2018-06-26,2.0
2018-06-27,1.0
2018-06-28,1.0
2018-06-29,2.0
2018-06-30,2.0
2018-07-01,2.0
2018-07-02,1.0
2018-07-03,1.0
2018-07-04,1.0
2018-07-05,1.0
2018-07-06,0.0
2018-07-07,0.0
2018-07-08,0.0
2018-07-09,1.0
2018-07-10,2.0
2018-07-11,2.0
2018-07-12,2.0
2018-07-13,3.0
2018-07-14,3.0
2018-07-15,3.0
2018-07-16,2.0
2018-07-17,1.0
2018-07-18,3.0
2018-07-19,3.0
2018-07-20,2.0
2018-07-21,2.0
2018-07-22,2.0
2018-07-23,2.0
2018-07-24,2.0
2018-07-25,0.0
2018-07-26,1.0
2018-07-27,1.0
2018-07-28,1.0
2018-07-29,1.0
2018-07-30,1.0
2018-07-31,1.0
2018-08-01,1.0
2018-08-02,0.0
2018-08-03,0.0
2018-08-04,1.0
2018-08-05,3.0
2018-08-06,6.0
2018-08-07,6.0
2018-08-08,6.0
2018-08-09,6.0
2018-08-10,6.0
2018-08-11,5.0
2018-08-12,3.0
2018-08-13,0.0
2018-08-14,1.0
2018-08-15,1.0
2018-08-16,3.0
2018-08-17,3.0
2018-08-18,3.0
2018-08-19,3.0
2018-08-20,3.0
2018-08-21,2.0
2018-08-22,3.0
2018-08-23,2.0
2018-08-24,2.0
2018-08-25,3.0
2018-08-26,4.0
2018-08-27,5.0
2018-08-28,6.0
2018-08-29,5.0
2018-08-30,4.0
2018-08-31,4.0
2018-09-01,3.0
2018-09-02,2.0
2018-09-03,1.0
2018-09-04,0.0
2018-09-05,0.0
2018-09-06,0.0
2018-09-07,1.0
2018-09-08,1.0
2018-09-09,1.0
2018-09-10,1.0
2018-09-11,1.0
2018-09-12,1.0
2018-09-13,1.0
2018-09-14,0.0
2018-09-15,0.0
2018-09-16,0.0
2018-09-17,0.0
2018-09-18,0.0
2018-09-19,0.0
2018-09-20,0.0
2018-09-21,1.0
2018-09-22,1.0
2018-09-23,1.0
2018-09-24,1.0
2018-09-25,1.0
2018-09-26,1.0
2018-09-27,1.0
2018-09-28,0.0
2018-09-29,0.0
2018-09-30,0.0
2018-10-01,0.0
2018-10-02,0.0
2018-10-03,0.0
2018-10-04,0.0
2018-10-05,0.0
2018-10-06,0.0
2018-10-07,0.0
2018-10-08,0.0
2018-10-09,0.0
2018-10-10,0.0
2018-10-11,1.0
2018-10-12,1.0
2018-10-13,1.0
2018-10-14,1.0
2018-10-15,1.0
2018-10-16,1.0
2018-10-17,1.0
2018-10-18,0.0
2018-10-19,0.0
2018-10-20,0.0
2018-10-21,1.0
2018-10-22,2.0
2018-10-23,5.0
2018-10-24,5.0
2018-10-25,5.0
2018-10-26,5.0
2018-10-27,5.0
2018-10-28,4.0
2018-10-29,3.0
2018-10-30,0.0
2018-10-31,1.0
2018-11-01,1.0
2018-11-02,1.0
2018-11-03,1.0
2018-11-04,1.0
2018-11-05,1.0
2018-11-06,2.0
2018-11-07,4.0
2018-11-08,6.0
2018-11-09,7.0
2018-11-10,7.0
2018-11-11,7.0
2018-11-12,7.0
2018-11-13,6.0
2018-11-14,3.0
2018-11-15,1.0
2018-11-16,0.0
2018-11-17,0.0
2018-11-18,0.0
2018-11-19,0.0
2018-11-20,0.0
2018-11-21,1.0
2018-11-22,1.0
2018-11-23,2.0
2018-11-24,2.0
2018-11-25,2.0
2018-11-26,3.0
2018-11-27,3.0
2018-11-28,2.0
2018-11-29,2.0
2018-11-30,1.0
2018-12-01,3.0
2018-12-02,5.0
2018-12-03,6.0
2018-12-04,6.0
2018-12-05,6.0
2018-12-06,6.0
2018-12-07,6.0
2018-12-08,4.0
2018-12-09,3.0
2018-12-10,2.0
2018-12-11,2.0
2018-12-12,2.0
2018-12-13,2.0
2018-12-14,2.0
2018-12-15,2.0
2018-12-16,1.0
2018-12-17,0.0
2018-12-18,0.0
2018-12-19,0.0
2018-12-20,0.0
2018-12-21,1.0
2018-12-22,1.0
2018-12-23,1.0
2018-12-24,1.0
2018-12-25,1.0
2018-12-26,1.0
2018-12-27,1.0
2018-12-28,0.0
2018-12-29,0.0
2018-12-30,0.0
2018-12-31,0.0
2019-01-01,0.0
2019-01-02,0.0
2019-01-03,0.0
2019-01-04,0.0
2019-01-05,0.0
2019-01-06,0.0
2019-01-07,0.0
2019-01-08,0.0
2019-01-09,0.0
2019-01-10,0.0
2019-01-11,0.0
2019-01-12,0.0
2019-01-13,0.0
2019-01-14,0.0
2019-01-15,0.0
2019-01-16,0.0
2019-01-17,0.0
2019-01-18,0.0
2019-01-19,0.0
2019-01-20,0.0
2019-01-21,0.0
2019-01-22,0.0
2019-01-23,0.0
2019-01-24,2.0
2019-01-25,2.0
2019-01-26,2.0
2019-01-27,2.0
2019-01-28,2.0
2019-01-29,2.0
2019-01-30,2.0
2019-01-31,0.0
2019-02-01,0.0
2019-02-15,1.0
2019-02-24,3.0
2019-02-25,7.0
2019-02-26,8.0
2019-02-28,11.0
2019-03-02,12.0
2019-03-03,14.0
