,news_cnt
2009-12-01,找到相关新闻0篇
2009-12-02,找到相关新闻0篇
2009-12-03,找到相关新闻0篇
2009-12-04,找到相关新闻0篇
2009-12-05,找到相关新闻0篇
2009-12-06,找到相关新闻0篇
2009-12-07,找到相关新闻0篇
2009-12-08,找到相关新闻0篇
2009-12-09,找到相关新闻0篇
2009-12-10,找到相关新闻0篇
2009-12-11,找到相关新闻0篇
2009-12-12,找到相关新闻0篇
2009-12-13,找到相关新闻0篇
2009-12-14,找到相关新闻1篇
2009-12-15,找到相关新闻1篇
2009-12-16,找到相关新闻1篇
2009-12-17,找到相关新闻1篇
2009-12-18,找到相关新闻1篇
2009-12-19,找到相关新闻1篇
2009-12-20,找到相关新闻1篇
2009-12-21,找到相关新闻1篇
2009-12-22,找到相关新闻1篇
2009-12-23,找到相关新闻1篇
2009-12-24,找到相关新闻1篇
2009-12-25,找到相关新闻1篇
2009-12-26,找到相关新闻1篇
2009-12-27,找到相关新闻1篇
2009-12-28,找到相关新闻1篇
2009-12-29,找到相关新闻1篇
2009-12-30,找到相关新闻1篇
2009-12-31,找到相关新闻2篇
2010-01-01,找到相关新闻1篇
2010-01-02,找到相关新闻1篇
2010-01-03,找到相关新闻1篇
2010-01-04,找到相关新闻1篇
2010-01-05,找到相关新闻1篇
2010-01-06,找到相关新闻1篇
2010-01-07,找到相关新闻2篇
2010-01-08,找到相关新闻3篇
2010-01-09,找到相关新闻5篇
2010-01-10,找到相关新闻5篇
2010-01-11,找到相关新闻8篇
2010-01-12,找到相关新闻9篇
2010-01-13,找到相关新闻9篇
2010-01-14,找到相关新闻9篇
2010-01-15,找到相关新闻10篇
2010-01-16,找到相关新闻10篇
2010-01-17,找到相关新闻7篇
2010-01-18,找到相关新闻7篇
2010-01-19,找到相关新闻6篇
2010-01-20,找到相关新闻6篇
2010-01-21,找到相关新闻6篇
2010-01-22,找到相关新闻4篇
2010-01-23,找到相关新闻3篇
2010-01-24,找到相关新闻3篇
2010-01-25,找到相关新闻6篇
2010-01-26,找到相关新闻6篇
2010-01-27,找到相关新闻6篇
2010-01-28,找到相关新闻5篇
2010-01-29,找到相关新闻9篇
2010-01-30,找到相关新闻8篇
2010-01-31,找到相关新闻2篇
2010-02-01,找到相关新闻9篇
2010-02-02,找到相关新闻9篇
2010-02-03,找到相关新闻9篇
2010-02-04,找到相关新闻8篇
2010-02-05,找到相关新闻8篇
2010-02-06,找到相关新闻8篇
2010-02-07,找到相关新闻9篇
2010-02-08,找到相关新闻8篇
2010-02-09,找到相关新闻8篇
2010-02-10,找到相关新闻7篇
2010-02-11,找到相关新闻7篇
2010-02-12,找到相关新闻1篇
2010-02-13,找到相关新闻0篇
2010-02-14,找到相关新闻2篇
2010-02-15,找到相关新闻2篇
2010-02-16,找到相关新闻0篇
2010-02-17,找到相关新闻0篇
2010-02-18,找到相关新闻0篇
2010-02-19,找到相关新闻0篇
2010-02-20,找到相关新闻0篇
2010-02-21,找到相关新闻0篇
2010-02-22,找到相关新闻0篇
2010-02-23,找到相关新闻0篇
2010-02-24,找到相关新闻4篇
2010-02-25,找到相关新闻3篇
2010-02-26,找到相关新闻3篇
2010-02-27,找到相关新闻3篇
2010-02-28,找到相关新闻3篇
2010-03-01,找到相关新闻3篇
2010-03-02,找到相关新闻3篇
2010-03-03,找到相关新闻4篇
2010-03-04,找到相关新闻5篇
2010-03-05,找到相关新闻5篇
2010-03-06,找到相关新闻5篇
2010-03-07,找到相关新闻4篇
2010-03-08,找到相关新闻3篇
2010-03-09,找到相关新闻4篇
2010-03-10,找到相关新闻3篇
2010-03-11,找到相关新闻4篇
2010-03-12,找到相关新闻4篇
2010-03-13,找到相关新闻4篇
2010-03-14,找到相关新闻4篇
2010-03-15,找到相关新闻2篇
2010-03-16,找到相关新闻2篇
2010-03-17,找到相关新闻2篇
2010-03-18,找到相关新闻2篇
2010-03-19,找到相关新闻2篇
2010-03-20,找到相关新闻4篇
2010-03-21,找到相关新闻4篇
2010-03-22,找到相关新闻4篇
2010-03-23,找到相关新闻3篇
2010-03-24,找到相关新闻3篇
2010-03-25,找到相关新闻2篇
2010-03-26,找到相关新闻3篇
2010-03-27,找到相关新闻3篇
2010-03-28,找到相关新闻4篇
2010-03-29,找到相关新闻7篇
2010-03-30,找到相关新闻8篇
2010-03-31,找到相关新闻9篇
2010-04-01,找到相关新闻8篇
2010-04-02,找到相关新闻8篇
2010-04-03,找到相关新闻7篇
2010-04-04,找到相关新闻7篇
2010-04-05,找到相关新闻7篇
2010-04-06,找到相关新闻7篇
2010-04-07,找到相关新闻7篇
2010-04-08,找到相关新闻7篇
2010-04-09,找到相关新闻6篇
2010-04-10,找到相关新闻7篇
2010-04-11,找到相关新闻5篇
2010-04-12,找到相关新闻4篇
2010-04-13,找到相关新闻3篇
2010-04-14,找到相关新闻2篇
2010-04-15,找到相关新闻2篇
2010-04-16,找到相关新闻0篇
2010-04-17,找到相关新闻2篇
2010-04-18,找到相关新闻2篇
2010-04-19,找到相关新闻2篇
2010-04-20,找到相关新闻2篇
2010-04-21,找到相关新闻2篇
2010-04-22,找到相关新闻2篇
2010-04-23,找到相关新闻1篇
2010-04-24,找到相关新闻2篇
2010-04-25,找到相关新闻2篇
2010-04-26,找到相关新闻2篇
2010-04-27,找到相关新闻2篇
2010-04-28,找到相关新闻2篇
2010-04-29,找到相关新闻2篇
2010-04-30,找到相关新闻2篇
2010-05-01,找到相关新闻2篇
2010-05-02,找到相关新闻2篇
2010-05-03,找到相关新闻2篇
2010-05-04,找到相关新闻2篇
2010-05-05,找到相关新闻2篇
2010-05-06,找到相关新闻1篇
2010-05-07,找到相关新闻0篇
2010-05-08,找到相关新闻0篇
2010-05-09,找到相关新闻0篇
2010-05-10,找到相关新闻1篇
2010-05-11,找到相关新闻1篇
2010-05-12,找到相关新闻1篇
2010-05-13,找到相关新闻2篇
2010-05-14,找到相关新闻3篇
2010-05-15,找到相关新闻3篇
2010-05-16,找到相关新闻3篇
2010-05-17,找到相关新闻3篇
2010-05-18,找到相关新闻3篇
2010-05-19,找到相关新闻3篇
2010-05-20,找到相关新闻3篇
2010-05-21,找到相关新闻3篇
2010-05-22,找到相关新闻3篇
2010-05-23,找到相关新闻2篇
2010-05-24,找到相关新闻2篇
2010-05-25,找到相关新闻2篇
2010-05-26,找到相关新闻3篇
2010-05-27,找到相关新闻5篇
2010-05-28,找到相关新闻4篇
2010-05-29,找到相关新闻4篇
2010-05-30,找到相关新闻4篇
2010-05-31,找到相关新闻5篇
2010-06-01,找到相关新闻4篇
2010-06-02,找到相关新闻3篇
2010-06-03,找到相关新闻3篇
2010-06-04,找到相关新闻4篇
2010-06-05,找到相关新闻4篇
2010-06-06,找到相关新闻4篇
2010-06-07,找到相关新闻3篇
2010-06-08,找到相关新闻3篇
2010-06-09,找到相关新闻2篇
2010-06-10,找到相关新闻1篇
2010-06-11,找到相关新闻1篇
2010-06-12,找到相关新闻1篇
2010-06-13,找到相关新闻1篇
2010-06-14,找到相关新闻1篇
2010-06-15,找到相关新闻1篇
2010-06-16,找到相关新闻2篇
2010-06-17,找到相关新闻1篇
2010-06-18,找到相关新闻0篇
2010-06-19,找到相关新闻0篇
2010-06-20,找到相关新闻0篇
2010-06-21,找到相关新闻0篇
2010-06-22,找到相关新闻1篇
2010-06-23,找到相关新闻1篇
2010-06-24,找到相关新闻2篇
2010-06-25,找到相关新闻2篇
2010-06-26,找到相关新闻2篇
2010-06-27,找到相关新闻2篇
2010-06-28,找到相关新闻2篇
2010-06-29,找到相关新闻1篇
2010-06-30,找到相关新闻1篇
2010-07-01,找到相关新闻1篇
2010-07-02,找到相关新闻1篇
2010-07-03,找到相关新闻1篇
2010-07-04,找到相关新闻1篇
2010-07-05,找到相关新闻1篇
2010-07-06,找到相关新闻0篇
2010-07-07,找到相关新闻3篇
2010-07-08,找到相关新闻3篇
2010-07-09,找到相关新闻2篇
2010-07-10,找到相关新闻2篇
2010-07-11,找到相关新闻2篇
2010-07-12,找到相关新闻2篇
2010-07-13,找到相关新闻1篇
2010-07-14,找到相关新闻1篇
2010-07-15,找到相关新闻1篇
2010-07-16,找到相关新闻1篇
2010-07-17,找到相关新闻3篇
2010-07-18,找到相关新闻3篇
2010-07-19,找到相关新闻3篇
2010-07-20,找到相关新闻4篇
2010-07-21,找到相关新闻2篇
2010-07-22,找到相关新闻1篇
2010-07-23,找到相关新闻1篇
2010-07-24,找到相关新闻1篇
2010-07-25,找到相关新闻1篇
2010-07-26,找到相关新闻1篇
2010-07-27,找到相关新闻1篇
2010-07-28,找到相关新闻1篇
2010-07-29,找到相关新闻1篇
2010-07-30,找到相关新闻5篇
2010-07-31,找到相关新闻3篇
2010-08-01,找到相关新闻3篇
2010-08-02,找到相关新闻3篇
2010-08-03,找到相关新闻2篇
2010-08-04,找到相关新闻1篇
2010-08-05,找到相关新闻0篇
2010-08-06,找到相关新闻0篇
2010-08-07,找到相关新闻1篇
2010-08-08,找到相关新闻1篇
2010-08-09,找到相关新闻1篇
2010-08-10,找到相关新闻1篇
2010-08-11,找到相关新闻1篇
2010-08-12,找到相关新闻1篇
2010-08-13,找到相关新闻1篇
2010-08-14,找到相关新闻1篇
2010-08-15,找到相关新闻1篇
2010-08-16,找到相关新闻1篇
2010-08-17,找到相关新闻1篇
2010-08-18,找到相关新闻1篇
2010-08-19,找到相关新闻1篇
2010-08-20,找到相关新闻1篇
2010-08-21,找到相关新闻0篇
2010-08-22,找到相关新闻0篇
2010-08-23,找到相关新闻0篇
2010-08-24,找到相关新闻1篇
2010-08-25,找到相关新闻1篇
2010-08-26,找到相关新闻1篇
2010-08-27,找到相关新闻1篇
2010-08-28,找到相关新闻1篇
2010-08-29,找到相关新闻1篇
2010-08-30,找到相关新闻1篇
2010-08-31,找到相关新闻1篇
2010-09-01,找到相关新闻2篇
2010-09-02,找到相关新闻2篇
2010-09-03,找到相关新闻2篇
2010-09-04,找到相关新闻2篇
2010-09-05,找到相关新闻2篇
2010-09-06,找到相关新闻2篇
2010-09-07,找到相关新闻3篇
2010-09-08,找到相关新闻4篇
2010-09-09,找到相关新闻5篇
2010-09-10,找到相关新闻4篇
2010-09-11,找到相关新闻4篇
2010-09-12,找到相关新闻4篇
2010-09-13,找到相关新闻4篇
2010-09-14,找到相关新闻4篇
2010-09-15,找到相关新闻6篇
2010-09-16,找到相关新闻4篇
2010-09-17,找到相关新闻4篇
2010-09-18,找到相关新闻5篇
2010-09-19,找到相关新闻5篇
2010-09-20,找到相关新闻5篇
2010-09-21,找到相关新闻7篇
2010-09-22,找到相关新闻6篇
2010-09-23,找到相关新闻5篇
2010-09-24,找到相关新闻0篇
2010-09-25,找到相关新闻0篇
2010-09-26,找到相关新闻0篇
2010-09-27,找到相关新闻3篇
2010-09-28,找到相关新闻4篇
2010-09-29,找到相关新闻4篇
2010-09-30,找到相关新闻3篇
2010-10-01,找到相关新闻2篇
2010-10-02,找到相关新闻1篇
2010-10-03,找到相关新闻2篇
2010-10-04,找到相关新闻2篇
2010-10-05,找到相关新闻2篇
2010-10-06,找到相关新闻1篇
2010-10-07,找到相关新闻1篇
2010-10-08,找到相关新闻1篇
2010-10-09,找到相关新闻1篇
2010-10-10,找到相关新闻1篇
2010-10-11,找到相关新闻3篇
2010-10-12,找到相关新闻1篇
2010-10-13,找到相关新闻1篇
2010-10-14,找到相关新闻1篇
2010-10-15,找到相关新闻0篇
2010-10-16,找到相关新闻1篇
2010-10-17,找到相关新闻3篇
2010-10-18,找到相关新闻3篇
2010-10-19,找到相关新闻3篇
2010-10-20,找到相关新闻4篇
2010-10-21,找到相关新闻5篇
2010-10-22,找到相关新闻5篇
2010-10-23,找到相关新闻5篇
2010-10-24,找到相关新闻5篇
2010-10-25,找到相关新闻5篇
2010-10-26,找到相关新闻4篇
2010-10-27,找到相关新闻4篇
2010-10-28,找到相关新闻4篇
2010-10-29,找到相关新闻3篇
2010-10-30,找到相关新闻4篇
2010-10-31,找到相关新闻4篇
2010-11-01,找到相关新闻4篇
2010-11-02,找到相关新闻4篇
2010-11-03,找到相关新闻7篇
2010-11-04,找到相关新闻7篇
2010-11-05,找到相关新闻8篇
2010-11-06,找到相关新闻8篇
2010-11-07,找到相关新闻8篇
2010-11-08,找到相关新闻7篇
2010-11-09,找到相关新闻9篇
2010-11-10,找到相关新闻9篇
2010-11-11,找到相关新闻8篇
2010-11-12,找到相关新闻6篇
2010-11-13,找到相关新闻3篇
2010-11-14,找到相关新闻3篇
2010-11-15,找到相关新闻3篇
2010-11-16,找到相关新闻3篇
2010-11-17,找到相关新闻2篇
2010-11-18,找到相关新闻3篇
2010-11-19,找到相关新闻2篇
2010-11-20,找到相关新闻2篇
2010-11-21,找到相关新闻2篇
2010-11-22,找到相关新闻2篇
2010-11-23,找到相关新闻2篇
2010-11-24,找到相关新闻2篇
2010-11-25,找到相关新闻2篇
2010-11-26,找到相关新闻2篇
2010-11-27,找到相关新闻2篇
2010-11-28,找到相关新闻2篇
2010-11-29,找到相关新闻1篇
2010-11-30,找到相关新闻1篇
2010-12-01,找到相关新闻5篇
2010-12-02,找到相关新闻6篇
2010-12-03,找到相关新闻6篇
2010-12-04,找到相关新闻7篇
2010-12-05,找到相关新闻3篇
2010-12-06,找到相关新闻3篇
2010-12-07,找到相关新闻3篇
2010-12-08,找到相关新闻4篇
2010-12-09,找到相关新闻10篇
2010-12-10,找到相关新闻9篇
2010-12-11,找到相关新闻3篇
2010-12-12,找到相关新闻3篇
2010-12-13,找到相关新闻3篇
2010-12-14,找到相关新闻3篇
2010-12-15,找到相关新闻7篇
2010-12-16,找到相关新闻5篇
2010-12-17,找到相关新闻7篇
2010-12-18,找到相关新闻8篇
2010-12-19,找到相关新闻10篇
2010-12-20,找到相关新闻10篇
2010-12-21,找到相关新闻10篇
2010-12-22,找到相关新闻8篇
2010-12-23,找到相关新闻7篇
2010-12-24,找到相关新闻7篇
2010-12-25,找到相关新闻7篇
2010-12-26,找到相关新闻7篇
2010-12-27,找到相关新闻7篇
2010-12-28,找到相关新闻8篇
2010-12-29,找到相关新闻8篇
2010-12-30,找到相关新闻9篇
2010-12-31,找到相关新闻8篇
2011-01-01,找到相关新闻7篇
2011-01-02,找到相关新闻7篇
2011-01-03,找到相关新闻5篇
2011-01-04,找到相关新闻5篇
2011-01-05,找到相关新闻2篇
2011-01-06,找到相关新闻2篇
2011-01-07,找到相关新闻9篇
2011-01-08,找到相关新闻10篇
2011-01-09,找到相关新闻9篇
2011-01-10,找到相关新闻9篇
2011-01-11,找到相关新闻8篇
2011-01-12,找到相关新闻9篇
2011-01-13,找到相关新闻9篇
2011-01-14,找到相关新闻6篇
2011-01-15,找到相关新闻6篇
2011-01-16,找到相关新闻6篇
2011-01-17,找到相关新闻6篇
2011-01-18,找到相关新闻6篇
2011-01-19,找到相关新闻4篇
2011-01-20,找到相关新闻6篇
2011-01-21,找到相关新闻7篇
2011-01-22,找到相关新闻7篇
2011-01-23,找到相关新闻7篇
2011-01-24,找到相关新闻7篇
2011-01-25,找到相关新闻6篇
2011-01-26,找到相关新闻6篇
2011-01-27,找到相关新闻5篇
2011-01-28,找到相关新闻5篇
2011-01-29,找到相关新闻5篇
2011-01-30,找到相关新闻5篇
2011-01-31,找到相关新闻4篇
2011-02-01,找到相关新闻4篇
2011-02-02,找到相关新闻2篇
2011-02-03,找到相关新闻1篇
2011-02-04,找到相关新闻1篇
2011-02-05,找到相关新闻1篇
2011-02-06,找到相关新闻1篇
2011-02-07,找到相关新闻1篇
2011-02-08,找到相关新闻1篇
2011-02-09,找到相关新闻0篇
2011-02-10,找到相关新闻0篇
2011-02-11,找到相关新闻0篇
2011-02-12,找到相关新闻0篇
2011-02-13,找到相关新闻1篇
2011-02-14,找到相关新闻1篇
2011-02-15,找到相关新闻1篇
2011-02-16,找到相关新闻1篇
2011-02-17,找到相关新闻1篇
2011-02-18,找到相关新闻1篇
2011-02-19,找到相关新闻1篇
2011-02-20,找到相关新闻1篇
2011-02-21,找到相关新闻1篇
2011-02-22,找到相关新闻1篇
2011-02-23,找到相关新闻1篇
2011-02-24,找到相关新闻1篇
2011-02-25,找到相关新闻1篇
2011-02-26,找到相关新闻1篇
2011-02-27,找到相关新闻1篇
2011-02-28,找到相关新闻1篇
2011-03-01,找到相关新闻0篇
2011-03-02,找到相关新闻0篇
2011-03-03,找到相关新闻0篇
2011-03-04,找到相关新闻1篇
2011-03-05,找到相关新闻1篇
2011-03-06,找到相关新闻0篇
2011-03-07,找到相关新闻0篇
2011-03-08,找到相关新闻0篇
2011-03-09,找到相关新闻0篇
2011-03-10,找到相关新闻0篇
2011-03-11,找到相关新闻0篇
2011-03-12,找到相关新闻1篇
2011-03-13,找到相关新闻1篇
2011-03-14,找到相关新闻3篇
2011-03-15,找到相关新闻3篇
2011-03-16,找到相关新闻3篇
2011-03-17,找到相关新闻4篇
2011-03-18,找到相关新闻4篇
2011-03-19,找到相关新闻4篇
2011-03-20,找到相关新闻6篇
2011-03-21,找到相关新闻6篇
2011-03-22,找到相关新闻5篇
2011-03-23,找到相关新闻6篇
2011-03-24,找到相关新闻6篇
2011-03-25,找到相关新闻5篇
2011-03-26,找到相关新闻4篇
2011-03-27,找到相关新闻4篇
2011-03-28,找到相关新闻3篇
2011-03-29,找到相关新闻2篇
2011-03-30,找到相关新闻2篇
2011-03-31,找到相关新闻0篇
2011-04-01,找到相关新闻0篇
2011-04-02,找到相关新闻0篇
2011-04-03,找到相关新闻0篇
2011-04-04,找到相关新闻0篇
2011-04-05,找到相关新闻0篇
2011-04-06,找到相关新闻0篇
2011-04-07,找到相关新闻1篇
2011-04-08,找到相关新闻1篇
2011-04-09,找到相关新闻1篇
2011-04-10,找到相关新闻1篇
2011-04-11,找到相关新闻0篇
2011-04-12,找到相关新闻0篇
2011-04-13,找到相关新闻0篇
2011-04-14,找到相关新闻0篇
2011-04-15,找到相关新闻0篇
2011-04-16,找到相关新闻0篇
2011-04-17,找到相关新闻0篇
2011-04-18,找到相关新闻0篇
2011-04-19,找到相关新闻0篇
2011-04-20,找到相关新闻0篇
2011-04-21,找到相关新闻0篇
2011-04-22,找到相关新闻0篇
2011-04-23,找到相关新闻0篇
2011-04-24,找到相关新闻0篇
2011-04-25,找到相关新闻0篇
2011-04-26,找到相关新闻1篇
2011-04-27,找到相关新闻1篇
2011-04-28,找到相关新闻1篇
2011-04-29,找到相关新闻2篇
2011-04-30,找到相关新闻2篇
2011-05-01,找到相关新闻2篇
2011-05-02,找到相关新闻2篇
2011-05-03,找到相关新闻2篇
2011-05-04,找到相关新闻2篇
2011-05-05,找到相关新闻2篇
2011-05-06,找到相关新闻2篇
2011-05-07,找到相关新闻2篇
2011-05-08,找到相关新闻2篇
2011-05-09,找到相关新闻2篇
2011-05-10,找到相关新闻2篇
2011-05-11,找到相关新闻2篇
2011-05-12,找到相关新闻3篇
2011-05-13,找到相关新闻2篇
2011-05-14,找到相关新闻2篇
2011-05-15,找到相关新闻2篇
2011-05-16,找到相关新闻1篇
2011-05-17,找到相关新闻1篇
2011-05-18,找到相关新闻2篇
2011-05-19,找到相关新闻2篇
2011-05-20,找到相关新闻3篇
2011-05-21,找到相关新闻3篇
2011-05-22,找到相关新闻3篇
2011-05-23,找到相关新闻3篇
2011-05-24,找到相关新闻2篇
2011-05-25,找到相关新闻2篇
2011-05-26,找到相关新闻1篇
2011-05-27,找到相关新闻1篇
2011-05-28,找到相关新闻3篇
2011-05-29,找到相关新闻3篇
2011-05-30,找到相关新闻3篇
2011-05-31,找到相关新闻4篇
2011-06-01,找到相关新闻0篇
2011-06-02,找到相关新闻0篇
2011-06-03,找到相关新闻0篇
2011-06-04,找到相关新闻0篇
2011-06-05,找到相关新闻0篇
2011-06-06,找到相关新闻0篇
2011-06-07,找到相关新闻0篇
2011-06-08,找到相关新闻0篇
2011-06-09,找到相关新闻0篇
2011-06-10,找到相关新闻0篇
2011-06-11,找到相关新闻0篇
2011-06-12,找到相关新闻0篇
2011-06-13,找到相关新闻0篇
2011-06-14,找到相关新闻0篇
2011-06-15,找到相关新闻1篇
2011-06-16,找到相关新闻1篇
2011-06-17,找到相关新闻0篇
2011-06-18,找到相关新闻0篇
2011-06-19,找到相关新闻0篇
2011-06-20,找到相关新闻0篇
2011-06-21,找到相关新闻0篇
2011-06-22,找到相关新闻0篇
2011-06-23,找到相关新闻0篇
2011-06-24,找到相关新闻0篇
2011-06-25,找到相关新闻0篇
2011-06-26,找到相关新闻0篇
2011-06-27,找到相关新闻0篇
2011-06-28,找到相关新闻0篇
2011-06-29,找到相关新闻0篇
2011-06-30,找到相关新闻0篇
2011-07-01,找到相关新闻0篇
2011-07-02,找到相关新闻0篇
2011-07-03,找到相关新闻0篇
2011-07-04,找到相关新闻0篇
2011-07-05,找到相关新闻0篇
2011-07-06,找到相关新闻0篇
2011-07-07,找到相关新闻0篇
2011-07-08,找到相关新闻0篇
2011-07-09,找到相关新闻0篇
2011-07-10,找到相关新闻0篇
2011-07-11,找到相关新闻0篇
2011-07-12,找到相关新闻0篇
2011-07-13,找到相关新闻0篇
2011-07-14,找到相关新闻0篇
2011-07-15,找到相关新闻0篇
2011-07-16,找到相关新闻0篇
2011-07-17,找到相关新闻0篇
2011-07-18,找到相关新闻0篇
2011-07-19,找到相关新闻0篇
2011-07-20,找到相关新闻0篇
2011-07-21,找到相关新闻0篇
2011-07-22,找到相关新闻0篇
2011-07-23,找到相关新闻1篇
2011-07-24,找到相关新闻1篇
2011-07-25,找到相关新闻0篇
2011-07-26,找到相关新闻0篇
2011-07-27,找到相关新闻0篇
2011-07-28,找到相关新闻0篇
2011-07-29,找到相关新闻1篇
2011-07-30,找到相关新闻1篇
2011-07-31,找到相关新闻1篇
2011-08-01,找到相关新闻1篇
2011-08-02,找到相关新闻0篇
2011-08-03,找到相关新闻4篇
2011-08-04,找到相关新闻2篇
2011-08-05,找到相关新闻3篇
2011-08-06,找到相关新闻3篇
2011-08-07,找到相关新闻3篇
2011-08-08,找到相关新闻2篇
2011-08-09,找到相关新闻2篇
2011-08-10,找到相关新闻2篇
2011-08-11,找到相关新闻2篇
2011-08-12,找到相关新闻2篇
2011-08-13,找到相关新闻2篇
2011-08-14,找到相关新闻2篇
2011-08-15,找到相关新闻2篇
2011-08-16,找到相关新闻2篇
2011-08-17,找到相关新闻2篇
2011-08-18,找到相关新闻4篇
2011-08-19,找到相关新闻1篇
2011-08-20,找到相关新闻1篇
2011-08-21,找到相关新闻1篇
2011-08-22,找到相关新闻0篇
2011-08-23,找到相关新闻0篇
2011-08-24,找到相关新闻0篇
2011-08-25,找到相关新闻0篇
2011-08-26,找到相关新闻0篇
2011-08-27,找到相关新闻0篇
2011-08-28,找到相关新闻0篇
2011-08-29,找到相关新闻0篇
2011-08-30,找到相关新闻0篇
2011-08-31,找到相关新闻0篇
2011-09-01,找到相关新闻1篇
2011-09-02,找到相关新闻1篇
2011-09-03,找到相关新闻1篇
2011-09-04,找到相关新闻1篇
2011-09-05,找到相关新闻1篇
2011-09-06,找到相关新闻1篇
2011-09-07,找到相关新闻1篇
2011-09-08,找到相关新闻6篇
2011-09-09,找到相关新闻6篇
2011-09-10,找到相关新闻6篇
2011-09-11,找到相关新闻3篇
2011-09-12,找到相关新闻3篇
2011-09-13,找到相关新闻3篇
2011-09-14,找到相关新闻3篇
2011-09-15,找到相关新闻2篇
2011-09-16,找到相关新闻2篇
2011-09-17,找到相关新闻3篇
2011-09-18,找到相关新闻3篇
2011-09-19,找到相关新闻3篇
2011-09-20,找到相关新闻3篇
2011-09-21,找到相关新闻4篇
2011-09-22,找到相关新闻3篇
2011-09-23,找到相关新闻2篇
2011-09-24,找到相关新闻2篇
2011-09-25,找到相关新闻2篇
2011-09-26,找到相关新闻2篇
2011-09-27,找到相关新闻2篇
2011-09-28,找到相关新闻3篇
2011-09-29,找到相关新闻5篇
2011-09-30,找到相关新闻5篇
2011-10-01,找到相关新闻4篇
2011-10-02,找到相关新闻4篇
2011-10-03,找到相关新闻4篇
2011-10-04,找到相关新闻4篇
2011-10-05,找到相关新闻3篇
2011-10-06,找到相关新闻3篇
2011-10-07,找到相关新闻3篇
2011-10-08,找到相关新闻3篇
2011-10-09,找到相关新闻1篇
2011-10-10,找到相关新闻0篇
2011-10-11,找到相关新闻0篇
2011-10-12,找到相关新闻0篇
2011-10-13,找到相关新闻1篇
2011-10-14,找到相关新闻1篇
2011-10-15,找到相关新闻1篇
2011-10-16,找到相关新闻4篇
2011-10-17,找到相关新闻4篇
2011-10-18,找到相关新闻3篇
2011-10-19,找到相关新闻3篇
2011-10-20,找到相关新闻5篇
2011-10-21,找到相关新闻5篇
2011-10-22,找到相关新闻5篇
2011-10-23,找到相关新闻5篇
2011-10-24,找到相关新闻5篇
2011-10-25,找到相关新闻5篇
2011-10-26,找到相关新闻6篇
2011-10-27,找到相关新闻6篇
2011-10-28,找到相关新闻4篇
2011-10-29,找到相关新闻8篇
2011-10-30,找到相关新闻12篇
2011-10-31,找到相关新闻9篇
2011-11-01,找到相关新闻11篇
2011-11-02,找到相关新闻11篇
2011-11-03,找到相关新闻11篇
2011-11-04,找到相关新闻13篇
2011-11-05,找到相关新闻13篇
2011-11-06,找到相关新闻14篇
2011-11-07,找到相关新闻18篇
2011-11-08,找到相关新闻18篇
2011-11-09,找到相关新闻19篇
2011-11-10,找到相关新闻19篇
2011-11-11,找到相关新闻27篇
2011-11-12,找到相关新闻24篇
2011-11-13,找到相关新闻24篇
2011-11-14,找到相关新闻19篇
2011-11-15,找到相关新闻14篇
2011-11-16,找到相关新闻14篇
2011-11-17,找到相关新闻13篇
2011-11-18,找到相关新闻13篇
2011-11-19,找到相关新闻12篇
2011-11-20,找到相关新闻11篇
2011-11-21,找到相关新闻7篇
2011-11-22,找到相关新闻7篇
2011-11-23,找到相关新闻5篇
2011-11-24,找到相关新闻4篇
2011-11-25,找到相关新闻6篇
2011-11-26,找到相关新闻6篇
2011-11-27,找到相关新闻3篇
2011-11-28,找到相关新闻6篇
2011-11-29,找到相关新闻6篇
2011-11-30,找到相关新闻8篇
2011-12-01,找到相关新闻8篇
2011-12-02,找到相关新闻14篇
2011-12-03,找到相关新闻14篇
2011-12-04,找到相关新闻11篇
2011-12-05,找到相关新闻9篇
2011-12-06,找到相关新闻9篇
2011-12-07,找到相关新闻8篇
2011-12-08,找到相关新闻12篇
2011-12-09,找到相关新闻8篇
2011-12-10,找到相关新闻10篇
2011-12-11,找到相关新闻10篇
2011-12-12,找到相关新闻10篇
2011-12-13,找到相关新闻13篇
2011-12-14,找到相关新闻10篇
2011-12-15,找到相关新闻11篇
2011-12-16,找到相关新闻13篇
2011-12-17,找到相关新闻14篇
2011-12-18,找到相关新闻13篇
2011-12-19,找到相关新闻13篇
2011-12-20,找到相关新闻12篇
2011-12-21,找到相关新闻12篇
2011-12-22,找到相关新闻14篇
2011-12-23,找到相关新闻14篇
2011-12-24,找到相关新闻12篇
2011-12-25,找到相关新闻13篇
2011-12-26,找到相关新闻14篇
2011-12-27,找到相关新闻15篇
2011-12-28,找到相关新闻14篇
2011-12-29,找到相关新闻12篇
2011-12-30,找到相关新闻9篇
2011-12-31,找到相关新闻10篇
2012-01-01,找到相关新闻9篇
2012-01-02,找到相关新闻8篇
2012-01-03,找到相关新闻7篇
2012-01-04,找到相关新闻9篇
2012-01-05,找到相关新闻7篇
2012-01-06,找到相关新闻16篇
2012-01-07,找到相关新闻17篇
2012-01-08,找到相关新闻16篇
2012-01-09,找到相关新闻15篇
2012-01-10,找到相关新闻13篇
2012-01-11,找到相关新闻14篇
2012-01-12,找到相关新闻13篇
2012-01-13,找到相关新闻12篇
2012-01-14,找到相关新闻12篇
2012-01-15,找到相关新闻14篇
2012-01-16,找到相关新闻14篇
2012-01-17,找到相关新闻17篇
2012-01-18,找到相关新闻16篇
2012-01-19,找到相关新闻14篇
2012-01-20,找到相关新闻13篇
2012-01-21,找到相关新闻12篇
2012-01-22,找到相关新闻12篇
2012-01-23,找到相关新闻11篇
2012-01-24,找到相关新闻10篇
2012-01-25,找到相关新闻8篇
2012-01-26,找到相关新闻6篇
2012-01-27,找到相关新闻6篇
2012-01-28,找到相关新闻5篇
2012-01-29,找到相关新闻5篇
2012-01-30,找到相关新闻3篇
2012-01-31,找到相关新闻0篇
2012-02-01,找到相关新闻1篇
2012-02-02,找到相关新闻1篇
2012-02-03,找到相关新闻3篇
2012-02-04,找到相关新闻4篇
2012-02-05,找到相关新闻4篇
2012-02-06,找到相关新闻5篇
2012-02-07,找到相关新闻5篇
2012-02-08,找到相关新闻5篇
2012-02-09,找到相关新闻5篇
2012-02-10,找到相关新闻5篇
2012-02-11,找到相关新闻6篇
2012-02-12,找到相关新闻6篇
2012-02-13,找到相关新闻6篇
2012-02-14,找到相关新闻8篇
2012-02-15,找到相关新闻6篇
2012-02-16,找到相关新闻3篇
2012-02-17,找到相关新闻4篇
2012-02-18,找到相关新闻4篇
2012-02-19,找到相关新闻4篇
2012-02-20,找到相关新闻5篇
2012-02-21,找到相关新闻5篇
2012-02-22,找到相关新闻6篇
2012-02-23,找到相关新闻6篇
2012-02-24,找到相关新闻5篇
2012-02-25,找到相关新闻4篇
2012-02-26,找到相关新闻4篇
2012-02-27,找到相关新闻5篇
2012-02-28,找到相关新闻10篇
2012-02-29,找到相关新闻10篇
2012-03-01,找到相关新闻7篇
2012-03-02,找到相关新闻6篇
2012-03-03,找到相关新闻7篇
2012-03-04,找到相关新闻11篇
2012-03-05,找到相关新闻9篇
2012-03-06,找到相关新闻9篇
2012-03-07,找到相关新闻6篇
2012-03-08,找到相关新闻8篇
2012-03-09,找到相关新闻9篇
2012-03-10,找到相关新闻9篇
2012-03-11,找到相关新闻10篇
2012-03-12,找到相关新闻9篇
2012-03-13,找到相关新闻6篇
2012-03-14,找到相关新闻5篇
2012-03-15,找到相关新闻8篇
2012-03-16,找到相关新闻7篇
2012-03-17,找到相关新闻7篇
2012-03-18,找到相关新闻7篇
2012-03-19,找到相关新闻7篇
2012-03-20,找到相关新闻7篇
2012-03-21,找到相关新闻7篇
2012-03-22,找到相关新闻7篇
2012-03-23,找到相关新闻7篇
2012-03-24,找到相关新闻6篇
2012-03-25,找到相关新闻6篇
2012-03-26,找到相关新闻6篇
2012-03-27,找到相关新闻6篇
2012-03-28,找到相关新闻6篇
2012-03-29,找到相关新闻5篇
2012-03-30,找到相关新闻8篇
2012-03-31,找到相关新闻7篇
2012-04-01,找到相关新闻7篇
2012-04-02,找到相关新闻8篇
2012-04-03,找到相关新闻8篇
2012-04-04,找到相关新闻8篇
2012-04-05,找到相关新闻7篇
2012-04-06,找到相关新闻8篇
2012-04-07,找到相关新闻8篇
2012-04-08,找到相关新闻9篇
2012-04-09,找到相关新闻9篇
2012-04-10,找到相关新闻8篇
2012-04-11,找到相关新闻9篇
2012-04-12,找到相关新闻8篇
2012-04-13,找到相关新闻7篇
2012-04-14,找到相关新闻7篇
2012-04-15,找到相关新闻7篇
2012-04-16,找到相关新闻6篇
2012-04-17,找到相关新闻2篇
2012-04-18,找到相关新闻2篇
2012-04-19,找到相关新闻2篇
2012-04-20,找到相关新闻4篇
2012-04-21,找到相关新闻3篇
2012-04-22,找到相关新闻3篇
2012-04-23,找到相关新闻3篇
2012-04-24,找到相关新闻3篇
2012-04-25,找到相关新闻2篇
2012-04-26,找到相关新闻3篇
2012-04-27,找到相关新闻4篇
2012-04-28,找到相关新闻7篇
2012-04-29,找到相关新闻8篇
2012-04-30,找到相关新闻8篇
2012-05-01,找到相关新闻9篇
2012-05-02,找到相关新闻11篇
2012-05-03,找到相关新闻12篇
2012-05-04,找到相关新闻8篇
2012-05-05,找到相关新闻8篇
2012-05-06,找到相关新闻8篇
2012-05-07,找到相关新闻8篇
2012-05-08,找到相关新闻8篇
2012-05-09,找到相关新闻8篇
2012-05-10,找到相关新闻8篇
2012-05-11,找到相关新闻8篇
2012-05-12,找到相关新闻5篇
2012-05-13,找到相关新闻6篇
2012-05-14,找到相关新闻6篇
2012-05-15,找到相关新闻4篇
2012-05-16,找到相关新闻2篇
2012-05-17,找到相关新闻8篇
2012-05-18,找到相关新闻9篇
2012-05-19,找到相关新闻12篇
2012-05-20,找到相关新闻14篇
2012-05-21,找到相关新闻16篇
2012-05-22,找到相关新闻16篇
2012-05-23,找到相关新闻16篇
2012-05-24,找到相关新闻16篇
2012-05-25,找到相关新闻16篇
2012-05-26,找到相关新闻16篇
2012-05-27,找到相关新闻16篇
2012-05-28,找到相关新闻15篇
2012-05-29,找到相关新闻15篇
2012-05-30,找到相关新闻15篇
2012-05-31,找到相关新闻12篇
2012-06-01,找到相关新闻9篇
2012-06-02,找到相关新闻5篇
2012-06-03,找到相关新闻5篇
2012-06-04,找到相关新闻3篇
2012-06-05,找到相关新闻3篇
2012-06-06,找到相关新闻3篇
2012-06-07,找到相关新闻4篇
2012-06-08,找到相关新闻3篇
2012-06-09,找到相关新闻2篇
2012-06-10,找到相关新闻2篇
2012-06-11,找到相关新闻2篇
2012-06-12,找到相关新闻2篇
2012-06-13,找到相关新闻3篇
2012-06-14,找到相关新闻3篇
2012-06-15,找到相关新闻2篇
2012-06-16,找到相关新闻2篇
2012-06-17,找到相关新闻2篇
2012-06-18,找到相关新闻3篇
2012-06-19,找到相关新闻2篇
2012-06-20,找到相关新闻3篇
2012-06-21,找到相关新闻6篇
2012-06-22,找到相关新闻6篇
2012-06-23,找到相关新闻6篇
2012-06-24,找到相关新闻6篇
2012-06-25,找到相关新闻6篇
2012-06-26,找到相关新闻7篇
2012-06-27,找到相关新闻6篇
2012-06-28,找到相关新闻7篇
2012-06-29,找到相关新闻9篇
2012-06-30,找到相关新闻9篇
2012-07-01,找到相关新闻9篇
2012-07-02,找到相关新闻12篇
2012-07-03,找到相关新闻14篇
2012-07-04,找到相关新闻9篇
2012-07-05,找到相关新闻6篇
2012-07-06,找到相关新闻7篇
2012-07-07,找到相关新闻7篇
2012-07-08,找到相关新闻11篇
2012-07-09,找到相关新闻11篇
2012-07-10,找到相关新闻10篇
2012-07-11,找到相关新闻10篇
2012-07-12,找到相关新闻7篇
2012-07-13,找到相关新闻6篇
2012-07-14,找到相关新闻6篇
2012-07-15,找到相关新闻7篇
2012-07-16,找到相关新闻7篇
2012-07-17,找到相关新闻5篇
2012-07-18,找到相关新闻6篇
2012-07-19,找到相关新闻5篇
2012-07-20,找到相关新闻5篇
2012-07-21,找到相关新闻6篇
2012-07-22,找到相关新闻8篇
2012-07-23,找到相关新闻7篇
2012-07-24,找到相关新闻7篇
2012-07-25,找到相关新闻7篇
2012-07-26,找到相关新闻7篇
2012-07-27,找到相关新闻7篇
2012-07-28,找到相关新闻6篇
2012-07-29,找到相关新闻6篇
2012-07-30,找到相关新闻6篇
2012-07-31,找到相关新闻2篇
2012-08-01,找到相关新闻3篇
2012-08-02,找到相关新闻8篇
2012-08-03,找到相关新闻12篇
2012-08-04,找到相关新闻10篇
2012-08-05,找到相关新闻11篇
2012-08-06,找到相关新闻11篇
2012-08-07,找到相关新闻11篇
2012-08-08,找到相关新闻11篇
2012-08-09,找到相关新闻13篇
2012-08-10,找到相关新闻14篇
2012-08-11,找到相关新闻14篇
2012-08-12,找到相关新闻14篇
2012-08-13,找到相关新闻15篇
2012-08-14,找到相关新闻14篇
2012-08-15,找到相关新闻13篇
2012-08-16,找到相关新闻10篇
2012-08-17,找到相关新闻8篇
2012-08-18,找到相关新闻6篇
2012-08-19,找到相关新闻6篇
2012-08-20,找到相关新闻6篇
2012-08-21,找到相关新闻8篇
2012-08-22,找到相关新闻7篇
2012-08-23,找到相关新闻5篇
2012-08-24,找到相关新闻6篇
2012-08-25,找到相关新闻6篇
2012-08-26,找到相关新闻7篇
2012-08-27,找到相关新闻6篇
2012-08-28,找到相关新闻8篇
2012-08-29,找到相关新闻8篇
2012-08-30,找到相关新闻7篇
2012-08-31,找到相关新闻1篇
2012-09-01,找到相关新闻1篇
2012-09-02,找到相关新闻7篇
2012-09-03,找到相关新闻5篇
2012-09-04,找到相关新闻10篇
2012-09-05,找到相关新闻8篇
2012-09-06,找到相关新闻8篇
2012-09-07,找到相关新闻10篇
2012-09-08,找到相关新闻12篇
2012-09-09,找到相关新闻13篇
2012-09-10,找到相关新闻12篇
2012-09-11,找到相关新闻11篇
2012-09-12,找到相关新闻11篇
2012-09-13,找到相关新闻11篇
2012-09-14,找到相关新闻7篇
2012-09-15,找到相关新闻7篇
2012-09-16,找到相关新闻7篇
2012-09-17,找到相关新闻11篇
2012-09-18,找到相关新闻9篇
2012-09-19,找到相关新闻10篇
2012-09-20,找到相关新闻10篇
2012-09-21,找到相关新闻3篇
2012-09-22,找到相关新闻2篇
2012-09-23,找到相关新闻6篇
2012-09-24,找到相关新闻3篇
2012-09-25,找到相关新闻4篇
2012-09-26,找到相关新闻7篇
2012-09-27,找到相关新闻8篇
2012-09-28,找到相关新闻11篇
2012-09-29,找到相关新闻11篇
2012-09-30,找到相关新闻11篇
2012-10-01,找到相关新闻11篇
2012-10-02,找到相关新闻11篇
2012-10-03,找到相关新闻10篇
2012-10-04,找到相关新闻10篇
2012-10-05,找到相关新闻10篇
2012-10-06,找到相关新闻9篇
2012-10-07,找到相关新闻9篇
2012-10-08,找到相关新闻9篇
2012-10-09,找到相关新闻9篇
2012-10-10,找到相关新闻6篇
2012-10-11,找到相关新闻5篇
2012-10-12,找到相关新闻2篇
2012-10-13,找到相关新闻2篇
2012-10-14,找到相关新闻2篇
2012-10-15,找到相关新闻3篇
2012-10-16,找到相关新闻4篇
2012-10-17,找到相关新闻4篇
2012-10-18,找到相关新闻4篇
2012-10-19,找到相关新闻5篇
2012-10-20,找到相关新闻5篇
2012-10-21,找到相关新闻5篇
2012-10-22,找到相关新闻4篇
2012-10-23,找到相关新闻3篇
2012-10-24,找到相关新闻2篇
2012-10-25,找到相关新闻2篇
2012-10-26,找到相关新闻5篇
2012-10-27,找到相关新闻5篇
2012-10-28,找到相关新闻5篇
2012-10-29,找到相关新闻4篇
2012-10-30,找到相关新闻3篇
2012-10-31,找到相关新闻5篇
2012-11-01,找到相关新闻6篇
2012-11-02,找到相关新闻6篇
2012-11-03,找到相关新闻6篇
2012-11-04,找到相关新闻7篇
2012-11-05,找到相关新闻7篇
2012-11-06,找到相关新闻7篇
2012-11-07,找到相关新闻7篇
2012-11-08,找到相关新闻7篇
2012-11-09,找到相关新闻4篇
2012-11-10,找到相关新闻4篇
2012-11-11,找到相关新闻6篇
2012-11-12,找到相关新闻10篇
2012-11-13,找到相关新闻9篇
2012-11-14,找到相关新闻9篇
2012-11-15,找到相关新闻9篇
2012-11-16,找到相关新闻9篇
2012-11-17,找到相关新闻10篇
2012-11-18,找到相关新闻9篇
2012-11-19,找到相关新闻10篇
2012-11-20,找到相关新闻10篇
2012-11-21,找到相关新闻10篇
2012-11-22,找到相关新闻10篇
2012-11-23,找到相关新闻10篇
2012-11-24,找到相关新闻9篇
2012-11-25,找到相关新闻8篇
2012-11-26,找到相关新闻4篇
2012-11-27,找到相关新闻3篇
2012-11-28,找到相关新闻4篇
2012-11-29,找到相关新闻5篇
2012-11-30,找到相关新闻7篇
2012-12-01,找到相关新闻6篇
2012-12-02,找到相关新闻6篇
2012-12-03,找到相关新闻5篇
2012-12-04,找到相关新闻5篇
2012-12-05,找到相关新闻5篇
2012-12-06,找到相关新闻6篇
2012-12-07,找到相关新闻6篇
2012-12-08,找到相关新闻6篇
2012-12-09,找到相关新闻6篇
2012-12-10,找到相关新闻6篇
2012-12-11,找到相关新闻6篇
2012-12-12,找到相关新闻4篇
2012-12-13,找到相关新闻4篇
2012-12-14,找到相关新闻4篇
2012-12-15,找到相关新闻4篇
2012-12-16,找到相关新闻5篇
2012-12-17,找到相关新闻5篇
2012-12-18,找到相关新闻5篇
2012-12-19,找到相关新闻4篇
2012-12-20,找到相关新闻11篇
2012-12-21,找到相关新闻11篇
2012-12-22,找到相关新闻11篇
2012-12-23,找到相关新闻12篇
2012-12-24,找到相关新闻12篇
2012-12-25,找到相关新闻5篇
2012-12-26,找到相关新闻7篇
2012-12-27,找到相关新闻6篇
2012-12-28,找到相关新闻10篇
2012-12-29,找到相关新闻8篇
2012-12-30,找到相关新闻7篇
2012-12-31,找到相关新闻7篇
2013-01-01,找到相关新闻7篇
2013-01-02,找到相关新闻7篇
2013-01-03,找到相关新闻13篇
2013-01-04,找到相关新闻9篇
2013-01-05,找到相关新闻18篇
2013-01-06,找到相关新闻13篇
2013-01-07,找到相关新闻13篇
2013-01-08,找到相关新闻18篇
2013-01-09,找到相关新闻13篇
2013-01-10,找到相关新闻9篇
2013-01-11,找到相关新闻14篇
2013-01-12,找到相关新闻13篇
2013-01-13,找到相关新闻14篇
2013-01-14,找到相关新闻15篇
2013-01-15,找到相关新闻15篇
2013-01-16,找到相关新闻15篇
2013-01-17,找到相关新闻14篇
2013-01-18,找到相关新闻12篇
2013-01-19,找到相关新闻12篇
2013-01-20,找到相关新闻11篇
2013-01-21,找到相关新闻3篇
2013-01-22,找到相关新闻6篇
2013-01-23,找到相关新闻5篇
2013-01-24,找到相关新闻10篇
2013-01-25,找到相关新闻9篇
2013-01-26,找到相关新闻8篇
2013-01-27,找到相关新闻8篇
2013-01-28,找到相关新闻8篇
2013-01-29,找到相关新闻7篇
2013-01-30,找到相关新闻8篇
2013-01-31,找到相关新闻2篇
2013-02-01,找到相关新闻3篇
2013-02-02,找到相关新闻4篇
2013-02-03,找到相关新闻4篇
2013-02-04,找到相关新闻4篇
2013-02-05,找到相关新闻5篇
2013-02-06,找到相关新闻5篇
2013-02-07,找到相关新闻5篇
2013-02-08,找到相关新闻5篇
2013-02-09,找到相关新闻4篇
2013-02-10,找到相关新闻4篇
2013-02-11,找到相关新闻3篇
2013-02-12,找到相关新闻3篇
2013-02-13,找到相关新闻2篇
2013-02-14,找到相关新闻2篇
2013-02-15,找到相关新闻1篇
2013-02-16,找到相关新闻0篇
2013-02-17,找到相关新闻0篇
2013-02-18,找到相关新闻0篇
2013-02-19,找到相关新闻1篇
2013-02-20,找到相关新闻2篇
2013-02-21,找到相关新闻2篇
2013-02-22,找到相关新闻0篇
2013-02-23,找到相关新闻0篇
2013-02-24,找到相关新闻0篇
2013-02-25,找到相关新闻0篇
2013-02-26,找到相关新闻0篇
2013-02-27,找到相关新闻4篇
2013-02-28,找到相关新闻5篇
2013-03-01,找到相关新闻5篇
2013-03-02,找到相关新闻5篇
2013-03-03,找到相关新闻5篇
2013-03-04,找到相关新闻2篇
2013-03-05,找到相关新闻2篇
2013-03-06,找到相关新闻2篇
2013-03-07,找到相关新闻2篇
2013-03-08,找到相关新闻2篇
2013-03-09,找到相关新闻4篇
2013-03-10,找到相关新闻4篇
2013-03-11,找到相关新闻4篇
2013-03-12,找到相关新闻5篇
2013-03-13,找到相关新闻5篇
2013-03-14,找到相关新闻3篇
2013-03-15,找到相关新闻5篇
2013-03-16,找到相关新闻6篇
2013-03-17,找到相关新闻8篇
2013-03-18,找到相关新闻15篇
2013-03-19,找到相关新闻16篇
2013-03-20,找到相关新闻17篇
2013-03-21,找到相关新闻19篇
2013-03-22,找到相关新闻20篇
2013-03-23,找到相关新闻20篇
2013-03-24,找到相关新闻20篇
2013-03-25,找到相关新闻26篇
2013-03-26,找到相关新闻27篇
2013-03-27,找到相关新闻27篇
2013-03-28,找到相关新闻20篇
2013-03-29,找到相关新闻20篇
2013-03-30,找到相关新闻18篇
2013-03-31,找到相关新闻17篇
2013-04-01,找到相关新闻10篇
2013-04-02,找到相关新闻8篇
2013-04-03,找到相关新闻7篇
2013-04-04,找到相关新闻5篇
2013-04-05,找到相关新闻7篇
2013-04-06,找到相关新闻5篇
2013-04-07,找到相关新闻5篇
2013-04-08,找到相关新闻4篇
2013-04-09,找到相关新闻4篇
2013-04-10,找到相关新闻3篇
2013-04-11,找到相关新闻2篇
2013-04-12,找到相关新闻1篇
2013-04-13,找到相关新闻0篇
2013-04-14,找到相关新闻5篇
2013-04-15,找到相关新闻4篇
2013-04-16,找到相关新闻4篇
2013-04-17,找到相关新闻4篇
2013-04-18,找到相关新闻4篇
2013-04-19,找到相关新闻4篇
2013-04-20,找到相关新闻5篇
2013-04-21,找到相关新闻5篇
2013-04-22,找到相关新闻4篇
2013-04-23,找到相关新闻4篇
2013-04-24,找到相关新闻6篇
2013-04-25,找到相关新闻5篇
2013-04-26,找到相关新闻7篇
2013-04-27,找到相关新闻6篇
2013-04-28,找到相关新闻6篇
2013-04-29,找到相关新闻6篇
2013-04-30,找到相关新闻6篇
2013-05-01,找到相关新闻4篇
2013-05-02,找到相关新闻4篇
2013-05-03,找到相关新闻5篇
2013-05-04,找到相关新闻5篇
2013-05-05,找到相关新闻5篇
2013-05-06,找到相关新闻6篇
2013-05-07,找到相关新闻5篇
2013-05-08,找到相关新闻5篇
2013-05-09,找到相关新闻5篇
2013-05-10,找到相关新闻5篇
2013-05-11,找到相关新闻4篇
2013-05-12,找到相关新闻4篇
2013-05-13,找到相关新闻4篇
2013-05-14,找到相关新闻4篇
2013-05-15,找到相关新闻4篇
2013-05-16,找到相关新闻4篇
2013-05-17,找到相关新闻3篇
2013-05-18,找到相关新闻3篇
2013-05-19,找到相关新闻3篇
2013-05-20,找到相关新闻2篇
2013-05-21,找到相关新闻2篇
2013-05-22,找到相关新闻1篇
2013-05-23,找到相关新闻5篇
2013-05-24,找到相关新闻4篇
2013-05-25,找到相关新闻4篇
2013-05-26,找到相关新闻3篇
2013-05-27,找到相关新闻3篇
2013-05-28,找到相关新闻3篇
2013-05-29,找到相关新闻3篇
2013-05-30,找到相关新闻3篇
2013-05-31,找到相关新闻2篇
2013-06-01,找到相关新闻2篇
2013-06-02,找到相关新闻2篇
2013-06-03,找到相关新闻3篇
2013-06-04,找到相关新闻4篇
2013-06-05,找到相关新闻7篇
2013-06-06,找到相关新闻7篇
2013-06-07,找到相关新闻8篇
2013-06-08,找到相关新闻8篇
2013-06-09,找到相关新闻8篇
2013-06-10,找到相关新闻7篇
2013-06-11,找到相关新闻6篇
2013-06-12,找到相关新闻7篇
2013-06-13,找到相关新闻7篇
2013-06-14,找到相关新闻7篇
2013-06-15,找到相关新闻7篇
2013-06-16,找到相关新闻7篇
2013-06-17,找到相关新闻6篇
2013-06-18,找到相关新闻6篇
2013-06-19,找到相关新闻12篇
2013-06-20,找到相关新闻8篇
2013-06-21,找到相关新闻5篇
2013-06-22,找到相关新闻4篇
2013-06-23,找到相关新闻4篇
2013-06-24,找到相关新闻5篇
2013-06-25,找到相关新闻8篇
2013-06-26,找到相关新闻9篇
2013-06-27,找到相关新闻9篇
2013-06-28,找到相关新闻10篇
2013-06-29,找到相关新闻12篇
2013-06-30,找到相关新闻12篇
2013-07-01,找到相关新闻12篇
2013-07-02,找到相关新闻12篇
2013-07-03,找到相关新闻11篇
2013-07-04,找到相关新闻11篇
2013-07-05,找到相关新闻9篇
2013-07-06,找到相关新闻9篇
2013-07-07,找到相关新闻9篇
2013-07-08,找到相关新闻9篇
2013-07-09,找到相关新闻8篇
2013-07-10,找到相关新闻9篇
2013-07-11,找到相关新闻5篇
2013-07-12,找到相关新闻2篇
2013-07-13,找到相关新闻3篇
2013-07-14,找到相关新闻3篇
2013-07-15,找到相关新闻3篇
2013-07-16,找到相关新闻3篇
2013-07-17,找到相关新闻4篇
2013-07-18,找到相关新闻4篇
2013-07-19,找到相关新闻4篇
2013-07-20,找到相关新闻4篇
2013-07-21,找到相关新闻4篇
2013-07-22,找到相关新闻5篇
2013-07-23,找到相关新闻5篇
2013-07-24,找到相关新闻7篇
2013-07-25,找到相关新闻6篇
2013-07-26,找到相关新闻8篇
2013-07-27,找到相关新闻4篇
2013-07-28,找到相关新闻4篇
2013-07-29,找到相关新闻3篇
2013-07-30,找到相关新闻5篇
2013-07-31,找到相关新闻4篇
2013-08-01,找到相关新闻8篇
2013-08-02,找到相关新闻8篇
2013-08-03,找到相关新闻8篇
2013-08-04,找到相关新闻6篇
2013-08-05,找到相关新闻5篇
2013-08-06,找到相关新闻5篇
2013-08-07,找到相关新闻5篇
2013-08-08,找到相关新闻6篇
2013-08-09,找到相关新闻8篇
2013-08-10,找到相关新闻9篇
2013-08-11,找到相关新闻9篇
2013-08-12,找到相关新闻8篇
2013-08-13,找到相关新闻6篇
2013-08-14,找到相关新闻5篇
2013-08-15,找到相关新闻4篇
2013-08-16,找到相关新闻8篇
2013-08-17,找到相关新闻8篇
2013-08-18,找到相关新闻10篇
2013-08-19,找到相关新闻15篇
2013-08-20,找到相关新闻16篇
2013-08-21,找到相关新闻12篇
2013-08-22,找到相关新闻17篇
2013-08-23,找到相关新闻17篇
2013-08-24,找到相关新闻16篇
2013-08-25,找到相关新闻17篇
2013-08-26,找到相关新闻16篇
2013-08-27,找到相关新闻16篇
2013-08-28,找到相关新闻16篇
2013-08-29,找到相关新闻17篇
2013-08-30,找到相关新闻14篇
2013-08-31,找到相关新闻15篇
2013-09-01,找到相关新闻15篇
2013-09-02,找到相关新闻9篇
2013-09-03,找到相关新闻9篇
2013-09-04,找到相关新闻8篇
2013-09-05,找到相关新闻9篇
2013-09-06,找到相关新闻8篇
2013-09-07,找到相关新闻8篇
2013-09-08,找到相关新闻7篇
2013-09-09,找到相关新闻7篇
2013-09-10,找到相关新闻7篇
2013-09-11,找到相关新闻8篇
2013-09-12,找到相关新闻7篇
2013-09-13,找到相关新闻7篇
2013-09-14,找到相关新闻6篇
2013-09-15,找到相关新闻5篇
2013-09-16,找到相关新闻5篇
2013-09-17,找到相关新闻4篇
2013-09-18,找到相关新闻4篇
2013-09-19,找到相关新闻3篇
2013-09-20,找到相关新闻2篇
2013-09-21,找到相关新闻2篇
2013-09-22,找到相关新闻2篇
2013-09-23,找到相关新闻3篇
2013-09-24,找到相关新闻3篇
2013-09-25,找到相关新闻2篇
2013-09-26,找到相关新闻2篇
2013-09-27,找到相关新闻3篇
2013-09-28,找到相关新闻3篇
2013-09-29,找到相关新闻3篇
2013-09-30,找到相关新闻3篇
2013-10-01,找到相关新闻3篇
2013-10-02,找到相关新闻3篇
2013-10-03,找到相关新闻2篇
2013-10-04,找到相关新闻2篇
2013-10-05,找到相关新闻2篇
2013-10-06,找到相关新闻2篇
2013-10-07,找到相关新闻1篇
2013-10-08,找到相关新闻2篇
2013-10-09,找到相关新闻2篇
2013-10-10,找到相关新闻2篇
2013-10-11,找到相关新闻2篇
2013-10-12,找到相关新闻2篇
2013-10-13,找到相关新闻1篇
2013-10-14,找到相关新闻2篇
2013-10-15,找到相关新闻2篇
2013-10-16,找到相关新闻1篇
2013-10-17,找到相关新闻3篇
2013-10-18,找到相关新闻4篇
2013-10-19,找到相关新闻2篇
2013-10-20,找到相关新闻2篇
2013-10-21,找到相关新闻3篇
2013-10-22,找到相关新闻0篇
2013-10-23,找到相关新闻0篇
2013-10-24,找到相关新闻0篇
2013-10-25,找到相关新闻0篇
2013-10-26,找到相关新闻1篇
2013-10-27,找到相关新闻1篇
2013-10-28,找到相关新闻1篇
2013-10-29,找到相关新闻1篇
2013-10-30,找到相关新闻1篇
2013-10-31,找到相关新闻1篇
2013-11-01,找到相关新闻2篇
2013-11-02,找到相关新闻3篇
2013-11-03,找到相关新闻3篇
2013-11-04,找到相关新闻2篇
2013-11-05,找到相关新闻2篇
2013-11-06,找到相关新闻2篇
2013-11-07,找到相关新闻4篇
2013-11-08,找到相关新闻4篇
2013-11-09,找到相关新闻4篇
2013-11-10,找到相关新闻4篇
2013-11-11,找到相关新闻4篇
2013-11-12,找到相关新闻4篇
2013-11-13,找到相关新闻5篇
2013-11-14,找到相关新闻4篇
2013-11-15,找到相关新闻7篇
2013-11-16,找到相关新闻6篇
2013-11-17,找到相关新闻6篇
2013-11-18,找到相关新闻8篇
2013-11-19,找到相关新闻6篇
2013-11-20,找到相关新闻7篇
2013-11-21,找到相关新闻7篇
2013-11-22,找到相关新闻8篇
2013-11-23,找到相关新闻8篇
2013-11-24,找到相关新闻8篇
2013-11-25,找到相关新闻9篇
2013-11-26,找到相关新闻9篇
2013-11-27,找到相关新闻9篇
2013-11-28,找到相关新闻9篇
2013-11-29,找到相关新闻10篇
2013-11-30,找到相关新闻12篇
2013-12-01,找到相关新闻10篇
2013-12-02,找到相关新闻12篇
2013-12-03,找到相关新闻10篇
2013-12-04,找到相关新闻19篇
2013-12-05,找到相关新闻19篇
2013-12-06,找到相关新闻18篇
2013-12-07,找到相关新闻19篇
2013-12-08,找到相关新闻19篇
2013-12-09,找到相关新闻17篇
2013-12-10,找到相关新闻13篇
2013-12-11,找到相关新闻12篇
2013-12-12,找到相关新闻13篇
2013-12-13,找到相关新闻13篇
2013-12-14,找到相关新闻11篇
2013-12-15,找到相关新闻10篇
2013-12-16,找到相关新闻7篇
2013-12-17,找到相关新闻6篇
2013-12-18,找到相关新闻6篇
2013-12-19,找到相关新闻6篇
2013-12-20,找到相关新闻4篇
2013-12-21,找到相关新闻4篇
2013-12-22,找到相关新闻4篇
2013-12-23,找到相关新闻4篇
2013-12-24,找到相关新闻4篇
2013-12-25,找到相关新闻11篇
2013-12-26,找到相关新闻7篇
2013-12-27,找到相关新闻7篇
2013-12-28,找到相关新闻7篇
2013-12-29,找到相关新闻6篇
2013-12-30,找到相关新闻9篇
2013-12-31,找到相关新闻8篇
2014-01-01,找到相关新闻8篇
2014-01-02,找到相关新闻8篇
2014-01-03,找到相关新闻16篇
2014-01-04,找到相关新闻16篇
2014-01-05,找到相关新闻16篇
2014-01-06,找到相关新闻17篇
2014-01-07,找到相关新闻10篇
2014-01-08,找到相关新闻8篇
2014-01-09,找到相关新闻8篇
2014-01-10,找到相关新闻12篇
2014-01-11,找到相关新闻14篇
2014-01-12,找到相关新闻15篇
2014-01-13,找到相关新闻14篇
2014-01-14,找到相关新闻16篇
2014-01-15,找到相关新闻15篇
2014-01-16,找到相关新闻16篇
2014-01-17,找到相关新闻19篇
2014-01-18,找到相关新闻26篇
2014-01-19,找到相关新闻26篇
2014-01-20,找到相关新闻19篇
2014-01-21,找到相关新闻20篇
2014-01-22,找到相关新闻20篇
2014-01-23,找到相关新闻23篇
2014-01-24,找到相关新闻24篇
2014-01-25,找到相关新闻19篇
2014-01-26,找到相关新闻17篇
2014-01-27,找到相关新闻16篇
2014-01-28,找到相关新闻16篇
2014-01-29,找到相关新闻17篇
2014-01-30,找到相关新闻10篇
2014-01-31,找到相关新闻6篇
2014-02-01,找到相关新闻5篇
2014-02-02,找到相关新闻6篇
2014-02-03,找到相关新闻6篇
2014-02-04,找到相关新闻5篇
2014-02-05,找到相关新闻5篇
2014-02-06,找到相关新闻5篇
2014-02-07,找到相关新闻5篇
2014-02-08,找到相关新闻5篇
2014-02-09,找到相关新闻5篇
2014-02-10,找到相关新闻6篇
2014-02-11,找到相关新闻2篇
2014-02-12,找到相关新闻3篇
2014-02-13,找到相关新闻2篇
2014-02-14,找到相关新闻4篇
2014-02-15,找到相关新闻4篇
2014-02-16,找到相关新闻4篇
2014-02-17,找到相关新闻7篇
2014-02-18,找到相关新闻8篇
2014-02-19,找到相关新闻8篇
2014-02-20,找到相关新闻9篇
2014-02-21,找到相关新闻8篇
2014-02-22,找到相关新闻8篇
2014-02-23,找到相关新闻9篇
2014-02-24,找到相关新闻10篇
2014-02-25,找到相关新闻10篇
2014-02-26,找到相关新闻10篇
2014-02-27,找到相关新闻10篇
2014-02-28,找到相关新闻10篇
2014-03-01,找到相关新闻10篇
2014-03-02,找到相关新闻10篇
2014-03-03,找到相关新闻7篇
2014-03-04,找到相关新闻6篇
2014-03-05,找到相关新闻7篇
2014-03-06,找到相关新闻6篇
2014-03-07,找到相关新闻7篇
2014-03-08,找到相关新闻8篇
2014-03-09,找到相关新闻8篇
2014-03-10,找到相关新闻6篇
2014-03-11,找到相关新闻7篇
2014-03-12,找到相关新闻8篇
2014-03-13,找到相关新闻9篇
2014-03-14,找到相关新闻9篇
2014-03-15,找到相关新闻10篇
2014-03-16,找到相关新闻10篇
2014-03-17,找到相关新闻10篇
2014-03-18,找到相关新闻15篇
2014-03-19,找到相关新闻15篇
2014-03-20,找到相关新闻15篇
2014-03-21,找到相关新闻18篇
2014-03-22,找到相关新闻16篇
2014-03-23,找到相关新闻8篇
2014-03-24,找到相关新闻8篇
2014-03-25,找到相关新闻6篇
2014-03-26,找到相关新闻5篇
2014-03-27,找到相关新闻4篇
2014-03-28,找到相关新闻5篇
2014-03-29,找到相关新闻5篇
2014-03-30,找到相关新闻5篇
2014-03-31,找到相关新闻10篇
2014-04-01,找到相关新闻8篇
2014-04-02,找到相关新闻8篇
2014-04-03,找到相关新闻9篇
2014-04-04,找到相关新闻5篇
2014-04-05,找到相关新闻5篇
2014-04-06,找到相关新闻4篇
2014-04-07,找到相关新闻4篇
2014-04-08,找到相关新闻4篇
2014-04-09,找到相关新闻4篇
2014-04-10,找到相关新闻18篇
2014-04-11,找到相关新闻18篇
2014-04-12,找到相关新闻18篇
2014-04-13,找到相关新闻10篇
2014-04-14,找到相关新闻18篇
2014-04-15,找到相关新闻19篇
2014-04-16,找到相关新闻20篇
2014-04-17,找到相关新闻18篇
2014-04-18,找到相关新闻25篇
2014-04-19,找到相关新闻31篇
2014-04-20,找到相关新闻33篇
2014-04-21,找到相关新闻16篇
2014-04-22,找到相关新闻18篇
2014-04-23,找到相关新闻18篇
2014-04-24,找到相关新闻16篇
2014-04-25,找到相关新闻12篇
2014-04-26,找到相关新闻13篇
2014-04-27,找到相关新闻12篇
2014-04-28,找到相关新闻12篇
2014-04-29,找到相关新闻11篇
2014-04-30,找到相关新闻6篇
2014-05-01,找到相关新闻6篇
2014-05-02,找到相关新闻6篇
2014-05-03,找到相关新闻5篇
2014-05-04,找到相关新闻5篇
2014-05-05,找到相关新闻3篇
2014-05-06,找到相关新闻3篇
2014-05-07,找到相关新闻2篇
2014-05-08,找到相关新闻3篇
2014-05-09,找到相关新闻7篇
2014-05-10,找到相关新闻3篇
2014-05-11,找到相关新闻7篇
2014-05-12,找到相关新闻7篇
2014-05-13,找到相关新闻7篇
2014-05-14,找到相关新闻8篇
2014-05-15,找到相关新闻10篇
2014-05-16,找到相关新闻10篇
2014-05-17,找到相关新闻11篇
2014-05-18,找到相关新闻11篇
2014-05-19,找到相关新闻12篇
2014-05-20,找到相关新闻14篇
2014-05-21,找到相关新闻12篇
2014-05-22,找到相关新闻14篇
2014-05-23,找到相关新闻12篇
2014-05-24,找到相关新闻12篇
2014-05-25,找到相关新闻12篇
2014-05-26,找到相关新闻14篇
2014-05-27,找到相关新闻14篇
2014-05-28,找到相关新闻15篇
2014-05-29,找到相关新闻14篇
2014-05-30,找到相关新闻15篇
2014-05-31,找到相关新闻16篇
2014-06-01,找到相关新闻16篇
2014-06-02,找到相关新闻15篇
2014-06-03,找到相关新闻13篇
2014-06-04,找到相关新闻18篇
2014-06-05,找到相关新闻17篇
2014-06-06,找到相关新闻15篇
2014-06-07,找到相关新闻13篇
2014-06-08,找到相关新闻12篇
2014-06-09,找到相关新闻10篇
2014-06-10,找到相关新闻3篇
2014-06-11,找到相关新闻1篇
2014-06-12,找到相关新闻1篇
2014-06-13,找到相关新闻7篇
2014-06-14,找到相关新闻2篇
2014-06-15,找到相关新闻6篇
2014-06-16,找到相关新闻8篇
2014-06-17,找到相关新闻11篇
2014-06-18,找到相关新闻12篇
2014-06-19,找到相关新闻11篇
2014-06-20,找到相关新闻5篇
2014-06-21,找到相关新闻5篇
2014-06-22,找到相关新闻5篇
2014-06-23,找到相关新闻5篇
2014-06-24,找到相关新闻5篇
2014-06-25,找到相关新闻7篇
2014-06-26,找到相关新闻7篇
2014-06-27,找到相关新闻19篇
2014-06-28,找到相关新闻7篇
2014-06-29,找到相关新闻19篇
2014-06-30,找到相关新闻17篇
2014-07-01,找到相关新闻6篇
2014-07-02,找到相关新闻6篇
2014-07-03,找到相关新闻6篇
2014-07-04,找到相关新闻6篇
2014-07-05,找到相关新闻19篇
2014-07-06,找到相关新闻18篇
2014-07-07,找到相关新闻17篇
2014-07-08,找到相关新闻14篇
2014-07-09,找到相关新闻19篇
2014-07-10,找到相关新闻18篇
2014-07-11,找到相关新闻11篇
2014-07-12,找到相关新闻13篇
2014-07-13,找到相关新闻13篇
2014-07-14,找到相关新闻13篇
2014-07-15,找到相关新闻17篇
2014-07-16,找到相关新闻18篇
2014-07-17,找到相关新闻10篇
2014-07-18,找到相关新闻12篇
2014-07-19,找到相关新闻12篇
2014-07-20,找到相关新闻12篇
2014-07-21,找到相关新闻12篇
2014-07-22,找到相关新闻9篇
2014-07-23,找到相关新闻8篇
2014-07-24,找到相关新闻9篇
2014-07-25,找到相关新闻3篇
2014-07-26,找到相关新闻3篇
2014-07-27,找到相关新闻3篇
2014-07-28,找到相关新闻3篇
2014-07-29,找到相关新闻2篇
2014-07-30,找到相关新闻1篇
2014-07-31,找到相关新闻1篇
2014-08-01,找到相关新闻7篇
2014-08-02,找到相关新闻7篇
2014-08-03,找到相关新闻7篇
2014-08-04,找到相关新闻10篇
2014-08-05,找到相关新闻13篇
2014-08-06,找到相关新闻11篇
2014-08-07,找到相关新闻11篇
2014-08-08,找到相关新闻9篇
2014-08-09,找到相关新闻9篇
2014-08-10,找到相关新闻9篇
2014-08-11,找到相关新闻9篇
2014-08-12,找到相关新闻8篇
2014-08-13,找到相关新闻8篇
2014-08-14,找到相关新闻8篇
2014-08-15,找到相关新闻8篇
2014-08-16,找到相关新闻8篇
2014-08-17,找到相关新闻8篇
2014-08-18,找到相关新闻1篇
2014-08-19,找到相关新闻3篇
2014-08-20,找到相关新闻4篇
2014-08-21,找到相关新闻3篇
2014-08-22,找到相关新闻4篇
2014-08-23,找到相关新闻4篇
2014-08-24,找到相关新闻4篇
2014-08-25,找到相关新闻4篇
2014-08-26,找到相关新闻4篇
2014-08-27,找到相关新闻4篇
2014-08-28,找到相关新闻5篇
2014-08-29,找到相关新闻10篇
2014-08-30,找到相关新闻9篇
2014-08-31,找到相关新闻9篇
2014-09-01,找到相关新闻6篇
2014-09-02,找到相关新闻8篇
2014-09-03,找到相关新闻8篇
2014-09-04,找到相关新闻8篇
2014-09-05,找到相关新闻5篇
2014-09-06,找到相关新闻5篇
2014-09-07,找到相关新闻7篇
2014-09-08,找到相关新闻7篇
2014-09-09,找到相关新闻8篇
2014-09-10,找到相关新闻8篇
2014-09-11,找到相关新闻5篇
2014-09-12,找到相关新闻4篇
2014-09-13,找到相关新闻5篇
2014-09-14,找到相关新闻5篇
2014-09-15,找到相关新闻4篇
2014-09-16,找到相关新闻4篇
2014-09-17,找到相关新闻9篇
2014-09-18,找到相关新闻10篇
2014-09-19,找到相关新闻13篇
2014-09-20,找到相关新闻7篇
2014-09-21,找到相关新闻5篇
2014-09-22,找到相关新闻7篇
2014-09-23,找到相关新闻7篇
2014-09-24,找到相关新闻9篇
2014-09-25,找到相关新闻9篇
2014-09-26,找到相关新闻4篇
2014-09-27,找到相关新闻4篇
2014-09-28,找到相关新闻4篇
2014-09-29,找到相关新闻4篇
2014-09-30,找到相关新闻5篇
2014-10-01,找到相关新闻5篇
2014-10-02,找到相关新闻4篇
2014-10-03,找到相关新闻4篇
2014-10-04,找到相关新闻3篇
2014-10-05,找到相关新闻3篇
2014-10-06,找到相关新闻1篇
2014-10-07,找到相关新闻1篇
2014-10-08,找到相关新闻1篇
2014-10-09,找到相关新闻1篇
2014-10-10,找到相关新闻1篇
2014-10-11,找到相关新闻0篇
2014-10-12,找到相关新闻0篇
2014-10-13,找到相关新闻1篇
2014-10-14,找到相关新闻1篇
2014-10-15,找到相关新闻1篇
2014-10-16,找到相关新闻1篇
2014-10-17,找到相关新闻3篇
2014-10-18,找到相关新闻3篇
2014-10-19,找到相关新闻3篇
2014-10-20,找到相关新闻3篇
2014-10-21,找到相关新闻3篇
2014-10-22,找到相关新闻3篇
2014-10-23,找到相关新闻3篇
2014-10-24,找到相关新闻4篇
2014-10-25,找到相关新闻5篇
2014-10-26,找到相关新闻5篇
2014-10-27,找到相关新闻4篇
2014-10-28,找到相关新闻4篇
2014-10-29,找到相关新闻4篇
2014-10-30,找到相关新闻4篇
2014-10-31,找到相关新闻3篇
2014-11-01,找到相关新闻3篇
2014-11-02,找到相关新闻3篇
2014-11-03,找到相关新闻3篇
2014-11-04,找到相关新闻3篇
2014-11-05,找到相关新闻3篇
2014-11-06,找到相关新闻3篇
2014-11-07,找到相关新闻3篇
2014-11-08,找到相关新闻2篇
2014-11-09,找到相关新闻2篇
2014-11-10,找到相关新闻8篇
2014-11-11,找到相关新闻3篇
2014-11-12,找到相关新闻3篇
2014-11-13,找到相关新闻3篇
2014-11-14,找到相关新闻2篇
2014-11-15,找到相关新闻2篇
2014-11-16,找到相关新闻2篇
2014-11-17,找到相关新闻2篇
2014-11-18,找到相关新闻3篇
2014-11-19,找到相关新闻3篇
2014-11-20,找到相关新闻3篇
2014-11-21,找到相关新闻3篇
2014-11-22,找到相关新闻4篇
2014-11-23,找到相关新闻4篇
2014-11-24,找到相关新闻4篇
2014-11-25,找到相关新闻4篇
2014-11-26,找到相关新闻4篇
2014-11-27,找到相关新闻4篇
2014-11-28,找到相关新闻4篇
2014-11-29,找到相关新闻10篇
2014-11-30,找到相关新闻10篇
2014-12-01,找到相关新闻11篇
2014-12-02,找到相关新闻3篇
2014-12-03,找到相关新闻9篇
2014-12-04,找到相关新闻4篇
2014-12-05,找到相关新闻7篇
2014-12-06,找到相关新闻8篇
2014-12-07,找到相关新闻15篇
2014-12-08,找到相关新闻17篇
2014-12-09,找到相关新闻13篇
2014-12-10,找到相关新闻20篇
2014-12-11,找到相关新闻16篇
2014-12-12,找到相关新闻30篇
2014-12-13,找到相关新闻32篇
2014-12-14,找到相关新闻35篇
2014-12-15,找到相关新闻35篇
2014-12-16,找到相关新闻36篇
2014-12-17,找到相关新闻33篇
2014-12-18,找到相关新闻31篇
2014-12-19,找到相关新闻14篇
2014-12-20,找到相关新闻13篇
2014-12-21,找到相关新闻12篇
2014-12-22,找到相关新闻13篇
2014-12-23,找到相关新闻11篇
2014-12-24,找到相关新闻8篇
2014-12-25,找到相关新闻9篇
2014-12-26,找到相关新闻8篇
2014-12-27,找到相关新闻8篇
2014-12-28,找到相关新闻8篇
2014-12-29,找到相关新闻9篇
2014-12-30,找到相关新闻9篇
2014-12-31,找到相关新闻9篇
2015-01-01,找到相关新闻10篇
2015-01-02,找到相关新闻9篇
2015-01-03,找到相关新闻12篇
2015-01-04,找到相关新闻13篇
2015-01-05,找到相关新闻11篇
2015-01-06,找到相关新闻11篇
2015-01-07,找到相关新闻14篇
2015-01-08,找到相关新闻11篇
2015-01-09,找到相关新闻12篇
2015-01-10,找到相关新闻12篇
2015-01-11,找到相关新闻11篇
2015-01-12,找到相关新闻9篇
2015-01-13,找到相关新闻10篇
2015-01-14,找到相关新闻10篇
2015-01-15,找到相关新闻11篇
2015-01-16,找到相关新闻14篇
2015-01-17,找到相关新闻15篇
2015-01-18,找到相关新闻8篇
2015-01-19,找到相关新闻18篇
2015-01-20,找到相关新闻34篇
2015-01-21,找到相关新闻37篇
2015-01-22,找到相关新闻39篇
2015-01-23,找到相关新闻42篇
2015-01-24,找到相关新闻42篇
2015-01-25,找到相关新闻42篇
2015-01-26,找到相关新闻43篇
2015-01-27,找到相关新闻42篇
2015-01-28,找到相关新闻42篇
2015-01-29,找到相关新闻46篇
2015-01-30,找到相关新闻46篇
2015-01-31,找到相关新闻46篇
2015-02-01,找到相关新闻44篇
2015-02-02,找到相关新闻30篇
2015-02-03,找到相关新闻13篇
2015-02-04,找到相关新闻10篇
2015-02-05,找到相关新闻10篇
2015-02-06,找到相关新闻14篇
2015-02-07,找到相关新闻13篇
2015-02-08,找到相关新闻14篇
2015-02-09,找到相关新闻8篇
2015-02-10,找到相关新闻8篇
2015-02-11,找到相关新闻9篇
2015-02-12,找到相关新闻14篇
2015-02-13,找到相关新闻11篇
2015-02-14,找到相关新闻10篇
2015-02-15,找到相关新闻10篇
2015-02-16,找到相关新闻9篇
2015-02-17,找到相关新闻3篇
2015-02-18,找到相关新闻3篇
2015-02-19,找到相关新闻3篇
2015-02-20,找到相关新闻1篇
2015-02-21,找到相关新闻2篇
2015-02-22,找到相关新闻2篇
2015-02-23,找到相关新闻2篇
2015-02-24,找到相关新闻2篇
2015-02-25,找到相关新闻5篇
2015-02-26,找到相关新闻3篇
2015-02-27,找到相关新闻5篇
2015-02-28,找到相关新闻3篇
2015-03-01,找到相关新闻3篇
2015-03-02,找到相关新闻4篇
2015-03-03,找到相关新闻4篇
2015-03-04,找到相关新闻4篇
2015-03-05,找到相关新闻4篇
2015-03-06,找到相关新闻10篇
2015-03-07,找到相关新闻3篇
2015-03-08,找到相关新闻3篇
2015-03-09,找到相关新闻4篇
2015-03-10,找到相关新闻8篇
2015-03-11,找到相关新闻13篇
2015-03-12,找到相关新闻12篇
2015-03-13,找到相关新闻7篇
2015-03-14,找到相关新闻8篇
2015-03-15,找到相关新闻9篇
2015-03-16,找到相关新闻17篇
2015-03-17,找到相关新闻15篇
2015-03-18,找到相关新闻15篇
2015-03-19,找到相关新闻16篇
2015-03-20,找到相关新闻23篇
2015-03-21,找到相关新闻28篇
2015-03-22,找到相关新闻23篇
2015-03-23,找到相关新闻25篇
2015-03-24,找到相关新闻18篇
2015-03-25,找到相关新闻28篇
2015-03-26,找到相关新闻29篇
2015-03-27,找到相关新闻29篇
2015-03-28,找到相关新闻28篇
2015-03-29,找到相关新闻31篇
2015-03-30,找到相关新闻31篇
2015-03-31,找到相关新闻39篇
2015-04-01,找到相关新闻34篇
2015-04-02,找到相关新闻38篇
2015-04-03,找到相关新闻19篇
2015-04-04,找到相关新闻14篇
2015-04-05,找到相关新闻12篇
2015-04-06,找到相关新闻11篇
2015-04-07,找到相关新闻13篇
2015-04-08,找到相关新闻11篇
2015-04-09,找到相关新闻13篇
2015-04-10,找到相关新闻13篇
2015-04-11,找到相关新闻10篇
2015-04-12,找到相关新闻8篇
2015-04-13,找到相关新闻16篇
2015-04-14,找到相关新闻16篇
2015-04-15,找到相关新闻14篇
2015-04-16,找到相关新闻19篇
2015-04-17,找到相关新闻19篇
2015-04-18,找到相关新闻44篇
2015-04-19,找到相关新闻52篇
2015-04-20,找到相关新闻54篇
2015-04-21,找到相关新闻53篇
2015-04-22,找到相关新闻56篇
2015-04-23,找到相关新闻63篇
2015-04-24,找到相关新闻80篇
2015-04-25,找到相关新闻85篇
2015-04-26,找到相关新闻86篇
2015-04-27,找到相关新闻86篇
2015-04-28,找到相关新闻83篇
2015-04-29,找到相关新闻111篇
2015-04-30,找到相关新闻109篇
2015-05-01,找到相关新闻86篇
2015-05-02,找到相关新闻60篇
2015-05-03,找到相关新闻52篇
2015-05-04,找到相关新闻68篇
2015-05-05,找到相关新闻53篇
2015-05-06,找到相关新闻54篇
2015-05-07,找到相关新闻48篇
2015-05-08,找到相关新闻19篇
2015-05-09,找到相关新闻20篇
2015-05-10,找到相关新闻19篇
2015-05-11,找到相关新闻47篇
2015-05-12,找到相关新闻35篇
2015-05-13,找到相关新闻13篇
2015-05-14,找到相关新闻18篇
2015-05-15,找到相关新闻31篇
2015-05-16,找到相关新闻31篇
2015-05-17,找到相关新闻32篇
2015-05-18,找到相关新闻34篇
2015-05-19,找到相关新闻35篇
2015-05-20,找到相关新闻33篇
2015-05-21,找到相关新闻31篇
2015-05-22,找到相关新闻41篇
2015-05-23,找到相关新闻41篇
2015-05-24,找到相关新闻41篇
2015-05-25,找到相关新闻30篇
2015-05-26,找到相关新闻29篇
2015-05-27,找到相关新闻40篇
2015-05-28,找到相关新闻34篇
2015-05-29,找到相关新闻15篇
2015-05-30,找到相关新闻24篇
2015-05-31,找到相关新闻24篇
2015-06-01,找到相关新闻19篇
2015-06-02,找到相关新闻19篇
2015-06-03,找到相关新闻20篇
2015-06-04,找到相关新闻20篇
2015-06-05,找到相关新闻24篇
2015-06-06,找到相关新闻25篇
2015-06-07,找到相关新闻14篇
2015-06-08,找到相关新闻15篇
2015-06-09,找到相关新闻16篇
2015-06-10,找到相关新闻15篇
2015-06-11,找到相关新闻33篇
2015-06-12,找到相关新闻36篇
2015-06-13,找到相关新闻19篇
2015-06-14,找到相关新闻20篇
2015-06-15,找到相关新闻35篇
2015-06-16,找到相关新闻37篇
2015-06-17,找到相关新闻38篇
2015-06-18,找到相关新闻40篇
2015-06-19,找到相关新闻34篇
2015-06-20,找到相关新闻34篇
2015-06-21,找到相关新闻37篇
2015-06-22,找到相关新闻35篇
2015-06-23,找到相关新闻35篇
2015-06-24,找到相关新闻36篇
2015-06-25,找到相关新闻37篇
2015-06-26,找到相关新闻46篇
2015-06-27,找到相关新闻49篇
2015-06-28,找到相关新闻43篇
2015-06-29,找到相关新闻53篇
2015-06-30,找到相关新闻67篇
2015-07-01,找到相关新闻78篇
2015-07-02,找到相关新闻106篇
2015-07-03,找到相关新闻130篇
2015-07-04,找到相关新闻150篇
2015-07-05,找到相关新闻158篇
2015-07-06,找到相关新闻174篇
2015-07-07,找到相关新闻174篇
2015-07-08,找到相关新闻203篇
2015-07-09,找到相关新闻231篇
2015-07-10,找到相关新闻255篇
2015-07-11,找到相关新闻261篇
2015-07-12,找到相关新闻262篇
2015-07-13,找到相关新闻267篇
2015-07-14,找到相关新闻268篇
2015-07-15,找到相关新闻253篇
2015-07-16,找到相关新闻218篇
2015-07-17,找到相关新闻194篇
2015-07-18,找到相关新闻173篇
2015-07-19,找到相关新闻159篇
2015-07-20,找到相关新闻151篇
2015-07-21,找到相关新闻156篇
2015-07-22,找到相关新闻128篇
2015-07-23,找到相关新闻115篇
2015-07-24,找到相关新闻60篇
2015-07-25,找到相关新闻70篇
2015-07-26,找到相关新闻52篇
2015-07-27,找到相关新闻52篇
2015-07-28,找到相关新闻30篇
2015-07-29,找到相关新闻44篇
2015-07-30,找到相关新闻39篇
2015-07-31,找到相关新闻41篇
2015-08-01,找到相关新闻40篇
2015-08-02,找到相关新闻41篇
2015-08-03,找到相关新闻34篇
2015-08-04,找到相关新闻26篇
2015-08-05,找到相关新闻20篇
2015-08-06,找到相关新闻26篇
2015-08-07,找到相关新闻29篇
2015-08-08,找到相关新闻31篇
2015-08-09,找到相关新闻30篇
2015-08-10,找到相关新闻20篇
2015-08-11,找到相关新闻29篇
2015-08-12,找到相关新闻19篇
2015-08-13,找到相关新闻18篇
2015-08-14,找到相关新闻30篇
2015-08-15,找到相关新闻41篇
2015-08-16,找到相关新闻43篇
2015-08-17,找到相关新闻31篇
2015-08-18,找到相关新闻32篇
2015-08-19,找到相关新闻34篇
2015-08-20,找到相关新闻34篇
2015-08-21,找到相关新闻46篇
2015-08-22,找到相关新闻33篇
2015-08-23,找到相关新闻38篇
2015-08-24,找到相关新闻53篇
2015-08-25,找到相关新闻59篇
2015-08-26,找到相关新闻52篇
2015-08-27,找到相关新闻55篇
2015-08-28,找到相关新闻53篇
2015-08-29,找到相关新闻53篇
2015-08-30,找到相关新闻54篇
2015-08-31,找到相关新闻68篇
2015-09-01,找到相关新闻75篇
2015-09-02,找到相关新闻75篇
2015-09-03,找到相关新闻64篇
2015-09-04,找到相关新闻61篇
2015-09-05,找到相关新闻61篇
2015-09-06,找到相关新闻62篇
2015-09-07,找到相关新闻77篇
2015-09-08,找到相关新闻71篇
2015-09-09,找到相关新闻55篇
2015-09-10,找到相关新闻62篇
2015-09-11,找到相关新闻52篇
2015-09-12,找到相关新闻45篇
2015-09-13,找到相关新闻56篇
2015-09-14,找到相关新闻39篇
2015-09-15,找到相关新闻20篇
2015-09-16,找到相关新闻38篇
2015-09-17,找到相关新闻46篇
2015-09-18,找到相关新闻67篇
2015-09-19,找到相关新闻69篇
2015-09-20,找到相关新闻66篇
2015-09-21,找到相关新闻78篇
2015-09-22,找到相关新闻71篇
2015-09-23,找到相关新闻84篇
2015-09-24,找到相关新闻72篇
2015-09-25,找到相关新闻72篇
2015-09-26,找到相关新闻71篇
2015-09-27,找到相关新闻73篇
2015-09-28,找到相关新闻64篇
2015-09-29,找到相关新闻69篇
2015-09-30,找到相关新闻20篇
2015-10-01,找到相关新闻53篇
2015-10-02,找到相关新闻19篇
2015-10-03,找到相关新闻14篇
2015-10-04,找到相关新闻15篇
2015-10-05,找到相关新闻14篇
2015-10-06,找到相关新闻12篇
2015-10-07,找到相关新闻10篇
2015-10-08,找到相关新闻10篇
2015-10-09,找到相关新闻11篇
2015-10-10,找到相关新闻11篇
2015-10-11,找到相关新闻11篇
2015-10-12,找到相关新闻11篇
2015-10-13,找到相关新闻12篇
2015-10-14,找到相关新闻13篇
2015-10-15,找到相关新闻15篇
2015-10-16,找到相关新闻16篇
2015-10-17,找到相关新闻13篇
2015-10-18,找到相关新闻16篇
2015-10-19,找到相关新闻16篇
2015-10-20,找到相关新闻16篇
2015-10-21,找到相关新闻13篇
2015-10-22,找到相关新闻13篇
2015-10-23,找到相关新闻17篇
2015-10-24,找到相关新闻18篇
2015-10-25,找到相关新闻29篇
2015-10-26,找到相关新闻20篇
2015-10-27,找到相关新闻19篇
2015-10-28,找到相关新闻19篇
2015-10-29,找到相关新闻17篇
2015-10-30,找到相关新闻34篇
2015-10-31,找到相关新闻35篇
2015-11-01,找到相关新闻34篇
2015-11-02,找到相关新闻44篇
2015-11-03,找到相关新闻49篇
2015-11-04,找到相关新闻50篇
2015-11-05,找到相关新闻49篇
2015-11-06,找到相关新闻46篇
2015-11-07,找到相关新闻48篇
2015-11-08,找到相关新闻48篇
2015-11-09,找到相关新闻38篇
2015-11-10,找到相关新闻39篇
2015-11-11,找到相关新闻76篇
2015-11-12,找到相关新闻79篇
2015-11-13,找到相关新闻61篇
2015-11-14,找到相关新闻70篇
2015-11-15,找到相关新闻73篇
2015-11-16,找到相关新闻65篇
2015-11-17,找到相关新闻42篇
2015-11-18,找到相关新闻41篇
2015-11-19,找到相关新闻43篇
2015-11-20,找到相关新闻58篇
2015-11-21,找到相关新闻34篇
2015-11-22,找到相关新闻36篇
2015-11-23,找到相关新闻50篇
2015-11-24,找到相关新闻52篇
2015-11-25,找到相关新闻53篇
2015-11-26,找到相关新闻54篇
2015-11-27,找到相关新闻54篇
2015-11-28,找到相关新闻49篇
2015-11-29,找到相关新闻46篇
2015-11-30,找到相关新闻44篇
2015-12-01,找到相关新闻38篇
2015-12-02,找到相关新闻42篇
2015-12-03,找到相关新闻39篇
2015-12-04,找到相关新闻40篇
2015-12-05,找到相关新闻41篇
2015-12-06,找到相关新闻33篇
2015-12-07,找到相关新闻36篇
2015-12-08,找到相关新闻39篇
2015-12-09,找到相关新闻40篇
2015-12-10,找到相关新闻35篇
2015-12-11,找到相关新闻45篇
2015-12-12,找到相关新闻18篇
2015-12-13,找到相关新闻18篇
2015-12-14,找到相关新闻41篇
2015-12-15,找到相关新闻15篇
2015-12-16,找到相关新闻38篇
2015-12-17,找到相关新闻48篇
2015-12-18,找到相关新闻31篇
2015-12-19,找到相关新闻31篇
2015-12-20,找到相关新闻34篇
2015-12-21,找到相关新闻32篇
2015-12-22,找到相关新闻27篇
2015-12-23,找到相关新闻19篇
2015-12-24,找到相关新闻12篇
2015-12-25,找到相关新闻13篇
2015-12-26,找到相关新闻13篇
2015-12-27,找到相关新闻13篇
2015-12-28,找到相关新闻16篇
2015-12-29,找到相关新闻16篇
2015-12-30,找到相关新闻17篇
2015-12-31,找到相关新闻20篇
2016-01-01,找到相关新闻20篇
2016-01-02,找到相关新闻24篇
2016-01-03,找到相关新闻19篇
2016-01-04,找到相关新闻24篇
2016-01-05,找到相关新闻29篇
2016-01-06,找到相关新闻29篇
2016-01-07,找到相关新闻45篇
2016-01-08,找到相关新闻60篇
2016-01-09,找到相关新闻65篇
2016-01-10,找到相关新闻69篇
2016-01-11,找到相关新闻70篇
2016-01-12,找到相关新闻76篇
2016-01-13,找到相关新闻81篇
2016-01-14,找到相关新闻85篇
2016-01-15,找到相关新闻82篇
2016-01-16,找到相关新闻117篇
2016-01-17,找到相关新闻124篇
2016-01-18,找到相关新闻135篇
2016-01-19,找到相关新闻132篇
2016-01-20,找到相关新闻133篇
2016-01-21,找到相关新闻129篇
2016-01-22,找到相关新闻127篇
2016-01-23,找到相关新闻127篇
2016-01-24,找到相关新闻124篇
2016-01-25,找到相关新闻120篇
2016-01-26,找到相关新闻115篇
2016-01-27,找到相关新闻109篇
2016-01-28,找到相关新闻106篇
2016-01-29,找到相关新闻101篇
2016-01-30,找到相关新闻61篇
2016-01-31,找到相关新闻56篇
2016-02-01,找到相关新闻51篇
2016-02-02,找到相关新闻42篇
2016-02-03,找到相关新闻40篇
2016-02-04,找到相关新闻35篇
2016-02-05,找到相关新闻18篇
2016-02-06,找到相关新闻18篇
2016-02-07,找到相关新闻16篇
2016-02-08,找到相关新闻16篇
2016-02-09,找到相关新闻16篇
2016-02-10,找到相关新闻15篇
2016-02-11,找到相关新闻13篇
2016-02-12,找到相关新闻9篇
2016-02-13,找到相关新闻9篇
2016-02-14,找到相关新闻10篇
2016-02-15,找到相关新闻2篇
2016-02-16,找到相关新闻5篇
2016-02-17,找到相关新闻5篇
2016-02-18,找到相关新闻11篇
2016-02-19,找到相关新闻10篇
2016-02-20,找到相关新闻71篇
2016-02-21,找到相关新闻107篇
2016-02-22,找到相关新闻136篇
2016-02-23,找到相关新闻182篇
2016-02-24,找到相关新闻154篇
2016-02-25,找到相关新闻157篇
2016-02-26,找到相关新闻161篇
2016-02-27,找到相关新闻162篇
2016-02-28,找到相关新闻196篇
2016-02-29,找到相关新闻204篇
2016-03-01,找到相关新闻212篇
2016-03-02,找到相关新闻211篇
2016-03-03,找到相关新闻208篇
2016-03-04,找到相关新闻206篇
2016-03-05,找到相关新闻144篇
2016-03-06,找到相关新闻84篇
2016-03-07,找到相关新闻61篇
2016-03-08,找到相关新闻45篇
2016-03-09,找到相关新闻52篇
2016-03-10,找到相关新闻50篇
2016-03-11,找到相关新闻48篇
2016-03-12,找到相关新闻74篇
2016-03-13,找到相关新闻82篇
2016-03-14,找到相关新闻78篇
2016-03-15,找到相关新闻89篇
2016-03-16,找到相关新闻78篇
2016-03-17,找到相关新闻78篇
2016-03-18,找到相关新闻99篇
2016-03-19,找到相关新闻82篇
2016-03-20,找到相关新闻82篇
2016-03-21,找到相关新闻100篇
2016-03-22,找到相关新闻88篇
2016-03-23,找到相关新闻96篇
2016-03-24,找到相关新闻84篇
2016-03-25,找到相关新闻86篇
2016-03-26,找到相关新闻49篇
2016-03-27,找到相关新闻46篇
2016-03-28,找到相关新闻42篇
2016-03-29,找到相关新闻41篇
2016-03-30,找到相关新闻37篇
2016-03-31,找到相关新闻38篇
2016-04-01,找到相关新闻41篇
2016-04-02,找到相关新闻28篇
2016-04-03,找到相关新闻26篇
2016-04-04,找到相关新闻25篇
2016-04-05,找到相关新闻20篇
2016-04-06,找到相关新闻20篇
2016-04-07,找到相关新闻23篇
2016-04-08,找到相关新闻26篇
2016-04-09,找到相关新闻16篇
2016-04-10,找到相关新闻15篇
2016-04-11,找到相关新闻14篇
2016-04-12,找到相关新闻14篇
2016-04-13,找到相关新闻14篇
2016-04-14,找到相关新闻18篇
2016-04-15,找到相关新闻15篇
2016-04-16,找到相关新闻14篇
2016-04-17,找到相关新闻15篇
2016-04-18,找到相关新闻19篇
2016-04-19,找到相关新闻17篇
2016-04-20,找到相关新闻14篇
2016-04-21,找到相关新闻17篇
2016-04-22,找到相关新闻17篇
2016-04-23,找到相关新闻10篇
2016-04-24,找到相关新闻10篇
2016-04-25,找到相关新闻15篇
2016-04-26,找到相关新闻19篇
2016-04-27,找到相关新闻7篇
2016-04-28,找到相关新闻7篇
2016-04-29,找到相关新闻9篇
2016-04-30,找到相关新闻10篇
2016-05-01,找到相关新闻10篇
2016-05-02,找到相关新闻8篇
2016-05-03,找到相关新闻9篇
2016-05-04,找到相关新闻9篇
2016-05-05,找到相关新闻10篇
2016-05-06,找到相关新闻9篇
2016-05-07,找到相关新闻10篇
2016-05-08,找到相关新闻11篇
2016-05-09,找到相关新闻12篇
2016-05-10,找到相关新闻12篇
2016-05-11,找到相关新闻27篇
2016-05-12,找到相关新闻28篇
2016-05-13,找到相关新闻26篇
2016-05-14,找到相关新闻31篇
2016-05-15,找到相关新闻31篇
2016-05-16,找到相关新闻32篇
2016-05-17,找到相关新闻19篇
2016-05-18,找到相关新闻19篇
2016-05-19,找到相关新闻20篇
2016-05-20,找到相关新闻20篇
2016-05-21,找到相关新闻19篇
2016-05-22,找到相关新闻18篇
2016-05-23,找到相关新闻16篇
2016-05-24,找到相关新闻15篇
2016-05-25,找到相关新闻13篇
2016-05-26,找到相关新闻17篇
2016-05-27,找到相关新闻17篇
2016-05-28,找到相关新闻12篇
2016-05-29,找到相关新闻12篇
2016-05-30,找到相关新闻15篇
2016-05-31,找到相关新闻19篇
2016-06-01,找到相关新闻34篇
2016-06-02,找到相关新闻18篇
2016-06-03,找到相关新闻39篇
2016-06-04,找到相关新闻40篇
2016-06-05,找到相关新闻41篇
2016-06-06,找到相关新闻43篇
2016-06-07,找到相关新闻42篇
2016-06-08,找到相关新闻43篇
2016-06-09,找到相关新闻41篇
2016-06-10,找到相关新闻40篇
2016-06-11,找到相关新闻39篇
2016-06-12,找到相关新闻37篇
2016-06-13,找到相关新闻47篇
2016-06-14,找到相关新闻43篇
2016-06-15,找到相关新闻50篇
2016-06-16,找到相关新闻26篇
2016-06-17,找到相关新闻25篇
2016-06-18,找到相关新闻26篇
2016-06-19,找到相关新闻45篇
2016-06-20,找到相关新闻32篇
2016-06-21,找到相关新闻17篇
2016-06-22,找到相关新闻17篇
2016-06-23,找到相关新闻17篇
2016-06-24,找到相关新闻19篇
2016-06-25,找到相关新闻24篇
2016-06-26,找到相关新闻30篇
2016-06-27,找到相关新闻41篇
2016-06-28,找到相关新闻40篇
2016-06-29,找到相关新闻20篇
2016-06-30,找到相关新闻20篇
2016-07-01,找到相关新闻19篇
2016-07-02,找到相关新闻17篇
2016-07-03,找到相关新闻15篇
2016-07-04,找到相关新闻16篇
2016-07-05,找到相关新闻13篇
2016-07-06,找到相关新闻26篇
2016-07-07,找到相关新闻17篇
2016-07-08,找到相关新闻15篇
2016-07-09,找到相关新闻14篇
2016-07-10,找到相关新闻13篇
2016-07-11,找到相关新闻14篇
2016-07-12,找到相关新闻15篇
2016-07-13,找到相关新闻16篇
2016-07-14,找到相关新闻19篇
2016-07-15,找到相关新闻20篇
2016-07-16,找到相关新闻18篇
2016-07-17,找到相关新闻18篇
2016-07-18,找到相关新闻9篇
2016-07-19,找到相关新闻18篇
2016-07-20,找到相关新闻9篇
2016-07-21,找到相关新闻13篇
2016-07-22,找到相关新闻17篇
2016-07-23,找到相关新闻18篇
2016-07-24,找到相关新闻20篇
2016-07-25,找到相关新闻20篇
2016-07-26,找到相关新闻27篇
2016-07-27,找到相关新闻29篇
2016-07-28,找到相关新闻28篇
2016-07-29,找到相关新闻27篇
2016-07-30,找到相关新闻27篇
2016-07-31,找到相关新闻27篇
2016-08-01,找到相关新闻29篇
2016-08-02,找到相关新闻20篇
2016-08-03,找到相关新闻24篇
2016-08-04,找到相关新闻26篇
2016-08-05,找到相关新闻23篇
2016-08-06,找到相关新闻25篇
2016-08-07,找到相关新闻24篇
2016-08-08,找到相关新闻35篇
2016-08-09,找到相关新闻24篇
2016-08-10,找到相关新闻27篇
2016-08-11,找到相关新闻31篇
2016-08-12,找到相关新闻29篇
2016-08-13,找到相关新闻27篇
2016-08-14,找到相关新闻29篇
2016-08-15,找到相关新闻26篇
2016-08-16,找到相关新闻32篇
2016-08-17,找到相关新闻44篇
2016-08-18,找到相关新闻47篇
2016-08-19,找到相关新闻48篇
2016-08-20,找到相关新闻33篇
2016-08-21,找到相关新闻31篇
2016-08-22,找到相关新闻20篇
2016-08-23,找到相关新闻18篇
2016-08-24,找到相关新闻15篇
2016-08-25,找到相关新闻13篇
2016-08-26,找到相关新闻18篇
2016-08-27,找到相关新闻18篇
2016-08-28,找到相关新闻17篇
2016-08-29,找到相关新闻17篇
2016-08-30,找到相关新闻15篇
2016-08-31,找到相关新闻13篇
2016-09-01,找到相关新闻9篇
2016-09-02,找到相关新闻8篇
2016-09-03,找到相关新闻11篇
2016-09-04,找到相关新闻11篇
2016-09-05,找到相关新闻11篇
2016-09-06,找到相关新闻12篇
2016-09-07,找到相关新闻12篇
2016-09-08,找到相关新闻11篇
2016-09-09,找到相关新闻7篇
2016-09-10,找到相关新闻8篇
2016-09-11,找到相关新闻10篇
2016-09-12,找到相关新闻11篇
2016-09-13,找到相关新闻9篇
2016-09-14,找到相关新闻11篇
2016-09-15,找到相关新闻11篇
2016-09-16,找到相关新闻12篇
2016-09-17,找到相关新闻10篇
2016-09-18,找到相关新闻12篇
2016-09-19,找到相关新闻12篇
2016-09-20,找到相关新闻12篇
2016-09-21,找到相关新闻12篇
2016-09-22,找到相关新闻12篇
2016-09-23,找到相关新闻13篇
2016-09-24,找到相关新闻12篇
2016-09-25,找到相关新闻10篇
2016-09-26,找到相关新闻17篇
2016-09-27,找到相关新闻10篇
2016-09-28,找到相关新闻15篇
2016-09-29,找到相关新闻15篇
2016-09-30,找到相关新闻13篇
2016-10-01,找到相关新闻15篇
2016-10-02,找到相关新闻17篇
2016-10-03,找到相关新闻19篇
2016-10-04,找到相关新闻19篇
2016-10-05,找到相关新闻19篇
2016-10-06,找到相关新闻19篇
2016-10-07,找到相关新闻17篇
2016-10-08,找到相关新闻17篇
2016-10-09,找到相关新闻18篇
2016-10-10,找到相关新闻40篇
2016-10-11,找到相关新闻41篇
2016-10-12,找到相关新闻17篇
2016-10-13,找到相关新闻44篇
2016-10-14,找到相关新闻35篇
2016-10-15,找到相关新闻31篇
2016-10-16,找到相关新闻18篇
2016-10-17,找到相关新闻15篇
2016-10-18,找到相关新闻15篇
2016-10-19,找到相关新闻16篇
2016-10-20,找到相关新闻17篇
2016-10-21,找到相关新闻17篇
2016-10-22,找到相关新闻16篇
2016-10-23,找到相关新闻16篇
2016-10-24,找到相关新闻27篇
2016-10-25,找到相关新闻28篇
2016-10-26,找到相关新闻18篇
2016-10-27,找到相关新闻16篇
2016-10-28,找到相关新闻10篇
2016-10-29,找到相关新闻10篇
2016-10-30,找到相关新闻9篇
2016-10-31,找到相关新闻10篇
2016-11-01,找到相关新闻11篇
2016-11-02,找到相关新闻10篇
2016-11-03,找到相关新闻9篇
2016-11-04,找到相关新闻9篇
2016-11-05,找到相关新闻9篇
2016-11-06,找到相关新闻10篇
2016-11-07,找到相关新闻10篇
2016-11-08,找到相关新闻11篇
2016-11-09,找到相关新闻14篇
2016-11-10,找到相关新闻16篇
2016-11-11,找到相关新闻17篇
2016-11-12,找到相关新闻15篇
2016-11-13,找到相关新闻15篇
2016-11-14,找到相关新闻14篇
2016-11-15,找到相关新闻13篇
2016-11-16,找到相关新闻15篇
2016-11-17,找到相关新闻17篇
2016-11-18,找到相关新闻18篇
2016-11-19,找到相关新闻20篇
2016-11-20,找到相关新闻19篇
2016-11-21,找到相关新闻48篇
2016-11-22,找到相关新闻48篇
2016-11-23,找到相关新闻18篇
2016-11-24,找到相关新闻16篇
2016-11-25,找到相关新闻19篇
2016-11-26,找到相关新闻20篇
2016-11-27,找到相关新闻20篇
2016-11-28,找到相关新闻34篇
2016-11-29,找到相关新闻37篇
2016-11-30,找到相关新闻37篇
2016-12-01,找到相关新闻38篇
2016-12-02,找到相关新闻38篇
2016-12-03,找到相关新闻27篇
2016-12-04,找到相关新闻29篇
2016-12-05,找到相关新闻50篇
2016-12-06,找到相关新闻38篇
2016-12-07,找到相关新闻35篇
2016-12-08,找到相关新闻35篇
2016-12-09,找到相关新闻35篇
2016-12-10,找到相关新闻36篇
2016-12-11,找到相关新闻49篇
2016-12-12,找到相关新闻30篇
2016-12-13,找到相关新闻41篇
2016-12-14,找到相关新闻52篇
2016-12-15,找到相关新闻51篇
2016-12-16,找到相关新闻51篇
2016-12-17,找到相关新闻47篇
2016-12-18,找到相关新闻29篇
2016-12-19,找到相关新闻33篇
2016-12-20,找到相关新闻46篇
2016-12-21,找到相关新闻27篇
2016-12-22,找到相关新闻46篇
2016-12-23,找到相关新闻46篇
2016-12-24,找到相关新闻49篇
2016-12-25,找到相关新闻49篇
2016-12-26,找到相关新闻33篇
2016-12-27,找到相关新闻15篇
2016-12-28,找到相关新闻20篇
2016-12-29,找到相关新闻19篇
2016-12-30,找到相关新闻19篇
2016-12-31,找到相关新闻19篇
2017-01-01,找到相关新闻20篇
2017-01-02,找到相关新闻19篇
2017-01-03,找到相关新闻20篇
2017-01-04,找到相关新闻43篇
2017-01-05,找到相关新闻18篇
2017-01-06,找到相关新闻18篇
2017-01-07,找到相关新闻18篇
2017-01-08,找到相关新闻18篇
2017-01-09,找到相关新闻37篇
2017-01-10,找到相关新闻20篇
2017-01-11,找到相关新闻39篇
2017-01-12,找到相关新闻19篇
2017-01-13,找到相关新闻32篇
2017-01-14,找到相关新闻19篇
2017-01-15,找到相关新闻18篇
2017-01-16,找到相关新闻20篇
2017-01-17,找到相关新闻30篇
2017-01-18,找到相关新闻20篇
2017-01-19,找到相关新闻45篇
2017-01-20,找到相关新闻41篇
2017-01-21,找到相关新闻46篇
2017-01-22,找到相关新闻46篇
2017-01-23,找到相关新闻49篇
2017-01-24,找到相关新闻52篇
2017-01-25,找到相关新闻42篇
2017-01-26,找到相关新闻45篇
2017-01-27,找到相关新闻55篇
2017-01-28,找到相关新闻42篇
2017-01-29,找到相关新闻42篇
2017-01-30,找到相关新闻40篇
2017-01-31,找到相关新闻34篇
2017-02-01,找到相关新闻32篇
2017-02-02,找到相关新闻20篇
2017-02-03,找到相关新闻25篇
2017-02-04,找到相关新闻16篇
2017-02-05,找到相关新闻16篇
2017-02-06,找到相关新闻10篇
2017-02-07,找到相关新闻12篇
2017-02-08,找到相关新闻12篇
2017-02-09,找到相关新闻13篇
2017-02-10,找到相关新闻41篇
2017-02-11,找到相关新闻50篇
2017-02-12,找到相关新闻19篇
2017-02-13,找到相关新闻37篇
2017-02-14,找到相关新闻37篇
2017-02-15,找到相关新闻38篇
2017-02-16,找到相关新闻44篇
2017-02-17,找到相关新闻90篇
2017-02-18,找到相关新闻95篇
2017-02-19,找到相关新闻53篇
2017-02-20,找到相关新闻111篇
2017-02-21,找到相关新闻112篇
2017-02-22,找到相关新闻115篇
2017-02-23,找到相关新闻110篇
2017-02-24,找到相关新闻111篇
2017-02-25,找到相关新闻108篇
2017-02-26,找到相关新闻112篇
2017-02-27,找到相关新闻122篇
2017-02-28,找到相关新闻112篇
2017-03-01,找到相关新闻135篇
2017-03-02,找到相关新闻131篇
2017-03-03,找到相关新闻111篇
2017-03-04,找到相关新闻110篇
2017-03-05,找到相关新闻109篇
2017-03-06,找到相关新闻106篇
2017-03-07,找到相关新闻102篇
2017-03-08,找到相关新闻106篇
2017-03-09,找到相关新闻108篇
2017-03-10,找到相关新闻95篇
2017-03-11,找到相关新闻96篇
2017-03-12,找到相关新闻51篇
2017-03-13,找到相关新闻50篇
2017-03-14,找到相关新闻53篇
2017-03-15,找到相关新闻41篇
2017-03-16,找到相关新闻41篇
2017-03-17,找到相关新闻46篇
2017-03-18,找到相关新闻98篇
2017-03-19,找到相关新闻70篇
2017-03-20,找到相关新闻70篇
2017-03-21,找到相关新闻50篇
2017-03-22,找到相关新闻63篇
2017-03-23,找到相关新闻87篇
2017-03-24,找到相关新闻57篇
2017-03-25,找到相关新闻38篇
2017-03-26,找到相关新闻38篇
2017-03-27,找到相关新闻35篇
2017-03-28,找到相关新闻29篇
2017-03-29,找到相关新闻35篇
2017-03-30,找到相关新闻35篇
2017-03-31,找到相关新闻39篇
2017-04-01,找到相关新闻47篇
2017-04-02,找到相关新闻46篇
2017-04-03,找到相关新闻46篇
2017-04-04,找到相关新闻48篇
2017-04-05,找到相关新闻51篇
2017-04-06,找到相关新闻54篇
2017-04-07,找到相关新闻55篇
2017-04-08,找到相关新闻41篇
2017-04-09,找到相关新闻65篇
2017-04-10,找到相关新闻20篇
2017-04-11,找到相关新闻19篇
2017-04-12,找到相关新闻19篇
2017-04-13,找到相关新闻20篇
2017-04-14,找到相关新闻18篇
2017-04-15,找到相关新闻45篇
2017-04-16,找到相关新闻15篇
2017-04-17,找到相关新闻51篇
2017-04-18,找到相关新闻53篇
2017-04-19,找到相关新闻17篇
2017-04-20,找到相关新闻16篇
2017-04-21,找到相关新闻19篇
2017-04-22,找到相关新闻20篇
2017-04-23,找到相关新闻33篇
2017-04-24,找到相关新闻54篇
2017-04-25,找到相关新闻56篇
2017-04-26,找到相关新闻38篇
2017-04-27,找到相关新闻37篇
2017-04-28,找到相关新闻35篇
2017-04-29,找到相关新闻31篇
2017-04-30,找到相关新闻31篇
2017-05-01,找到相关新闻29篇
2017-05-02,找到相关新闻31篇
2017-05-03,找到相关新闻33篇
2017-05-04,找到相关新闻45篇
2017-05-05,找到相关新闻39篇
2017-05-06,找到相关新闻59篇
2017-05-07,找到相关新闻59篇
2017-05-08,找到相关新闻41篇
2017-05-09,找到相关新闻41篇
2017-05-10,找到相关新闻39篇
2017-05-11,找到相关新闻40篇
2017-05-12,找到相关新闻41篇
2017-05-13,找到相关新闻41篇
2017-05-14,找到相关新闻42篇
2017-05-15,找到相关新闻44篇
2017-05-16,找到相关新闻40篇
2017-05-17,找到相关新闻42篇
2017-05-18,找到相关新闻41篇
2017-05-19,找到相关新闻58篇
2017-05-20,找到相关新闻27篇
2017-05-21,找到相关新闻26篇
2017-05-22,找到相关新闻20篇
2017-05-23,找到相关新闻23篇
2017-05-24,找到相关新闻27篇
2017-05-25,找到相关新闻28篇
2017-05-26,找到相关新闻53篇
2017-05-27,找到相关新闻74篇
2017-05-28,找到相关新闻124篇
2017-05-29,找到相关新闻122篇
2017-05-30,找到相关新闻128篇
2017-05-31,找到相关新闻75篇
2017-06-01,找到相关新闻100篇
2017-06-02,找到相关新闻96篇
2017-06-03,找到相关新闻128篇
2017-06-04,找到相关新闻102篇
2017-06-05,找到相关新闻108篇
2017-06-06,找到相关新闻118篇
2017-06-07,找到相关新闻116篇
2017-06-08,找到相关新闻108篇
2017-06-09,找到相关新闻74篇
2017-06-10,找到相关新闻81篇
2017-06-11,找到相关新闻43篇
2017-06-12,找到相关新闻42篇
2017-06-13,找到相关新闻38篇
2017-06-14,找到相关新闻65篇
2017-06-15,找到相关新闻64篇
2017-06-16,找到相关新闻67篇
2017-06-17,找到相关新闻66篇
2017-06-18,找到相关新闻43篇
2017-06-19,找到相关新闻83篇
2017-06-20,找到相关新闻46篇
2017-06-21,找到相关新闻73篇
2017-06-22,找到相关新闻77篇
2017-06-23,找到相关新闻75篇
2017-06-24,找到相关新闻78篇
2017-06-25,找到相关新闻78篇
2017-06-26,找到相关新闻75篇
2017-06-27,找到相关新闻98篇
2017-06-28,找到相关新闻67篇
2017-06-29,找到相关新闻45篇
2017-06-30,找到相关新闻82篇
2017-07-01,找到相关新闻65篇
2017-07-02,找到相关新闻64篇
2017-07-03,找到相关新闻56篇
2017-07-04,找到相关新闻42篇
2017-07-05,找到相关新闻38篇
2017-07-06,找到相关新闻36篇
2017-07-07,找到相关新闻37篇
2017-07-08,找到相关新闻33篇
2017-07-09,找到相关新闻33篇
2017-07-10,找到相关新闻32篇
2017-07-11,找到相关新闻32篇
2017-07-12,找到相关新闻32篇
2017-07-13,找到相关新闻31篇
2017-07-14,找到相关新闻28篇
2017-07-15,找到相关新闻27篇
2017-07-16,找到相关新闻27篇
2017-07-17,找到相关新闻25篇
2017-07-18,找到相关新闻25篇
2017-07-19,找到相关新闻33篇
2017-07-20,找到相关新闻34篇
2017-07-21,找到相关新闻32篇
2017-07-22,找到相关新闻33篇
2017-07-23,找到相关新闻37篇
2017-07-24,找到相关新闻35篇
2017-07-25,找到相关新闻34篇
2017-07-26,找到相关新闻35篇
2017-07-27,找到相关新闻39篇
2017-07-28,找到相关新闻41篇
2017-07-29,找到相关新闻38篇
2017-07-30,找到相关新闻36篇
2017-07-31,找到相关新闻36篇
2017-08-01,找到相关新闻33篇
2017-08-02,找到相关新闻22篇
2017-08-03,找到相关新闻22篇
2017-08-04,找到相关新闻26篇
2017-08-05,找到相关新闻26篇
2017-08-06,找到相关新闻24篇
2017-08-07,找到相关新闻24篇
2017-08-08,找到相关新闻23篇
2017-08-09,找到相关新闻20篇
2017-08-10,找到相关新闻15篇
2017-08-11,找到相关新闻17篇
2017-08-12,找到相关新闻17篇
2017-08-13,找到相关新闻18篇
2017-08-14,找到相关新闻18篇
2017-08-15,找到相关新闻25篇
2017-08-16,找到相关新闻33篇
2017-08-17,找到相关新闻33篇
2017-08-18,找到相关新闻29篇
2017-08-19,找到相关新闻29篇
2017-08-20,找到相关新闻30篇
2017-08-21,找到相关新闻34篇
2017-08-22,找到相关新闻35篇
2017-08-23,找到相关新闻32篇
2017-08-24,找到相关新闻32篇
2017-08-25,找到相关新闻31篇
2017-08-26,找到相关新闻32篇
2017-08-27,找到相关新闻15篇
2017-08-28,找到相关新闻32篇
2017-08-29,找到相关新闻18篇
2017-08-30,找到相关新闻14篇
2017-08-31,找到相关新闻14篇
2017-09-01,找到相关新闻20篇
2017-09-02,找到相关新闻20篇
2017-09-03,找到相关新闻19篇
2017-09-04,找到相关新闻16篇
2017-09-05,找到相关新闻19篇
2017-09-06,找到相关新闻26篇
2017-09-07,找到相关新闻28篇
2017-09-08,找到相关新闻28篇
2017-09-09,找到相关新闻30篇
2017-09-10,找到相关新闻28篇
2017-09-11,找到相关新闻28篇
2017-09-12,找到相关新闻29篇
2017-09-13,找到相关新闻27篇
2017-09-14,找到相关新闻24篇
2017-09-15,找到相关新闻17篇
2017-09-16,找到相关新闻16篇
2017-09-17,找到相关新闻17篇
2017-09-18,找到相关新闻39篇
2017-09-19,找到相关新闻37篇
2017-09-20,找到相关新闻17篇
2017-09-21,找到相关新闻33篇
2017-09-22,找到相关新闻30篇
2017-09-23,找到相关新闻29篇
2017-09-24,找到相关新闻30篇
2017-09-25,找到相关新闻38篇
2017-09-26,找到相关新闻34篇
2017-09-27,找到相关新闻18篇
2017-09-28,找到相关新闻45篇
2017-09-29,找到相关新闻44篇
2017-09-30,找到相关新闻35篇
2017-10-01,找到相关新闻34篇
2017-10-02,找到相关新闻33篇
2017-10-03,找到相关新闻41篇
2017-10-04,找到相关新闻36篇
2017-10-05,找到相关新闻36篇
2017-10-06,找到相关新闻7篇
2017-10-07,找到相关新闻7篇
2017-10-08,找到相关新闻7篇
2017-10-09,找到相关新闻4篇
2017-10-10,找到相关新闻7篇
2017-10-11,找到相关新闻7篇
2017-10-12,找到相关新闻10篇
2017-10-13,找到相关新闻15篇
2017-10-14,找到相关新闻15篇
2017-10-15,找到相关新闻15篇
2017-10-16,找到相关新闻12篇
2017-10-17,找到相关新闻13篇
2017-10-18,找到相关新闻13篇
2017-10-19,找到相关新闻19篇
2017-10-20,找到相关新闻19篇
2017-10-21,找到相关新闻19篇
2017-10-22,找到相关新闻19篇
2017-10-23,找到相关新闻45篇
2017-10-24,找到相关新闻18篇
2017-10-25,找到相关新闻19篇
2017-10-26,找到相关新闻15篇
2017-10-27,找到相关新闻11篇
2017-10-28,找到相关新闻12篇
2017-10-29,找到相关新闻13篇
2017-10-30,找到相关新闻12篇
2017-10-31,找到相关新闻11篇
2017-11-01,找到相关新闻17篇
2017-11-02,找到相关新闻17篇
2017-11-03,找到相关新闻19篇
2017-11-04,找到相关新闻23篇
2017-11-05,找到相关新闻27篇
2017-11-06,找到相关新闻29篇
2017-11-07,找到相关新闻30篇
2017-11-08,找到相关新闻31篇
2017-11-09,找到相关新闻33篇
2017-11-10,找到相关新闻35篇
2017-11-11,找到相关新闻36篇
2017-11-12,找到相关新闻36篇
2017-11-13,找到相关新闻39篇
2017-11-14,找到相关新闻45篇
2017-11-15,找到相关新闻44篇
2017-11-16,找到相关新闻44篇
2017-11-17,找到相关新闻57篇
2017-11-18,找到相关新闻60篇
2017-11-19,找到相关新闻30篇
2017-11-20,找到相关新闻28篇
2017-11-21,找到相关新闻82篇
2017-11-22,找到相关新闻29篇
2017-11-23,找到相关新闻86篇
2017-11-24,找到相关新闻57篇
2017-11-25,找到相关新闻77篇
2017-11-26,找到相关新闻52篇
2017-11-27,找到相关新闻17篇
2017-11-28,找到相关新闻76篇
2017-11-29,找到相关新闻47篇
2017-11-30,找到相关新闻48篇
2017-12-01,找到相关新闻30篇
2017-12-02,找到相关新闻19篇
2017-12-03,找到相关新闻20篇
2017-12-04,找到相关新闻30篇
2017-12-05,找到相关新闻50篇
2017-12-06,找到相关新闻33篇
2017-12-07,找到相关新闻33篇
2017-12-08,找到相关新闻51篇
2017-12-09,找到相关新闻51篇
2017-12-10,找到相关新闻51篇
2017-12-11,找到相关新闻60篇
2017-12-12,找到相关新闻57篇
2017-12-13,找到相关新闻64篇
2017-12-14,找到相关新闻61篇
2017-12-15,找到相关新闻70篇
2017-12-16,找到相关新闻54篇
2017-12-17,找到相关新闻72篇
2017-12-18,找到相关新闻70篇
2017-12-19,找到相关新闻62篇
2017-12-20,找到相关新闻86篇
2017-12-21,找到相关新闻88篇
2017-12-22,找到相关新闻70篇
2017-12-23,找到相关新闻97篇
2017-12-24,找到相关新闻75篇
2017-12-25,找到相关新闻95篇
2017-12-26,找到相关新闻71篇
2017-12-27,找到相关新闻70篇
2017-12-28,找到相关新闻75篇
2017-12-29,找到相关新闻73篇
2017-12-30,找到相关新闻82篇
2017-12-31,找到相关新闻67篇
2018-01-01,找到相关新闻67篇
2018-01-02,找到相关新闻80篇
2018-01-03,找到相关新闻69篇
2018-01-04,找到相关新闻68篇
2018-01-05,找到相关新闻62篇
2018-01-06,找到相关新闻59篇
2018-01-07,找到相关新闻54篇
2018-01-08,找到相关新闻59篇
2018-01-09,找到相关新闻53篇
2018-01-10,找到相关新闻51篇
2018-01-11,找到相关新闻48篇
2018-01-12,找到相关新闻34篇
2018-01-13,找到相关新闻33篇
2018-01-14,找到相关新闻34篇
2018-01-15,找到相关新闻34篇
2018-01-16,找到相关新闻38篇
2018-01-17,找到相关新闻39篇
2018-01-18,找到相关新闻35篇
2018-01-19,找到相关新闻34篇
2018-01-20,找到相关新闻37篇
2018-01-21,找到相关新闻40篇
2018-01-22,找到相关新闻36篇
2018-01-23,找到相关新闻37篇
2018-01-24,找到相关新闻31篇
2018-01-25,找到相关新闻29篇
2018-01-26,找到相关新闻33篇
2018-01-27,找到相关新闻55篇
2018-01-28,找到相关新闻33篇
2018-01-29,找到相关新闻33篇
2018-01-30,找到相关新闻59篇
2018-01-31,找到相关新闻40篇
2018-02-01,找到相关新闻50篇
2018-02-02,找到相关新闻55篇
2018-02-03,找到相关新闻53篇
2018-02-04,找到相关新闻52篇
2018-02-05,找到相关新闻52篇
2018-02-06,找到相关新闻76篇
2018-02-07,找到相关新闻79篇
2018-02-08,找到相关新闻55篇
2018-02-09,找到相关新闻78篇
2018-02-10,找到相关新闻44篇
2018-02-11,找到相关新闻95篇
2018-02-12,找到相关新闻103篇
2018-02-13,找到相关新闻103篇
2018-02-14,找到相关新闻48篇
2018-02-15,找到相关新闻38篇
2018-02-16,找到相关新闻67篇
2018-02-17,找到相关新闻65篇
2018-02-18,找到相关新闻20篇
2018-02-19,找到相关新闻28篇
2018-02-20,找到相关新闻19篇
2018-02-21,找到相关新闻19篇
2018-02-22,找到相关新闻20篇
2018-02-23,找到相关新闻28篇
2018-02-24,找到相关新闻63篇
2018-02-25,找到相关新闻13篇
2018-02-26,找到相关新闻44篇
2018-02-27,找到相关新闻42篇
2018-02-28,找到相关新闻11篇
2018-03-01,找到相关新闻11篇
2018-03-02,找到相关新闻35篇
2018-03-03,找到相关新闻35篇
2018-03-04,找到相关新闻37篇
2018-03-05,找到相关新闻103篇
2018-03-06,找到相关新闻55篇
2018-03-07,找到相关新闻62篇
2018-03-08,找到相关新闻62篇
2018-03-09,找到相关新闻61篇
2018-03-10,找到相关新闻85篇
2018-03-11,找到相关新闻84篇
2018-03-12,找到相关新闻111篇
2018-03-13,找到相关新闻92篇
2018-03-14,找到相关新闻105篇
2018-03-15,找到相关新闻150篇
2018-03-16,找到相关新闻73篇
2018-03-17,找到相关新闻137篇
2018-03-18,找到相关新闻102篇
2018-03-19,找到相关新闻128篇
2018-03-20,找到相关新闻117篇
2018-03-21,找到相关新闻112篇
2018-03-22,找到相关新闻89篇
2018-03-23,找到相关新闻82篇
2018-03-24,找到相关新闻87篇
2018-03-25,找到相关新闻91篇
2018-03-26,找到相关新闻111篇
2018-03-27,找到相关新闻80篇
2018-03-28,找到相关新闻82篇
2018-03-29,找到相关新闻35篇
2018-03-30,找到相关新闻63篇
2018-03-31,找到相关新闻62篇
2018-04-01,找到相关新闻45篇
2018-04-02,找到相关新闻60篇
2018-04-03,找到相关新闻66篇
2018-04-04,找到相关新闻52篇
2018-04-05,找到相关新闻66篇
2018-04-06,找到相关新闻51篇
2018-04-07,找到相关新闻42篇
2018-04-08,找到相关新闻44篇
2018-04-09,找到相关新闻43篇
2018-04-10,找到相关新闻53篇
2018-04-11,找到相关新闻46篇
2018-04-12,找到相关新闻68篇
2018-04-13,找到相关新闻58篇
2018-04-14,找到相关新闻19篇
2018-04-15,找到相关新闻57篇
2018-04-16,找到相关新闻44篇
2018-04-17,找到相关新闻39篇
2018-04-18,找到相关新闻34篇
2018-04-19,找到相关新闻34篇
2018-04-20,找到相关新闻36篇
2018-04-21,找到相关新闻36篇
2018-04-22,找到相关新闻34篇
2018-04-23,找到相关新闻34篇
2018-04-24,找到相关新闻32篇
2018-04-25,找到相关新闻17篇
2018-04-26,找到相关新闻13篇
2018-04-27,找到相关新闻14篇
2018-04-28,找到相关新闻13篇
2018-04-29,找到相关新闻13篇
2018-04-30,找到相关新闻15篇
2018-05-01,找到相关新闻13篇
2018-05-02,找到相关新闻13篇
2018-05-03,找到相关新闻16篇
2018-05-04,找到相关新闻15篇
2018-05-05,找到相关新闻17篇
2018-05-06,找到相关新闻23篇
2018-05-07,找到相关新闻46篇
2018-05-08,找到相关新闻35篇
2018-05-09,找到相关新闻65篇
2018-05-10,找到相关新闻43篇
2018-05-11,找到相关新闻87篇
2018-05-12,找到相关新闻91篇
2018-05-13,找到相关新闻90篇
2018-05-14,找到相关新闻102篇
2018-05-15,找到相关新闻87篇
2018-05-16,找到相关新闻90篇
2018-05-17,找到相关新闻91篇
2018-05-18,找到相关新闻95篇
2018-05-19,找到相关新闻84篇
2018-05-20,找到相关新闻78篇
2018-05-21,找到相关新闻80篇
2018-05-22,找到相关新闻71篇
2018-05-23,找到相关新闻103篇
2018-05-24,找到相关新闻77篇
2018-05-25,找到相关新闻66篇
2018-05-26,找到相关新闻78篇
2018-05-27,找到相关新闻76篇
2018-05-28,找到相关新闻65篇
2018-05-29,找到相关新闻81篇
2018-05-30,找到相关新闻86篇
2018-05-31,找到相关新闻68篇
2018-06-01,找到相关新闻73篇
2018-06-02,找到相关新闻72篇
2018-06-03,找到相关新闻72篇
2018-06-04,找到相关新闻73篇
2018-06-05,找到相关新闻81篇
2018-06-06,找到相关新闻79篇
2018-06-07,找到相关新闻73篇
2018-06-08,找到相关新闻69篇
2018-06-09,找到相关新闻73篇
2018-06-10,找到相关新闻76篇
2018-06-11,找到相关新闻80篇
2018-06-12,找到相关新闻62篇
2018-06-13,找到相关新闻60篇
2018-06-14,找到相关新闻65篇
2018-06-15,找到相关新闻60篇
2018-06-16,找到相关新闻82篇
2018-06-17,找到相关新闻80篇
2018-06-18,找到相关新闻81篇
2018-06-19,找到相关新闻69篇
2018-06-20,找到相关新闻68篇
2018-06-21,找到相关新闻58篇
2018-06-22,找到相关新闻39篇
2018-06-23,找到相关新闻35篇
2018-06-24,找到相关新闻37篇
2018-06-25,找到相关新闻50篇
2018-06-26,找到相关新闻46篇
2018-06-27,找到相关新闻46篇
2018-06-28,找到相关新闻20篇
2018-06-29,找到相关新闻18篇
2018-06-30,找到相关新闻53篇
2018-07-01,找到相关新闻18篇
2018-07-02,找到相关新闻61篇
2018-07-03,找到相关新闻52篇
2018-07-04,找到相关新闻68篇
2018-07-05,找到相关新闻38篇
2018-07-06,找到相关新闻41篇
2018-07-07,找到相关新闻41篇
2018-07-08,找到相关新闻43篇
2018-07-09,找到相关新闻49篇
2018-07-10,找到相关新闻54篇
2018-07-11,找到相关新闻89篇
2018-07-12,找到相关新闻119篇
2018-07-13,找到相关新闻130篇
2018-07-14,找到相关新闻125篇
2018-07-15,找到相关新闻132篇
2018-07-16,找到相关新闻123篇
2018-07-17,找到相关新闻111篇
2018-07-18,找到相关新闻115篇
2018-07-19,找到相关新闻114篇
2018-07-20,找到相关新闻124篇
2018-07-21,找到相关新闻149篇
2018-07-22,找到相关新闻128篇
2018-07-23,找到相关新闻126篇
2018-07-24,找到相关新闻125篇
2018-07-25,找到相关新闻132篇
2018-07-26,找到相关新闻107篇
2018-07-27,找到相关新闻86篇
2018-07-28,找到相关新闻69篇
2018-07-29,找到相关新闻117篇
2018-07-30,找到相关新闻103篇
2018-07-31,找到相关新闻104篇
2018-08-01,找到相关新闻126篇
2018-08-02,找到相关新闻107篇
2018-08-03,找到相关新闻56篇
2018-08-04,找到相关新闻95篇
2018-08-05,找到相关新闻94篇
2018-08-06,找到相关新闻95篇
2018-08-07,找到相关新闻18篇
2018-08-08,找到相关新闻45篇
2018-08-09,找到相关新闻60篇
2018-08-10,找到相关新闻65篇
2018-08-11,找到相关新闻99篇
2018-08-12,找到相关新闻104篇
2018-08-13,找到相关新闻112篇
2018-08-14,找到相关新闻154篇
2018-08-15,找到相关新闻200篇
2018-08-16,找到相关新闻197篇
2018-08-17,找到相关新闻175篇
2018-08-18,找到相关新闻194篇
2018-08-19,找到相关新闻241篇
2018-08-20,找到相关新闻271篇
2018-08-21,找到相关新闻230篇
2018-08-22,找到相关新闻225篇
2018-08-23,找到相关新闻261篇
2018-08-24,找到相关新闻248篇
2018-08-25,找到相关新闻250篇
2018-08-26,找到相关新闻199篇
2018-08-27,找到相关新闻239篇
2018-08-28,找到相关新闻164篇
2018-08-29,找到相关新闻148篇
2018-08-30,找到相关新闻167篇
2018-08-31,找到相关新闻85篇
2018-09-01,找到相关新闻62篇
2018-09-02,找到相关新闻65篇
2018-09-03,找到相关新闻43篇
2018-09-04,找到相关新闻42篇
2018-09-05,找到相关新闻50篇
2018-09-06,找到相关新闻58篇
2018-09-07,找到相关新闻61篇
2018-09-08,找到相关新闻60篇
2018-09-09,找到相关新闻60篇
2018-09-10,找到相关新闻55篇
2018-09-11,找到相关新闻57篇
2018-09-12,找到相关新闻64篇
2018-09-13,找到相关新闻67篇
2018-09-14,找到相关新闻58篇
2018-09-15,找到相关新闻58篇
2018-09-16,找到相关新闻56篇
2018-09-17,找到相关新闻54篇
2018-09-18,找到相关新闻82篇
2018-09-19,找到相关新闻76篇
2018-09-20,找到相关新闻67篇
2018-09-21,找到相关新闻68篇
2018-09-22,找到相关新闻68篇
2018-09-23,找到相关新闻79篇
2018-09-24,找到相关新闻148篇
2018-09-25,找到相关新闻78篇
2018-09-26,找到相关新闻20篇
2018-09-27,找到相关新闻86篇
2018-09-28,找到相关新闻141篇
2018-09-29,找到相关新闻150篇
2018-09-30,找到相关新闻153篇
2018-10-01,找到相关新闻99篇
2018-10-02,找到相关新闻114篇
2018-10-03,找到相关新闻104篇
2018-10-04,找到相关新闻64篇
2018-10-05,找到相关新闻80篇
2018-10-06,找到相关新闻54篇
2018-10-07,找到相关新闻40篇
2018-10-08,找到相关新闻46篇
2018-10-09,找到相关新闻47篇
2018-10-10,找到相关新闻52篇
2018-10-11,找到相关新闻39篇
2018-10-12,找到相关新闻19篇
2018-10-13,找到相关新闻16篇
2018-10-14,找到相关新闻19篇
2018-10-15,找到相关新闻205篇
2018-10-16,找到相关新闻224篇
2018-10-17,找到相关新闻228篇
2018-10-18,找到相关新闻238篇
2018-10-19,找到相关新闻312篇
2018-10-20,找到相关新闻393篇
2018-10-21,找到相关新闻436篇
2018-10-22,找到相关新闻501篇
2018-10-23,找到相关新闻505篇
2018-10-24,找到相关新闻581篇
2018-10-25,找到相关新闻401篇
2018-10-26,找到相关新闻406篇
2018-10-27,找到相关新闻554篇
2018-10-28,找到相关新闻529篇
2018-10-29,找到相关新闻452篇
2018-10-30,找到相关新闻486篇
2018-10-31,找到相关新闻513篇
2018-11-01,找到相关新闻507篇
2018-11-02,找到相关新闻390篇
2018-11-03,找到相关新闻380篇
2018-11-04,找到相关新闻320篇
2018-11-05,找到相关新闻292篇
2018-11-06,找到相关新闻306篇
2018-11-07,找到相关新闻323篇
2018-11-08,找到相关新闻335篇
2018-11-09,找到相关新闻355篇
2018-11-10,找到相关新闻361篇
2018-11-11,找到相关新闻360篇
2018-11-12,找到相关新闻366篇
2018-11-13,找到相关新闻309篇
2018-11-14,找到相关新闻281篇
2018-11-15,找到相关新闻316篇
2018-11-16,找到相关新闻342篇
2018-11-17,找到相关新闻320篇
2018-11-18,找到相关新闻329篇
2018-11-19,找到相关新闻310篇
2018-11-20,找到相关新闻303篇
2018-11-21,找到相关新闻232篇
2018-11-22,找到相关新闻157篇
2018-11-23,找到相关新闻202篇
2018-11-24,找到相关新闻249篇
2018-11-25,找到相关新闻244篇
2018-11-26,找到相关新闻237篇
2018-11-27,找到相关新闻249篇
2018-11-28,找到相关新闻243篇
2018-11-29,找到相关新闻167篇
2018-11-30,找到相关新闻128篇
2018-12-01,找到相关新闻130篇
2018-12-02,找到相关新闻124篇
2018-12-03,找到相关新闻65篇
2018-12-04,找到相关新闻83篇
2018-12-05,找到相关新闻139篇
2018-12-06,找到相关新闻146篇
2018-12-07,找到相关新闻158篇
2018-12-08,找到相关新闻164篇
2018-12-09,找到相关新闻162篇
2018-12-10,找到相关新闻214篇
2018-12-11,找到相关新闻208篇
2018-12-12,找到相关新闻154篇
2018-12-13,找到相关新闻160篇
2018-12-14,找到相关新闻163篇
2018-12-15,找到相关新闻165篇
2018-12-16,找到相关新闻164篇
2018-12-17,找到相关新闻166篇
2018-12-18,找到相关新闻150篇
2018-12-19,找到相关新闻159篇
2018-12-20,找到相关新闻161篇
2018-12-21,找到相关新闻158篇
2018-12-22,找到相关新闻164篇
2018-12-23,找到相关新闻163篇
2018-12-24,找到相关新闻107篇
2018-12-25,找到相关新闻189篇
2018-12-26,找到相关新闻193篇
2018-12-27,找到相关新闻210篇
2018-12-28,找到相关新闻178篇
2018-12-29,找到相关新闻222篇
2018-12-30,找到相关新闻220篇
2018-12-31,找到相关新闻165篇
2019-01-01,找到相关新闻194篇
2019-01-02,找到相关新闻87篇
2019-01-03,找到相关新闻92篇
2019-01-04,找到相关新闻169篇
2019-01-05,找到相关新闻222篇
2019-01-06,找到相关新闻166篇
2019-01-07,找到相关新闻233篇
2019-01-08,找到相关新闻210篇
2019-01-09,找到相关新闻92篇
2019-01-10,找到相关新闻225篇
2019-01-11,找到相关新闻196篇
2019-01-12,找到相关新闻340篇
2019-01-13,找到相关新闻360篇
2019-01-14,找到相关新闻410篇
2019-01-15,找到相关新闻358篇
2019-01-16,找到相关新闻441篇
2019-01-17,找到相关新闻421篇
2019-01-18,找到相关新闻416篇
2019-01-19,找到相关新闻412篇
2019-01-20,找到相关新闻420篇
2019-01-21,找到相关新闻436篇
2019-01-22,找到相关新闻451篇
2019-01-23,找到相关新闻463篇
2019-01-24,找到相关新闻427篇
2019-01-25,找到相关新闻394篇
2019-01-26,找到相关新闻473篇
2019-01-27,找到相关新闻545篇
2019-01-28,找到相关新闻630篇
2019-01-29,找到相关新闻658篇
2019-01-30,找到相关新闻722篇
2019-01-31,找到相关新闻约816篇
2019-02-01,找到相关新闻约948篇
