date,close
2019-05-24,0.02613
2019-05-23,0.026000000000000002
2019-05-22,0.026150000000000003
2019-05-21,0.025929999999999998
2019-05-20,0.025929999999999998
2019-05-17,0.0262
2019-05-16,0.02628
2019-05-15,0.0262
2019-05-14,0.02617
2019-05-13,0.02612
2019-05-10,0.02628
2019-05-09,0.0262
2019-05-08,0.026069999999999996
2019-05-07,0.0263
2019-05-06,0.02635
2019-04-30,0.02685
2019-04-29,0.026639999999999997
2019-04-28,0.026600000000000002
2019-04-26,0.0269
2019-04-25,0.02693
2019-04-24,0.0269
2019-04-23,0.02705
2019-04-22,0.02694
2019-04-19,0.026830000000000003
2019-04-18,0.027000000000000003
2019-04-17,0.0254
2019-04-16,0.02505
2019-04-15,0.024900000000000002
2019-04-12,0.02437
2019-04-11,0.024169999999999997
2019-04-10,0.024169999999999997
2019-04-09,0.0239
2019-04-08,0.02443
2019-04-04,0.02415
2019-04-03,0.02437
2019-04-02,0.0239
2019-04-01,0.023930000000000003
2019-03-29,0.02399
2019-03-28,0.023969999999999998
2019-03-27,0.024290000000000003
2019-03-26,0.02419
2019-03-25,0.02419
2019-03-22,0.02415
2019-03-21,0.02422
2019-03-20,0.02427
2019-03-19,0.02427
2019-03-18,0.0242
2019-03-15,0.02407
2019-03-14,0.024330000000000004
2019-03-13,0.02426
2019-03-12,0.02415
2019-03-11,0.024300000000000002
2019-03-08,0.024399999999999998
2019-03-07,0.02415
2019-03-06,0.024569999999999998
2019-03-05,0.02461
2019-03-04,0.02427
2019-03-01,0.024330000000000004
2019-02-28,0.024090000000000004
2019-02-27,0.02418
2019-02-26,0.02367
2019-02-25,0.0236
2019-02-22,0.023330000000000004
2019-02-21,0.02327
2019-02-20,0.023080000000000003
2019-02-19,0.023119999999999998
2019-02-18,0.022930000000000002
2019-02-15,0.02335
2019-02-14,0.0232
2019-02-13,0.02344
2019-02-12,0.02351
2019-02-11,0.0235
2019-02-02,0.023849999999999996
2019-02-01,0.023799999999999998
2019-01-31,0.02415
2019-01-30,0.024130000000000002
2019-01-29,0.02428
2019-01-28,0.0242
2019-01-25,0.024319999999999998
2019-01-24,0.02448
2019-01-23,0.024399999999999998
2019-01-22,0.024550000000000002
2019-01-21,0.0246
2019-01-18,0.02427
2019-01-17,0.024399999999999998
2019-01-16,0.024530000000000003
2019-01-15,0.024540000000000003
2019-01-14,0.024470000000000002
2019-01-11,0.022680000000000002
2019-01-10,0.022789999999999998
2019-01-09,0.02273
2019-01-08,0.02314
2019-01-07,0.02377
2019-01-04,0.0241
2019-01-03,0.024090000000000004
2019-01-02,0.0248
2018-12-28,0.025750000000000002
2018-12-27,0.0263
2018-12-26,0.02667
2018-12-25,0.026510000000000002
2018-12-24,0.026510000000000002
2018-12-21,0.02842
2018-12-20,0.028210000000000002
2018-12-19,0.026269999999999998
2018-12-18,0.026189999999999998
2018-12-17,0.02634
2018-12-14,0.026180000000000002
2018-12-13,0.026180000000000002
2018-12-12,0.02636
2018-12-11,0.026460000000000004
2018-12-10,0.026160000000000003
2018-12-07,0.02614
2018-12-06,0.026160000000000003
2018-12-05,0.026389999999999997
2018-12-04,0.02663
2018-12-03,0.0265
2018-11-30,0.02645
2018-11-29,0.026460000000000004
2018-11-28,0.026600000000000002
2018-11-27,0.026860000000000005
2018-11-26,0.026860000000000005
2018-11-23,0.02667
2018-11-22,0.02694
2018-11-21,0.027000000000000003
2018-11-20,0.02725
2018-11-19,0.027060000000000004
2018-11-16,0.025249999999999998
2018-11-15,0.025380000000000003
2018-11-14,0.02597
2018-11-13,0.02617
2018-11-12,0.02663
2018-11-09,0.02688
2018-11-08,0.02718
2018-11-07,0.02756
2018-11-06,0.0278
2018-11-05,0.02798
2018-11-04,0.0279
2018-11-03,0.0279
2018-11-02,0.028130000000000002
2018-11-01,0.028169999999999997
2018-10-31,0.028369999999999996
2018-10-30,0.028489999999999998
2018-10-29,0.028569999999999998
2018-10-26,0.028569999999999998
2018-10-25,0.0288
2018-10-24,0.0288
2018-10-23,0.02911
2018-10-22,0.02903
2018-10-19,0.02883
2018-10-18,0.028900000000000002
2018-10-17,0.02872
2018-10-16,0.02864
2018-10-15,0.02875
2018-10-12,0.0288
2018-10-11,0.02912
2018-10-10,0.02915
2018-10-09,0.029419999999999998
2018-10-08,0.029449999999999997
2018-09-30,0.0298
2018-09-29,0.029830000000000002
2018-09-28,0.029910000000000003
2018-09-27,0.02992
2018-09-26,0.02997
2018-09-25,0.02997
2018-09-21,0.030019999999999998
2018-09-20,0.029789999999999997
2018-09-19,0.029330000000000002
2018-09-18,0.028989999999999995
2018-09-17,0.028900000000000002
2018-09-14,0.028450000000000003
2018-09-13,0.0286
2018-09-12,0.028539999999999996
2018-09-11,0.028539999999999996
2018-09-10,0.028489999999999998
2018-09-07,0.028289999999999996
2018-09-06,0.028239999999999998
2018-09-05,0.028169999999999997
2018-09-04,0.028369999999999996
2018-09-03,0.028339999999999997
2018-08-31,0.028360000000000003
2018-08-30,0.02812
2018-08-29,0.028169999999999997
2018-08-28,0.0285
2018-08-27,0.02827
2018-08-24,0.02835
2018-08-23,0.02889
2018-08-22,0.029139999999999996
2018-08-21,0.029189999999999997
2018-08-20,0.02897
2018-08-17,0.02863
2018-08-16,0.0285
2018-08-15,0.028380000000000002
2018-08-14,0.028399999999999998
2018-08-13,0.027960000000000002
2018-08-10,0.0278
2018-08-09,0.026839999999999996
2018-08-08,0.02638
2018-08-07,0.02675
2018-08-06,0.027069999999999997
2018-08-03,0.02798
2018-08-02,0.0281
2018-08-01,0.028530000000000003
2018-07-31,0.02893
2018-07-30,0.02915
2018-07-27,0.03013
2018-07-26,0.03023
2018-07-25,0.030600000000000002
2018-07-24,0.030830000000000003
2018-07-23,0.030780000000000002
2018-07-20,0.0308
2018-07-19,0.030750000000000003
2018-07-18,0.030780000000000002
2018-07-17,0.030589999999999996
2018-07-16,0.03073
2018-07-13,0.0308
2018-07-12,0.03094
2018-07-11,0.031030000000000002
2018-07-10,0.030830000000000003
2018-07-09,0.0305
2018-07-06,0.03063
2018-07-05,0.030869999999999998
2018-07-04,0.031139999999999998
2018-07-03,0.03154
2018-07-02,0.03168
2018-06-29,0.0321
2018-06-28,0.032850000000000004
2018-06-27,0.032780000000000004
2018-06-26,0.032850000000000004
2018-06-25,0.03297
2018-06-22,0.032869999999999996
2018-06-21,0.032869999999999996
2018-06-20,0.03258
2018-06-19,0.032400000000000005
2018-06-15,0.03243
2018-06-14,0.032400000000000005
2018-06-13,0.032569999999999995
2018-06-12,0.03238
2018-06-11,0.03229
2018-06-08,0.03242
2018-06-07,0.03228
2018-06-06,0.03207
2018-06-05,0.03195
2018-06-04,0.0319
2018-06-01,0.0318
2018-05-31,0.03185
2018-05-30,0.03177
2018-05-29,0.03173
2018-05-28,0.0316
2018-05-27,0.0316
2018-05-26,0.031549999999999995
2018-05-25,0.031549999999999995
2018-05-24,0.0308
2018-05-23,0.03057
2018-05-22,0.03048
2018-05-21,0.03056
2018-05-20,0.030350000000000002
2018-05-18,0.030350000000000002
2018-05-17,0.030449999999999998
2018-05-16,0.02984
2018-05-15,0.02951
2018-05-14,0.029219999999999996
2018-05-11,0.02907
2018-05-10,0.02907
2018-05-09,0.02907
2018-05-08,0.029130000000000003
2018-05-07,0.029130000000000003
2018-05-04,0.02947
2018-05-03,0.029989999999999996
2018-05-02,0.03003
2018-04-28,0.030069999999999996
2018-04-27,0.030350000000000002
2018-04-26,0.030069999999999996
2018-04-25,0.0301
2018-04-24,0.03003
2018-04-23,0.02987
2018-04-20,0.02995
2018-04-19,0.02957
2018-04-18,0.030899999999999997
2018-04-17,0.031869999999999996
2018-04-16,0.03218
2018-04-13,0.03248
2018-04-12,0.03243
2018-04-11,0.03265
2018-04-10,0.0326
2018-04-09,0.03297
2018-04-08,0.033
2018-04-07,0.0331
2018-04-06,0.0331
2018-04-04,0.03295
2018-04-03,0.03298
2018-04-02,0.03325
2018-03-30,0.0335
2018-03-29,0.03343
2018-03-28,0.03338
2018-03-27,0.033319999999999995
2018-03-26,0.032769999999999994
2018-03-23,0.03275
2018-03-22,0.03263
2018-03-21,0.03313
2018-03-20,0.033
2018-03-19,0.03315
2018-03-16,0.03305
2018-03-15,0.03295
2018-03-14,0.033
2018-03-13,0.033
2018-03-12,0.032780000000000004
2018-03-09,0.0329
2018-03-08,0.03295
2018-03-07,0.03303
2018-03-06,0.03313
2018-03-05,0.03305
2018-03-02,0.032850000000000004
2018-03-01,0.03283
2018-02-28,0.03313
2018-02-27,0.03343
2018-02-26,0.0339
2018-02-24,0.034230000000000003
2018-02-23,0.03445
2018-02-22,0.03413
2018-02-18,0.0341
2018-02-14,0.0341
2018-02-13,0.0342
2018-02-12,0.03413
2018-02-11,0.03445
2018-02-09,0.03486
2018-02-08,0.03493
2018-02-07,0.035230000000000004
2018-02-06,0.0351
2018-02-05,0.03503
2018-02-01,0.0354
2018-01-31,0.03583
2018-01-30,0.035769999999999996
2018-01-29,0.035780000000000006
2018-01-26,0.03565
2018-01-25,0.035789999999999995
2018-01-24,0.03595
2018-01-23,0.03585
2018-01-22,0.0361
2018-01-19,0.03633
2018-01-18,0.03658
2018-01-17,0.0363
2018-01-16,0.0363
2018-01-15,0.0365
2018-01-13,0.03588
2018-01-12,0.03588
2018-01-11,0.03627
2018-01-10,0.03582
2018-01-09,0.03543
2018-01-08,0.035469999999999995
2018-01-05,0.03593
2018-01-04,0.03675
2018-01-03,0.03683
2018-01-02,0.03755
2017-12-29,0.03803
2017-12-28,0.038239999999999996
2017-12-27,0.038130000000000004
2017-12-26,0.03813999999999999
2017-12-25,0.03809
2017-12-22,0.03809
2017-12-21,0.03827
2017-12-20,0.03797
2017-12-19,0.03778
2017-12-18,0.0379
2017-12-16,0.03798
2017-12-15,0.03798
2017-12-14,0.03804
2017-12-13,0.03797
2017-12-12,0.0377
2017-12-11,0.03797
2017-12-08,0.03773
2017-12-07,0.03758
2017-12-06,0.03667
2017-12-05,0.03673
2017-12-04,0.03662
2017-12-01,0.03683
2017-11-30,0.037000000000000005
2017-11-29,0.0371
2017-11-28,0.03712
2017-11-27,0.036989999999999995
2017-11-24,0.03687
2017-11-23,0.0368
2017-11-22,0.03673
2017-11-21,0.0368
2017-11-20,0.03653
2017-11-17,0.036489999999999995
2017-11-16,0.03656
2017-11-15,0.03635
2017-11-14,0.0365
2017-11-13,0.0363
2017-11-11,0.0361
2017-11-10,0.0361
2017-11-09,0.036000000000000004
2017-11-08,0.0358
2017-11-07,0.0356
2017-11-06,0.03585
2017-11-03,0.03588
2017-11-02,0.0359
2017-11-01,0.03581
2017-10-31,0.03583
2017-10-30,0.03557
2017-10-29,0.0354
2017-10-27,0.0354
2017-10-26,0.035269999999999996
2017-10-25,0.03518
2017-10-24,0.035019999999999996
2017-10-23,0.03492
2017-10-22,0.03507
2017-10-20,0.03507
2017-10-19,0.03513
2017-10-18,0.03513
2017-10-17,0.0351
2017-10-16,0.03507
2017-10-13,0.03503
2017-10-12,0.035
2017-10-11,0.03513
2017-10-10,0.034960000000000005
2017-10-09,0.0348
2017-10-03,0.0346
2017-09-30,0.0346
2017-09-29,0.03466
2017-09-28,0.03447
2017-09-27,0.0346
2017-09-26,0.03455
2017-09-25,0.03469
2017-09-22,0.03455
2017-09-21,0.0347
2017-09-20,0.034730000000000004
2017-09-19,0.034789999999999995
2017-09-18,0.0349
2017-09-15,0.034769999999999995
2017-09-14,0.03503
2017-09-13,0.035
2017-09-12,0.03488
2017-09-11,0.034769999999999995
2017-09-08,0.034780000000000005
2017-09-07,0.03503
2017-09-06,0.0347
2017-09-05,0.03438
2017-09-04,0.0342
2017-09-02,0.03419
2017-09-01,0.03419
2017-08-31,0.03428
2017-08-30,0.03414
2017-08-29,0.033789999999999994
2017-08-28,0.03384
2017-08-25,0.0337
2017-08-24,0.03363
2017-08-23,0.033549999999999996
2017-08-22,0.03386
2017-08-21,0.03372
2017-08-18,0.03243
2017-08-17,0.03347
2017-08-16,0.03384
2017-08-15,0.033639999999999996
2017-08-14,0.03384
2017-08-11,0.03384
2017-08-10,0.03398
2017-08-09,0.03403
2017-08-08,0.034010000000000006
2017-08-07,0.03366
2017-08-06,0.03427
2017-08-04,0.03427
2017-08-03,0.03428
2017-08-02,0.03447
2017-08-01,0.03447
2017-07-31,0.03428
2017-07-28,0.03438
2017-07-27,0.03393
2017-07-26,0.03392
2017-07-25,0.03398999999999999
2017-07-24,0.034010000000000006
2017-07-21,0.034010000000000006
2017-07-20,0.03424
2017-07-19,0.03437
2017-07-18,0.03452
2017-07-17,0.0345
2017-07-16,0.03458
2017-07-14,0.03458
2017-07-13,0.03464
2017-07-12,0.034760000000000006
2017-07-11,0.0348
2017-07-10,0.03483
2017-07-07,0.03475
2017-07-06,0.03483
2017-07-05,0.03482
2017-07-04,0.03486
2017-07-03,0.03464
2017-07-02,0.034530000000000005
2017-07-01,0.034530000000000005
2017-06-30,0.034530000000000005
2017-06-29,0.03436
2017-06-28,0.03428
2017-06-27,0.03461
2017-06-26,0.034910000000000004
2017-06-25,0.03512
2017-06-23,0.03512
2017-06-22,0.03514
2017-06-21,0.03514
2017-06-20,0.0358
2017-06-19,0.036230000000000005
2017-06-16,0.03634
2017-06-15,0.03628
2017-06-14,0.03632
2017-06-13,0.0364
2017-06-12,0.03676
2017-06-09,0.03687
2017-06-08,0.03609
2017-06-07,0.03543
2017-06-06,0.03526
2017-06-05,0.0351
2017-06-02,0.03503
2017-06-01,0.03485
2017-05-31,0.03475
2017-05-27,0.03487
2017-05-26,0.034910000000000004
2017-05-25,0.035
2017-05-24,0.03503
2017-05-23,0.03497
2017-05-22,0.035039999999999995
2017-05-19,0.03426
2017-05-18,0.03407
2017-05-17,0.033760000000000005
2017-05-16,0.03383
2017-05-15,0.033769999999999994
2017-05-12,0.03337
2017-05-11,0.03333
2017-05-10,0.03312
2017-05-09,0.03293
2017-05-08,0.03325
2017-05-07,0.03327
2017-05-05,0.03327
2017-05-04,0.03295
2017-05-03,0.03205
2017-05-02,0.03168
2017-04-28,0.0316
2017-04-27,0.031319999999999994
2017-04-26,0.0313
2017-04-25,0.031400000000000004
2017-04-24,0.031319999999999994
2017-04-22,0.031439999999999996
2017-04-21,0.031439999999999996
2017-04-20,0.03127
2017-04-19,0.031180000000000003
2017-04-18,0.031
2017-04-17,0.030810000000000004
2017-04-14,0.0305
2017-04-13,0.03036
2017-04-12,0.030410000000000003
2017-04-11,0.03046
2017-04-10,0.03034
2017-04-07,0.030180000000000002
2017-04-06,0.0301
2017-04-05,0.029410000000000002
2017-04-03,0.02895
2017-04-01,0.02895
2017-03-31,0.028849999999999997
2017-03-30,0.02893
2017-03-29,0.028989999999999995
2017-03-28,0.02904
2017-03-27,0.02895
2017-03-26,0.02923
2017-03-24,0.02923
2017-03-23,0.0294
2017-03-22,0.029449999999999997
2017-03-21,0.029060000000000002
2017-03-20,0.02912
2017-03-18,0.02911
2017-03-17,0.02911
2017-03-16,0.028710000000000003
2017-03-15,0.02888
2017-03-14,0.02852
2017-03-13,0.02888
2017-03-10,0.028980000000000002
2017-03-09,0.028939999999999997
2017-03-08,0.028610000000000003
2017-03-07,0.028489999999999998
2017-03-06,0.02867
2017-03-03,0.028319999999999998
2017-03-02,0.027880000000000002
2017-03-01,0.02793
2017-02-28,0.02783
2017-02-27,0.0277
2017-02-24,0.027510000000000003
2017-02-23,0.0276
2017-02-22,0.02786
2017-02-21,0.028339999999999997
2017-02-20,0.02862
2017-02-17,0.02867
2017-02-16,0.028900000000000002
2017-02-15,0.029060000000000002
2017-02-14,0.0291
2017-02-13,0.029139999999999996
2017-02-10,0.02915
2017-02-09,0.02928
2017-02-08,0.029330000000000002
2017-02-07,0.02903
2017-02-06,0.02888
2017-02-04,0.028280000000000003
2017-02-03,0.02793
2017-01-27,0.0277
2017-01-26,0.0277
2017-01-25,0.02759
2017-01-24,0.02744
2017-01-23,0.027230000000000004
2017-01-22,0.027280000000000002
2017-01-20,0.027539999999999995
2017-01-19,0.02727
2017-01-18,0.027469999999999998
2017-01-17,0.02718
2017-01-16,0.02748
2017-01-13,0.02778
2017-01-12,0.027760000000000003
2017-01-11,0.02781
2017-01-10,0.02803
2017-01-09,0.028169999999999997
2017-01-06,0.028220000000000002
2017-01-05,0.028069999999999998
2017-01-04,0.02793
2017-01-03,0.027069999999999997
2016-12-30,0.027510000000000003
2016-12-29,0.0279
2016-12-28,0.0279
2016-12-27,0.028650000000000002
2016-12-26,0.0282
2016-12-23,0.02963
2016-12-22,0.029930000000000002
2016-12-21,0.03108
2016-12-20,0.03097
2016-12-19,0.030780000000000002
2016-12-16,0.029960000000000004
2016-12-15,0.02839
2016-12-14,0.028319999999999998
2016-12-13,0.02818
2016-12-12,0.028110000000000003
2016-12-09,0.02426
2016-12-08,0.024330000000000004
2016-12-07,0.02445
2016-12-06,0.024330000000000004
2016-12-05,0.023930000000000003
2016-12-02,0.02365
2016-12-01,0.02343
2016-11-30,0.023
2016-11-29,0.02261
2016-11-28,0.02251
2016-11-25,0.02234
2016-11-24,0.02221
2016-11-23,0.02213
2016-11-22,0.022099999999999998
2016-11-21,0.02246
2016-11-18,0.022119999999999997
2016-11-17,0.02193
2016-11-16,0.0219
2016-11-15,0.021640000000000003
2016-11-14,0.021709999999999997
2016-11-11,0.02169
2016-11-10,0.02167
2016-11-09,0.02174
2016-11-08,0.0218
2016-11-07,0.02174
2016-11-04,0.0218
2016-11-03,0.02173
2016-11-02,0.02173
2016-11-01,0.02181
2016-10-31,0.0219
2016-10-28,0.02188
2016-10-27,0.02185
2016-10-26,0.02175
2016-10-25,0.02166
2016-10-24,0.02162
2016-10-21,0.021630000000000003
2016-10-20,0.02165
2016-10-19,0.02162
2016-10-18,0.02165
2016-10-17,0.021630000000000003
2016-10-15,0.02168
2016-10-14,0.02168
2016-10-13,0.02192
2016-10-12,0.02193
2016-10-11,0.02188
2016-10-10,0.02198
2016-10-09,0.02188
2016-10-08,0.0218
2016-09-30,0.02185
2016-09-29,0.02194
2016-09-28,0.02204
2016-09-27,0.0219
2016-09-26,0.02188
2016-09-25,0.02191
2016-09-24,0.02191
2016-09-23,0.02191
2016-09-22,0.0219
2016-09-21,0.021949999999999997
2016-09-20,0.021840000000000002
2016-09-19,0.02182
2016-09-18,0.02192
2016-09-17,0.02277
2016-09-16,0.02277
2016-09-15,0.021719999999999996
2016-09-14,0.02176
2016-09-13,0.021949999999999997
2016-09-12,0.02177
2016-09-09,0.021560000000000003
2016-09-08,0.02153
2016-09-07,0.02153
2016-09-06,0.0215
2016-09-05,0.02153
2016-09-02,0.021230000000000002
2016-09-01,0.02153
2016-08-31,0.0215
2016-08-30,0.021330000000000002
2016-08-29,0.0213
2016-08-26,0.021269999999999997
2016-08-25,0.02137
2016-08-24,0.02125
2016-08-23,0.0212
2016-08-22,0.02125
2016-08-19,0.021230000000000002
2016-08-18,0.02137
2016-08-17,0.021330000000000002
2016-08-16,0.021330000000000002
2016-08-15,0.021349999999999997
2016-08-14,0.02173
2016-08-13,0.02173
2016-08-12,0.02173
2016-08-11,0.02177
2016-08-10,0.02173
2016-08-09,0.0219
2016-08-08,0.022000000000000002
2016-08-06,0.022099999999999998
2016-08-05,0.022099999999999998
2016-08-04,0.022230000000000003
2016-08-03,0.022330000000000003
2016-08-02,0.022400000000000003
2016-08-01,0.022430000000000002
2016-07-29,0.022400000000000003
2016-07-28,0.022430000000000002
2016-07-27,0.02275
2016-07-26,0.02259
2016-07-25,0.022629999999999997
2016-07-22,0.02242
2016-07-21,0.02244
2016-07-20,0.02273
2016-07-19,0.023
2016-07-18,0.0231
2016-07-15,0.02315
2016-07-14,0.02323
2016-07-13,0.02326
2016-07-12,0.023169999999999996
2016-07-11,0.023209999999999998
2016-07-10,0.0231
2016-07-08,0.02327
2016-07-07,0.023700000000000002
2016-07-06,0.023799999999999998
2016-07-05,0.023780000000000003
2016-07-04,0.02383
2016-07-03,0.023700000000000002
2016-07-01,0.0239
2016-06-30,0.0239
2016-06-29,0.02379
2016-06-28,0.02392
2016-06-27,0.02399
2016-06-24,0.024009999999999997
2016-06-23,0.02412
2016-06-22,0.02412
2016-06-21,0.024019999999999996
2016-06-20,0.023969999999999998
2016-06-17,0.02395
2016-06-16,0.02398
2016-06-15,0.02405
2016-06-14,0.02408
2016-06-13,0.024090000000000004
2016-06-12,0.02406
2016-06-11,0.02377
2016-06-08,0.02377
2016-06-07,0.02376
2016-06-06,0.02396
2016-06-03,0.02379
2016-06-02,0.023629999999999998
2016-06-01,0.023399999999999997
2016-05-31,0.02338
2016-05-30,0.02336
2016-05-27,0.023409999999999997
2016-05-26,0.02338
2016-05-25,0.02335
2016-05-24,0.02326
2016-05-23,0.023319999999999997
2016-05-20,0.022230000000000003
2016-05-19,0.022230000000000003
2016-05-18,0.0223
2016-05-17,0.02216
2016-05-16,0.022099999999999998
2016-05-13,0.022099999999999998
2016-05-12,0.022099999999999998
2016-05-11,0.02173
2016-05-10,0.02173
2016-05-09,0.02173
2016-05-06,0.0222
2016-05-05,0.02173
2016-05-04,0.02215
2016-05-03,0.02205
2016-04-29,0.02218
2016-04-28,0.02218
2016-04-27,0.0235
2016-04-26,0.0235
2016-04-25,0.02218
2016-04-22,0.02213
2016-04-21,0.022019999999999998
2016-04-20,0.02205
2016-04-19,0.02193
2016-04-18,0.02205
2016-04-15,0.0219
2016-04-14,0.021949999999999997
2016-04-13,0.02192
2016-04-12,0.0218
2016-04-11,0.0218
2016-04-08,0.0218
2016-04-07,0.0217
2016-04-06,0.02168
2016-04-05,0.0216
2016-04-04,0.02165
2016-04-01,0.02165
2016-03-31,0.021630000000000003
2016-03-30,0.02155
2016-03-29,0.02168
2016-03-28,0.0216
2016-03-25,0.02155
2016-03-24,0.02147
2016-03-23,0.02153
2016-03-22,0.02145
2016-03-21,0.02147
2016-03-18,0.02153
2016-03-17,0.021480000000000003
2016-03-16,0.0216
2016-03-15,0.02168
2016-03-14,0.02173
2016-03-11,0.02168
2016-03-10,0.02173
2016-03-09,0.022030000000000004
2016-03-08,0.022099999999999998
2016-03-07,0.02198
2016-03-04,0.02216
2016-03-03,0.022109999999999998
2016-03-02,0.02218
2016-03-01,0.02259
2016-02-29,0.022789999999999998
2016-02-26,0.02298
2016-02-25,0.023
2016-02-24,0.02278
2016-02-23,0.02303
2016-02-22,0.02281
2016-02-19,0.023
2016-02-18,0.02307
2016-02-17,0.02352
2016-02-16,0.023409999999999997
2016-02-15,0.02335
2016-02-14,0.0236
2016-02-06,0.023629999999999998
2016-02-05,0.02359
2016-02-04,0.023540000000000002
2016-02-03,0.02359
2016-02-02,0.023480000000000004
2016-02-01,0.023530000000000002
2016-01-29,0.023930000000000003
2016-01-28,0.023799999999999998
2016-01-27,0.02349
2016-01-26,0.0235
2016-01-25,0.02346
2016-01-22,0.023399999999999997
2016-01-21,0.023480000000000004
2016-01-20,0.02323
2016-01-19,0.023080000000000003
2016-01-18,0.023169999999999996
2016-01-15,0.02299
2016-01-14,0.02318
2016-01-13,0.02336
2016-01-12,0.023680000000000003
2016-01-11,0.02379
2016-01-10,0.023860000000000003
2016-01-08,0.023860000000000003
2016-01-07,0.023809999999999998
2016-01-06,0.02379
2016-01-05,0.023809999999999998
2016-01-04,0.02338
2015-12-31,0.02329
2015-12-30,0.02336
2015-12-29,0.02339
2015-12-28,0.02318
2015-12-25,0.0236
2015-12-24,0.023809999999999998
2015-12-23,0.02383
2015-12-22,0.023799999999999998
2015-12-21,0.02395
2015-12-18,0.02411
2015-12-17,0.024239999999999998
2015-12-16,0.024730000000000002
2015-12-15,0.02487
2015-12-14,0.0248
2015-12-11,0.02497
2015-12-10,0.02506
2015-12-09,0.025160000000000002
2015-12-08,0.02541
2015-12-07,0.02559
2015-12-04,0.0258
2015-12-03,0.02595
2015-12-02,0.02603
2015-12-01,0.026069999999999996
2015-11-30,0.02599
2015-11-27,0.025849999999999998
2015-11-26,0.02603
2015-11-25,0.02597
2015-11-24,0.026039999999999997
2015-11-23,0.02603
2015-11-22,0.026060000000000003
2015-11-20,0.026060000000000003
2015-11-19,0.026239999999999996
2015-11-18,0.02603
2015-11-17,0.02603
2015-11-16,0.02582
2015-11-13,0.02563
2015-11-12,0.025310000000000003
2015-11-11,0.025249999999999998
2015-11-10,0.02534
2015-11-09,0.024409999999999998
2015-11-06,0.0242
2015-11-05,0.02434
2015-11-04,0.024249999999999997
2015-11-03,0.02418
2015-11-02,0.023930000000000003
2015-10-30,0.02379
2015-10-29,0.024
2015-10-28,0.023690000000000003
2015-10-27,0.02411
2015-10-26,0.02427
2015-10-23,0.02426
2015-10-22,0.02448
2015-10-21,0.02411
2015-10-20,0.02491
2015-10-19,0.02535
2015-10-18,0.02375
2015-10-16,0.02375
2015-10-15,0.023690000000000003
2015-10-14,0.02374
2015-10-13,0.02373
2015-10-12,0.023639999999999998
2015-10-10,0.02384
2015-10-09,0.02371
2015-10-08,0.02374
2015-10-03,0.0236
2015-09-30,0.0236
2015-09-29,0.023690000000000003
2015-09-28,0.02361
2015-09-27,0.02316
2015-09-25,0.02316
2015-09-24,0.02335
2015-09-23,0.02331
2015-09-22,0.02343
2015-09-21,0.02329
2015-09-18,0.0229
2015-09-17,0.022959999999999998
2015-09-16,0.02323
2015-09-15,0.02313
2015-09-14,0.02266
2015-09-11,0.02299
2015-09-10,0.022969999999999997
2015-09-09,0.023620000000000002
2015-09-08,0.02344
2015-09-07,0.02336
2015-09-06,0.02327
2015-09-05,0.023450000000000002
2015-09-02,0.023450000000000002
2015-09-01,0.023450000000000002
2015-08-31,0.02307
2015-08-28,0.02352
2015-08-27,0.02336
2015-08-26,0.02344
2015-08-25,0.02349
2015-08-24,0.022940000000000002
2015-08-21,0.022940000000000002
2015-08-20,0.022860000000000002
2015-08-19,0.02277
2015-08-18,0.02273
2015-08-17,0.02343
2015-08-14,0.02313
2015-08-13,0.02335
2015-08-12,0.022690000000000002
2015-08-11,0.022230000000000003
2015-08-10,0.02206
2015-08-07,0.02096
2015-08-06,0.02176
2015-08-05,0.021630000000000003
2015-08-04,0.02198
2015-08-03,0.0227
2015-07-31,0.02246
2015-07-30,0.022000000000000002
2015-07-29,0.022000000000000002
2015-07-28,0.02249
2015-07-27,0.02261
2015-07-24,0.0232
2015-07-23,0.02428
2015-07-22,0.02461
2015-07-21,0.023559999999999998
2015-07-20,0.0239
2015-07-18,0.024659999999999998
2015-07-17,0.024659999999999998
2015-07-16,0.025009999999999998
2015-07-15,0.02471
2015-07-14,0.02445
2015-07-13,0.025
2015-07-10,0.02331
2015-07-09,0.02093
2015-07-08,0.01949
2015-07-07,0.01779
2015-07-06,0.01653
2015-07-03,0.016030000000000003
2015-07-02,0.016810000000000002
2015-07-01,0.017509999999999998
2015-06-30,0.017669999999999998
2015-06-29,0.01804
2015-06-26,0.017159999999999998
2015-06-25,0.01755
2015-06-24,0.0174
2015-06-23,0.017669999999999998
2015-06-19,0.01733
2015-06-18,0.01721
2015-06-17,0.01725
2015-06-16,0.01726
2015-06-15,0.01746
2015-06-12,0.017390000000000003
2015-06-11,0.0175
2015-06-10,0.018359999999999998
2015-06-09,0.01899
2015-06-08,0.01908
2015-06-07,0.019450000000000002
2015-06-05,0.019450000000000002
2015-06-04,0.0199
2015-06-03,0.02
2015-06-02,0.02032
2015-06-01,0.02012
2015-05-30,0.0196
2015-05-29,0.0196
2015-05-28,0.01886
2015-05-27,0.02047
2015-05-26,0.02267
2015-05-25,0.024009999999999997
2015-05-22,0.02428
2015-05-21,0.024399999999999998
2015-05-20,0.02456
2015-05-19,0.023930000000000003
2015-05-18,0.023719999999999998
2015-05-15,0.024619999999999996
2015-05-14,0.02491
2015-05-13,0.026310000000000004
2015-05-12,0.026760000000000003
2015-05-11,0.02714
2015-05-08,0.02719
2015-05-07,0.0274
2015-05-06,0.027510000000000003
2015-05-05,0.027460000000000005
2015-05-04,0.02714
2015-04-30,0.028689999999999997
2015-04-29,0.0288
2015-04-28,0.029060000000000002
2015-04-27,0.02946
2015-04-24,0.02987
2015-04-23,0.029810000000000003
2015-04-22,0.02918
2015-04-21,0.03073
2015-04-20,0.03093
2015-04-17,0.030899999999999997
2015-04-16,0.031200000000000002
2015-04-15,0.03127
2015-04-14,0.031180000000000003
2015-04-13,0.03134
2015-04-10,0.031120000000000002
2015-04-09,0.03157
2015-04-08,0.03159
2015-04-07,0.03159
2015-04-03,0.03173
2015-04-02,0.03207
2015-04-01,0.0321
2015-03-31,0.0319
2015-03-30,0.03195
2015-03-27,0.03165
2015-03-26,0.0316
2015-03-25,0.03149
2015-03-24,0.03149
2015-03-23,0.03147
2015-03-20,0.03147
2015-03-19,0.03154
2015-03-18,0.031560000000000005
2015-03-17,0.03137
2015-03-16,0.03145
2015-03-13,0.0313
2015-03-12,0.03148
2015-03-11,0.03157
2015-03-10,0.03151
2015-03-09,0.03116
2015-03-06,0.031060000000000004
2015-03-05,0.03082
2015-03-04,0.030789999999999998
2015-03-03,0.030839999999999996
2015-03-02,0.030810000000000004
2015-02-28,0.03077
2015-02-27,0.03073
2015-02-26,0.030580000000000003
2015-02-25,0.030750000000000003
2015-02-19,0.030839999999999996
2015-02-17,0.030839999999999996
2015-02-16,0.030899999999999997
2015-02-15,0.031139999999999998
2015-02-13,0.03116
2015-02-12,0.03119
2015-02-11,0.03113
2015-02-10,0.031120000000000002
2015-02-09,0.03113
2015-02-06,0.03113
2015-02-05,0.0317
2015-02-04,0.03172
2015-02-03,0.03161
2015-02-02,0.03167
2015-02-01,0.03151
2015-01-30,0.03151
2015-01-29,0.0315
2015-01-28,0.03146
2015-01-27,0.03157
2015-01-26,0.03218
2015-01-23,0.032310000000000005
2015-01-22,0.03221
2015-01-21,0.03223
2015-01-20,0.03236
2015-01-19,0.03238
2015-01-16,0.03247
2015-01-15,0.03243
2015-01-14,0.032400000000000005
2015-01-13,0.03244
2015-01-12,0.03249
2015-01-09,0.03244
2015-01-08,0.03242
2015-01-07,0.032869999999999996
2015-01-06,0.03297
2015-01-05,0.03281
2015-01-04,0.032780000000000004
2015-01-01,0.03263
2014-12-31,0.03263
2014-12-30,0.03296
2014-12-29,0.03342
2014-12-28,0.0335
2014-12-26,0.0335
2014-12-25,0.033710000000000004
2014-12-24,0.034539999999999994
2014-12-23,0.03492
2014-12-22,0.03507
2014-12-19,0.035089999999999996
2014-12-18,0.033889999999999997
2014-12-17,0.03342
2014-12-16,0.0334
2014-12-15,0.03366
2014-12-14,0.03366
2014-12-12,0.03366
2014-12-11,0.03374
2014-12-10,0.03339
2014-12-09,0.03233
2014-12-08,0.03141
2014-12-05,0.03085
2014-12-04,0.03085
2014-12-03,0.03069
2014-12-02,0.03065
2014-12-01,0.03071
2014-11-30,0.030750000000000003
2014-11-29,0.030750000000000003
2014-11-28,0.030699999999999998
2014-11-27,0.030660000000000003
2014-11-26,0.030430000000000002
2014-11-25,0.03158
2014-11-24,0.03266
2014-11-21,0.032260000000000004
2014-11-20,0.03195
2014-11-19,0.0318
2014-11-18,0.03184
2014-11-17,0.0318
2014-11-16,0.03195
2014-11-14,0.03195
2014-11-13,0.03199
2014-11-12,0.03203
2014-11-11,0.03224
2014-11-10,0.03238
2014-11-07,0.03258
2014-11-06,0.0326
2014-11-05,0.03263
2014-11-04,0.03347
2014-11-03,0.03393
2014-10-31,0.03406
2014-10-30,0.03433
2014-10-29,0.0346
2014-10-28,0.03498999999999999
2014-10-27,0.03522
2014-10-24,0.03516
2014-10-23,0.03516
2014-10-22,0.0352
2014-10-21,0.03561
2014-10-20,0.03571
2014-10-17,0.03586
2014-10-16,0.03637
2014-10-15,0.03695
2014-10-14,0.03744
2014-10-13,0.0377
2014-10-11,0.037739999999999996
2014-10-10,0.03772
2014-10-09,0.037739999999999996
2014-10-08,0.03766
2014-09-30,0.03767
2014-09-29,0.03773
2014-09-28,0.0378
2014-09-27,0.03787
2014-09-26,0.03787
2014-09-25,0.037919999999999995
2014-09-24,0.037910000000000006
2014-09-23,0.03797
2014-09-22,0.037939999999999995
2014-09-19,0.03813999999999999
2014-09-18,0.0382
2014-09-17,0.038310000000000004
2014-09-16,0.038220000000000004
2014-09-15,0.03832
2014-09-13,0.038220000000000004
2014-09-12,0.038220000000000004
2014-09-11,0.0381
2014-09-10,0.03803
2014-09-09,0.03801
2014-09-05,0.038060000000000004
2014-09-04,0.0381
2014-09-03,0.0381
2014-09-02,0.037989999999999996
2014-09-01,0.03802
2014-08-31,0.037989999999999996
2014-08-29,0.037989999999999996
2014-08-28,0.038110000000000005
2014-08-27,0.0382
2014-08-26,0.038149999999999996
2014-08-25,0.037919999999999995
2014-08-22,0.03778
2014-08-21,0.037680000000000005
2014-08-20,0.03746000000000001
2014-08-19,0.03742
2014-08-18,0.03752
2014-08-15,0.037599999999999995
2014-08-14,0.03789
2014-08-13,0.03759
2014-08-12,0.03738
2014-08-11,0.03726
2014-08-10,0.037360000000000004
2014-08-08,0.037360000000000004
2014-08-07,0.03732
2014-08-06,0.037430000000000005
2014-08-05,0.037489999999999996
2014-08-04,0.03754
2014-08-02,0.03756
2014-08-01,0.03756
2014-07-31,0.03763
2014-07-30,0.03766
2014-07-29,0.03753
2014-07-28,0.0374
2014-07-27,0.0371
2014-07-25,0.0371
2014-07-24,0.03765
2014-07-23,0.037430000000000005
2014-07-22,0.0383
2014-07-21,0.0383
2014-07-20,0.0375
2014-07-18,0.0375
2014-07-17,0.0371
2014-07-16,0.0359
2014-07-15,0.0348
2014-07-14,0.0348
2014-07-12,0.035
2014-07-11,0.035
2014-07-10,0.0348
2014-07-09,0.0341
2014-07-08,0.0344
2014-07-07,0.0345
2014-07-04,0.0342
2014-07-03,0.0345
2014-07-02,0.0338
2014-07-01,0.0336
2014-06-30,0.0337
2014-06-27,0.032
2014-06-26,0.032
2014-06-25,0.032
2014-06-24,0.0323
2014-06-23,0.0321
2014-06-20,0.0325
2014-06-19,0.0317
2014-06-18,0.0313
2014-06-17,0.030899999999999997
2014-06-16,0.030600000000000002
2014-06-13,0.0308
2014-06-12,0.030299999999999997
2014-06-11,0.030600000000000002
2014-06-10,0.0308
2014-06-09,0.0304
2014-06-06,0.030600000000000002
2014-06-05,0.0308
2014-06-04,0.0319
2014-06-03,0.0321
2014-05-30,0.0336
2014-05-29,0.0332
2014-05-28,0.0331
2014-05-27,0.0336
2014-05-26,0.0339
2014-05-25,0.0339
2014-05-23,0.0339
2014-05-22,0.0351
2014-05-21,0.0353
2014-05-20,0.0349
2014-05-19,0.035
2014-05-16,0.0349
2014-05-15,0.0351
2014-05-14,0.0352
2014-05-13,0.0351
2014-05-12,0.0353
2014-05-09,0.0342
2014-05-08,0.0342
2014-05-07,0.0342
2014-05-06,0.0342
2014-05-05,0.0353
2014-05-04,0.036000000000000004
2014-04-30,0.0365
2014-04-29,0.0361
2014-04-28,0.0342
2014-04-25,0.034300000000000004
2014-04-24,0.034300000000000004
2014-04-23,0.0345
2014-04-22,0.036000000000000004
2014-04-21,0.0342
2014-04-18,0.0338
2014-04-17,0.0336
2014-04-16,0.0336
2014-04-15,0.0334
2014-04-14,0.0336
2014-04-11,0.0322
2014-04-10,0.0315
2014-04-09,0.0298
2014-04-08,0.0297
2014-04-04,0.0287
2014-04-03,0.0287
2014-04-02,0.0287
2014-04-01,0.0287
2014-03-31,0.0287
2014-03-28,0.0287
2014-03-27,0.028999999999999998
2014-03-26,0.0288
2014-03-25,0.0287
2014-03-24,0.0287
2014-03-21,0.032400000000000005
2014-03-20,0.0319
2014-03-19,0.0322
2014-03-18,0.032400000000000005
2014-03-17,0.032400000000000005
2014-03-14,0.032400000000000005
2014-03-13,0.032799999999999996
2014-03-12,0.032799999999999996
2014-03-11,0.0329
2014-03-10,0.033
2014-03-09,0.0334
2014-03-07,0.0334
2014-03-06,0.0339
2014-03-05,0.0334
2014-03-04,0.0335
2014-03-03,0.0331
2014-02-28,0.0325
2014-02-27,0.0335
2014-02-26,0.0333
2014-02-25,0.034
2014-02-24,0.0346
2014-02-21,0.0345
2014-02-20,0.0345
2014-02-19,0.0348
2014-02-18,0.0353
2014-02-17,0.0353
2014-02-14,0.0352
2014-02-13,0.0359
2014-02-12,0.0359
2014-02-11,0.0361
2014-02-10,0.037000000000000005
2014-02-08,0.037000000000000005
2014-02-07,0.037000000000000005
2014-02-04,0.0359
2014-01-30,0.0359
2014-01-29,0.037000000000000005
2014-01-28,0.0359
2014-01-27,0.0375
2014-01-26,0.0375
2014-01-24,0.0374
2014-01-23,0.038900000000000004
2014-01-22,0.038900000000000004
2014-01-21,0.0408
2014-01-20,0.0405
2014-01-17,0.038900000000000004
2014-01-16,0.0391
2014-01-15,0.0408
2014-01-14,0.041100000000000005
2014-01-13,0.0408
2014-01-10,0.0415
2014-01-09,0.0415
2014-01-08,0.042199999999999994
2014-01-07,0.0418
2014-01-06,0.0414
2014-01-03,0.0415
2014-01-02,0.0418
2013-12-31,0.0412
2013-12-30,0.041299999999999996
2013-12-27,0.0418
2013-12-26,0.041100000000000005
2013-12-25,0.042
2013-12-24,0.041100000000000005
2013-12-23,0.0418
2013-12-20,0.041299999999999996
2013-12-19,0.0407
2013-12-18,0.0418
2013-12-17,0.0407
2013-12-16,0.0406
2013-12-13,0.0407
2013-12-12,0.042
2013-12-11,0.0404
2013-12-10,0.0408
2013-12-09,0.0406
2013-12-06,0.0404
2013-12-05,0.0398
2013-12-04,0.040999999999999995
2013-12-03,0.0401
2013-12-02,0.0409
2013-11-29,0.0412
2013-11-28,0.0414
2013-11-27,0.0425
2013-11-26,0.041100000000000005
2013-11-25,0.0418
2013-11-22,0.0418
2013-11-21,0.042
2013-11-20,0.0421
2013-11-19,0.0418
2013-11-18,0.0415
2013-11-17,0.0415
2013-11-15,0.0415
2013-11-14,0.0398
2013-11-13,0.042
2013-11-12,0.0416
2013-11-11,0.0405
2013-11-08,0.0405
2013-11-07,0.0403
2013-11-06,0.03971
2013-11-05,0.0373
2013-11-04,0.0405
2013-11-03,0.038
2013-11-01,0.039900000000000005
2013-10-31,0.038
2013-10-30,0.0368
2013-10-29,0.0373
2013-10-28,0.036000000000000004
2013-10-27,0.035
2013-10-25,0.035
2013-10-24,0.035
2013-10-23,0.035
2013-10-22,0.035699999999999996
2013-10-21,0.035
2013-10-18,0.035
2013-10-17,0.035
2013-10-16,0.035
2013-10-15,0.035699999999999996
2013-10-14,0.035699999999999996
2013-10-12,0.0355
2013-10-11,0.0355
2013-10-10,0.0344
2013-10-09,0.0355
2013-10-08,0.0344
2013-09-30,0.0345
2013-09-29,0.0345
2013-09-27,0.0355
2013-09-26,0.0345
2013-09-25,0.0355
2013-09-24,0.0356
2013-09-23,0.035699999999999996
2013-09-22,0.0358
2013-09-18,0.0355
2013-09-17,0.0356
2013-09-16,0.0365
2013-09-15,0.0363
2013-09-13,0.0363
2013-09-12,0.0363
2013-09-11,0.0363
2013-09-10,0.0363
2013-09-09,0.0362
2013-09-08,0.037200000000000004
2013-09-07,0.037200000000000004
2013-09-06,0.037200000000000004
2013-09-05,0.0363
2013-09-04,0.0363
2013-09-03,0.035
2013-09-02,0.0358
2013-09-01,0.036000000000000004
2013-08-30,0.036000000000000004
2013-08-29,0.0364
2013-08-28,0.037200000000000004
2013-08-27,0.0364
2013-08-26,0.0365
2013-08-23,0.0362
2013-08-22,0.035699999999999996
2013-08-21,0.0361
2013-08-20,0.035699999999999996
2013-08-19,0.035699999999999996
2013-08-16,0.0347
2013-08-15,0.0354
2013-08-14,0.035
2013-08-13,0.0341
2013-08-12,0.0349
2013-08-11,0.0349
2013-08-10,0.0349
2013-08-09,0.0349
2013-08-08,0.0339
2013-08-07,0.0336
2013-08-06,0.0342
2013-08-05,0.0351
2013-08-02,0.035
2013-08-01,0.035
2013-07-31,0.035
2013-07-30,0.0351
2013-07-29,0.035
2013-07-26,0.035
2013-07-25,0.035
2013-07-24,0.0344
2013-07-23,0.0354
2013-07-22,0.0344
2013-07-19,0.0344
2013-07-18,0.0344
2013-07-17,0.035
2013-07-16,0.0346
2013-07-15,0.034300000000000004
2013-07-12,0.0352
2013-07-11,0.0351
2013-07-10,0.0333
2013-07-09,0.034300000000000004
2013-07-08,0.034300000000000004
2013-07-05,0.034
2013-07-04,0.034300000000000004
2013-07-03,0.0323
2013-07-02,0.034300000000000004
2013-07-01,0.0341
2013-06-28,0.034300000000000004
2013-06-27,0.0341
2013-06-26,0.0405
2013-06-25,0.0395
2013-06-24,0.04
2013-06-23,0.0327
2013-06-21,0.03999
2013-06-20,0.03429
2013-06-19,0.03329
2013-06-18,0.03269
2013-06-16,0.030899999999999997
2013-06-14,0.030899999999999997
2013-06-13,0.030810000000000004
2013-06-09,0.030810000000000004
2013-06-08,0.0298
2013-06-07,0.0298
2013-06-06,0.029300000000000003
2013-06-05,0.0281
2013-06-04,0.0291
2013-06-03,0.0286
2013-05-31,0.0291
2013-05-30,0.0291
2013-05-29,0.0277
2013-05-28,0.0282
2013-05-27,0.0282
2013-05-25,0.0282
2013-05-24,0.0282
2013-05-23,0.0285
2013-05-22,0.0287
2013-05-21,0.0287
2013-05-20,0.0282
2013-05-19,0.02803
2013-05-18,0.02803
2013-05-17,0.02803
2013-05-16,0.027999999999999997
2013-05-15,0.028300000000000002
2013-05-14,0.0282
2013-05-13,0.027999999999999997
2013-05-10,0.0287
2013-05-09,0.0275
2013-05-08,0.0281
2013-05-07,0.0279
2013-05-06,0.0281
2013-05-03,0.027689999999999996
2013-05-02,0.027689999999999996
2013-04-27,0.028900000000000002
2013-04-26,0.028900000000000002
2013-04-25,0.028900000000000002
2013-04-24,0.0282
2013-04-23,0.027000000000000003
2013-04-22,0.027999999999999997
2013-04-19,0.0268
2013-04-18,0.0268
2013-04-17,0.026699999999999998
2013-04-16,0.0263
2013-04-15,0.0263
2013-04-12,0.0263
2013-04-11,0.0263
2013-04-10,0.0263
2013-04-09,0.0273
2013-04-08,0.026699999999999998
2013-04-07,0.026699999999999998
2013-04-03,0.0265
2013-04-02,0.027000000000000003
2013-04-01,0.026699999999999998
2013-03-29,0.02641
2013-03-28,0.027000000000000003
2013-03-27,0.026600000000000002
2013-03-26,0.0274
2013-03-25,0.0276
2013-03-22,0.0277
2013-03-21,0.0276
2013-03-20,0.0275
2013-03-19,0.0278
2013-03-18,0.0278
2013-03-17,0.0265
2013-03-15,0.0265
2013-03-14,0.0278
2013-03-13,0.0276
2013-03-12,0.027999999999999997
2013-03-11,0.0275
2013-03-08,0.028530000000000003
2013-03-07,0.027999999999999997
2013-03-06,0.0275
2013-03-05,0.0276
2013-03-04,0.0286
2013-03-01,0.0286
2013-02-28,0.0275
2013-02-27,0.0274
2013-02-26,0.0275
2013-02-25,0.0275
2013-02-22,0.027200000000000002
2013-02-21,0.027000000000000003
2013-02-20,0.0268
2013-02-19,0.0274
2013-02-18,0.0274
2013-02-17,0.027200000000000002
2013-02-16,0.0282
2013-02-14,0.027999999999999997
2013-02-13,0.027999999999999997
2013-02-09,0.027999999999999997
2013-02-08,0.027999999999999997
2013-02-07,0.027999999999999997
2013-02-06,0.027999999999999997
2013-02-05,0.027200000000000002
2013-02-04,0.0279
2013-02-01,0.027000000000000003
2013-01-31,0.028900000000000002
2013-01-30,0.0279
2013-01-29,0.0291
2013-01-28,0.028300000000000002
2013-01-25,0.0285
2013-01-24,0.0273
2013-01-23,0.027999999999999997
2013-01-22,0.027000000000000003
2013-01-21,0.029500000000000002
2013-01-18,0.0276
2013-01-17,0.0291
2013-01-16,0.029500000000000002
2013-01-15,0.0277
2013-01-14,0.0282
2013-01-13,0.0277
2013-01-11,0.0277
2013-01-10,0.028300000000000002
2013-01-09,0.027999999999999997
2013-01-08,0.0279
2013-01-07,0.028300000000000002
2013-01-06,0.0287
2013-01-05,0.0288
2013-01-04,0.028399999999999998
2013-01-01,0.028999999999999998
2012-12-31,0.028999999999999998
2012-12-30,0.028999999999999998
2012-12-28,0.028999999999999998
2012-12-27,0.029500000000000002
2012-12-26,0.028999999999999998
2012-12-25,0.0287
2012-12-24,0.0292
2012-12-23,0.0292
2012-12-22,0.0292
2012-12-21,0.0292
2012-12-20,0.029500000000000002
2012-12-19,0.029500000000000002
2012-12-18,0.0286
2012-12-17,0.0288
2012-12-15,0.027999999999999997
2012-12-14,0.027999999999999997
2012-12-13,0.029500000000000002
2012-12-12,0.028999999999999998
2012-12-11,0.028999999999999998
2012-12-10,0.028999999999999998
2012-12-07,0.029500000000000002
2012-12-06,0.0287
2012-12-05,0.0285
2012-12-04,0.0282
2012-12-03,0.029500000000000002
2012-11-30,0.0288
2012-11-29,0.029500000000000002
2012-11-28,0.029500000000000002
2012-11-27,0.0292
2012-11-26,0.027999999999999997
2012-11-24,0.029500000000000002
2012-11-23,0.029500000000000002
2012-11-22,0.0286
2012-11-21,0.0294
2012-11-20,0.0288
2012-11-19,0.0291
2012-11-17,0.029500000000000002
2012-11-16,0.029500000000000002
2012-11-15,0.0294
2012-11-14,0.0292
2012-11-13,0.029300000000000003
2012-11-12,0.0297
2012-11-10,0.029300000000000003
2012-11-09,0.029300000000000003
2012-11-08,0.0298
2012-11-07,0.0294
2012-11-06,0.029500000000000002
2012-11-05,0.029900000000000003
2012-11-03,0.0298
2012-11-02,0.0298
2012-11-01,0.0298
2012-10-31,0.029300000000000003
2012-10-30,0.0296
2012-10-29,0.028300000000000002
2012-10-27,0.0302
2012-10-26,0.0302
2012-10-25,0.0301
2012-10-24,0.0294
2012-10-23,0.0285
2012-10-22,0.0285
2012-10-20,0.0278
2012-10-19,0.0278
2012-10-18,0.027999999999999997
2012-10-17,0.027999999999999997
2012-10-16,0.027999999999999997
2012-10-15,0.027999999999999997
2012-10-13,0.0281
2012-10-12,0.0281
2012-10-11,0.027999999999999997
2012-10-10,0.027999999999999997
2012-10-09,0.0282
2012-10-08,0.027000000000000003
2012-09-30,0.027999999999999997
2012-09-29,0.027999999999999997
2012-09-28,0.028999999999999998
2012-09-27,0.0282
2012-09-26,0.027999999999999997
2012-09-25,0.0292
2012-09-24,0.028999999999999998
2012-09-23,0.0282
2012-09-22,0.0282
2012-09-21,0.0282
2012-09-20,0.027000000000000003
2012-09-19,0.027000000000000003
2012-09-18,0.027000000000000003
2012-09-17,0.0279
2012-09-15,0.0275
2012-09-14,0.0275
2012-09-13,0.0271
2012-09-12,0.027000000000000003
2012-09-11,0.0265
2012-09-10,0.0265
2012-09-08,0.0264
2012-09-07,0.0264
2012-09-06,0.0264
2012-09-05,0.0263
2012-09-04,0.0268
2012-09-03,0.0265
2012-09-01,0.027000000000000003
2012-08-31,0.027000000000000003
2012-08-30,0.0268
2012-08-29,0.0275
2012-08-28,0.026699999999999998
2012-08-27,0.0265
2012-08-25,0.0259
2012-08-24,0.0259
2012-08-23,0.0268
2012-08-22,0.026000000000000002
2012-08-21,0.0255
2012-08-20,0.025
2012-08-17,0.025
2012-08-16,0.024700000000000003
2012-08-15,0.0245
2012-08-14,0.024300000000000002
2012-08-13,0.0242
2012-08-10,0.023700000000000002
2012-08-09,0.0246
2012-08-08,0.024
2012-08-07,0.0245
2012-08-06,0.0225
2012-08-03,0.024
2012-08-02,0.022000000000000002
2012-08-01,0.022000000000000002
2012-07-31,0.023399999999999997
2012-07-30,0.0225
2012-07-27,0.022000000000000002
2012-07-26,0.022000000000000002
2012-07-25,0.022000000000000002
2012-07-24,0.022000000000000002
2012-07-23,0.0215
2012-07-20,0.0215
2012-07-19,0.022000000000000002
2012-07-18,0.023
2012-07-17,0.0225
2012-07-16,0.022000000000000002
2012-07-13,0.0229
2012-07-12,0.022000000000000002
2012-07-11,0.0229
2012-07-10,0.022000000000000002
2012-07-09,0.0225
2012-07-06,0.022799999999999997
2012-07-05,0.0225
2012-07-04,0.0236
2012-07-03,0.023799999999999998
2012-07-02,0.0235
2012-06-29,0.023
2012-06-28,0.0233
2012-06-27,0.023399999999999997
2012-06-26,0.0226
2012-06-25,0.0219
2012-06-21,0.0223
2012-06-20,0.0219
2012-06-19,0.0225
2012-06-18,0.0219
2012-06-15,0.022000000000000002
2012-06-14,0.023
2012-06-13,0.023
2012-06-12,0.022000000000000002
2012-06-11,0.0226
2012-06-08,0.021099999999999997
2012-06-07,0.0222
2012-06-06,0.0223
2012-06-05,0.0226
2012-06-04,0.023
2012-06-01,0.022400000000000003
2012-05-31,0.024
2012-05-30,0.023
2012-05-29,0.023
2012-05-28,0.023
2012-05-25,0.023
2012-05-24,0.023
2012-05-23,0.023399999999999997
2012-05-22,0.023
2012-05-21,0.028399999999999998
2012-05-18,0.023399999999999997
2012-05-17,0.023
2012-05-16,0.023399999999999997
2012-05-15,0.024
2012-05-14,0.026699999999999998
2012-05-11,0.0285
2012-05-10,0.0285
2012-05-09,0.0285
2012-05-08,0.0279
2012-05-07,0.028999999999999998
2012-05-04,0.0285
2012-05-03,0.028300000000000002
2012-05-02,0.0286
2012-04-28,0.0286
2012-04-27,0.0282
2012-04-26,0.0286
2012-04-25,0.0286
2012-04-24,0.028399999999999998
2012-04-23,0.0285
2012-04-20,0.028399999999999998
2012-04-19,0.0287
2012-04-18,0.0287
2012-04-17,0.028999999999999998
2012-04-16,0.0285
2012-04-13,0.0286
2012-04-12,0.0287
2012-04-11,0.027999999999999997
2012-04-10,0.0275
2012-04-09,0.0275
2012-04-06,0.0287
2012-04-05,0.029500000000000002
2012-04-01,0.0285
2012-03-31,0.0286
2012-03-30,0.0287
2012-03-29,0.0286
2012-03-28,0.0288
2012-03-27,0.0288
2012-03-26,0.0287
2012-03-23,0.0286
2012-03-22,0.0297
2012-03-21,0.0286
2012-03-20,0.0288
2012-03-19,0.0286
2012-03-16,0.0285
2012-03-15,0.0287
2012-03-14,0.0287
2012-03-13,0.0286
2012-03-12,0.0294
2012-03-09,0.02951
2012-03-08,0.029300000000000003
2012-03-07,0.0292
2012-03-06,0.029500000000000002
2012-03-05,0.0296
2012-03-02,0.0296
2012-03-01,0.0296
2012-02-29,0.0296
2012-02-28,0.0305
2012-02-27,0.029500000000000002
2012-02-24,0.0294
2012-02-23,0.029500000000000002
2012-02-22,0.0296
2012-02-21,0.0297
2012-02-20,0.0291
2012-02-17,0.029169999999999998
2012-02-16,0.0297
2012-02-15,0.03
2012-02-14,0.0291
2012-02-13,0.029500000000000002
2012-02-10,0.028999999999999998
2012-02-09,0.028999999999999998
2012-02-08,0.0278
2012-02-07,0.027000000000000003
2012-02-06,0.0278
2012-02-03,0.0285
2012-02-02,0.027000000000000003
2012-02-01,0.0278
2012-01-31,0.0273
2012-01-30,0.0273
2012-01-29,0.026000000000000002
2012-01-21,0.0273
2012-01-20,0.027000000000000003
2012-01-19,0.02667
2012-01-18,0.027000000000000003
2012-01-17,0.02667
2012-01-16,0.026000000000000002
2012-01-13,0.0273
2012-01-12,0.02667
2012-01-11,0.0277
2012-01-10,0.026000000000000002
2012-01-09,0.02667
2012-01-06,0.027000000000000003
2012-01-05,0.026000000000000002
2012-01-04,0.027000000000000003
2011-12-31,0.026000000000000002
2011-12-30,0.027000000000000003
2011-12-29,0.02663
2011-12-28,0.027000000000000003
2011-12-27,0.027000000000000003
2011-12-26,0.02712
2011-12-23,0.02712
2011-12-22,0.0253
2011-12-21,0.026000000000000002
2011-12-20,0.027000000000000003
2011-12-19,0.027000000000000003
2011-12-16,0.026000000000000002
2011-12-15,0.027000000000000003
2011-12-14,0.02712
2011-12-13,0.0265
2011-12-12,0.02617
2011-12-09,0.0265
2011-12-08,0.0253
2011-12-07,0.026000000000000002
2011-12-06,0.0253
2011-12-05,0.0258
2011-12-02,0.0265
2011-12-01,0.0265
2011-11-30,0.025
2011-11-29,0.025
2011-11-28,0.0258
2011-11-25,0.025380000000000003
2011-11-24,0.0265
2011-11-23,0.0265
2011-11-22,0.0258
2011-11-21,0.0265
2011-11-18,0.026000000000000002
2011-11-17,0.025
2011-11-16,0.026000000000000002
2011-11-15,0.025
2011-11-14,0.025
2011-11-11,0.0298
2011-11-10,0.030899999999999997
2011-11-09,0.0298
2011-11-08,0.03
2011-11-07,0.0298
2011-11-04,0.030899999999999997
2011-11-03,0.032
2011-11-02,0.031
2011-11-01,0.0315
2011-10-31,0.0315
2011-10-28,0.031
2011-10-27,0.031
2011-10-26,0.0315
2011-10-25,0.032
2011-10-24,0.031
2011-10-21,0.0346
2011-10-20,0.0305
2011-10-19,0.033
2011-10-18,0.0342
2011-10-17,0.0354
2011-10-14,0.0342
2011-10-13,0.033
2011-10-12,0.034300000000000004
2011-10-11,0.0342
2011-10-10,0.035
2011-10-09,0.036000000000000004
2011-10-08,0.0363
2011-09-30,0.0358
2011-09-29,0.036000000000000004
2011-09-28,0.036000000000000004
2011-09-27,0.036000000000000004
2011-09-26,0.0393
2011-09-23,0.0392
2011-09-22,0.0388
2011-09-21,0.0393
2011-09-20,0.0392
2011-09-19,0.0384
2011-09-16,0.038900000000000004
2011-09-15,0.039
2011-09-14,0.038900000000000004
2011-09-13,0.0385
2011-09-09,0.0385
2011-09-08,0.0387
2011-09-07,0.0356
2011-09-06,0.0388
2011-09-05,0.037000000000000005
2011-09-02,0.0388
2011-09-01,0.0388
2011-08-31,0.0395
2011-08-30,0.0355
2011-08-29,0.0355
2011-08-26,0.036000000000000004
2011-08-25,0.037200000000000004
2011-08-24,0.037000000000000005
2011-08-23,0.036000000000000004
2011-08-22,0.036000000000000004
2011-08-19,0.03344
2011-08-18,0.036000000000000004
2011-08-17,0.0368
2011-08-16,0.036000000000000004
2011-08-15,0.037599999999999995
2011-08-12,0.036000000000000004
2011-08-11,0.0355
2011-08-10,0.0365
2011-08-09,0.0358
2011-08-08,0.0379
2011-08-05,0.0379
2011-08-04,0.038
2011-08-03,0.0388
2011-08-02,0.0379
2011-08-01,0.0334
2011-07-29,0.0379
2011-07-28,0.0379
2011-07-27,0.0334
2011-07-26,0.0388
2011-07-25,0.0336
2011-07-22,0.03804
2011-07-21,0.034019999999999995
2011-07-20,0.0365
2011-07-19,0.0366
2011-07-18,0.0334
2011-07-15,0.036000000000000004
2011-07-14,0.0355
2011-07-13,0.034
2011-07-12,0.0329
2011-07-11,0.0335
2011-07-08,0.034
2011-07-07,0.0345
2011-07-06,0.0342
2011-07-05,0.034
2011-07-04,0.035
2011-07-01,0.034
2011-06-30,0.0345
2011-06-29,0.035
2011-06-28,0.035
2011-06-27,0.03584
2011-06-24,0.0365
2011-06-23,0.030600000000000002
2011-06-22,0.030600000000000002
2011-06-21,0.030600000000000002
2011-06-20,0.030600000000000002
2011-06-17,0.030600000000000002
2011-06-16,0.030600000000000002
2011-06-15,0.030600000000000002
2011-06-14,0.030600000000000002
2011-06-13,0.0305
2011-06-10,0.030600000000000002
2011-06-09,0.030299999999999997
2011-06-08,0.030299999999999997
2011-06-07,0.0302
2011-06-03,0.0302
2011-06-02,0.0302
2011-06-01,0.030600000000000002
2011-05-31,0.0305
2011-05-30,0.030600000000000002
2011-05-27,0.030600000000000002
2011-05-26,0.0302
2011-05-25,0.0302
2011-05-24,0.030600000000000002
2011-05-23,0.029419999999999998
2011-05-20,0.029419999999999998
2011-05-19,0.0292
2011-05-18,0.029500000000000002
2011-05-17,0.03
2011-05-16,0.0292
2011-05-13,0.0285
2011-05-12,0.0282
2011-05-11,0.0288
2011-05-10,0.028900000000000002
2011-05-09,0.029500000000000002
2011-05-06,0.028399999999999998
2011-05-05,0.0286
2011-05-04,0.0282
2011-05-03,0.0282
2011-04-29,0.027999999999999997
2011-04-28,0.0282
2011-04-27,0.0282
2011-04-26,0.029500000000000002
2011-04-25,0.0282
2011-04-22,0.028399999999999998
2011-04-21,0.028999999999999998
2011-04-20,0.028900000000000002
2011-04-19,0.028900000000000002
2011-04-18,0.0287
2011-04-15,0.0282
2011-04-14,0.028900000000000002
2011-04-13,0.0282
2011-04-12,0.028999999999999998
2011-04-11,0.028999999999999998
2011-04-08,0.0287
2011-04-07,0.0282
2011-04-06,0.029500000000000002
2011-04-02,0.028999999999999998
2011-04-01,0.028999999999999998
2011-03-31,0.0292
2011-03-30,0.0292
2011-03-29,0.029249999999999998
2011-03-28,0.0288
2011-03-25,0.028300000000000002
2011-03-24,0.0279
2011-03-23,0.03
2011-03-22,0.0279
2011-03-21,0.028999999999999998
2011-03-18,0.027999999999999997
2011-03-17,0.03
2011-03-16,0.0286
2011-03-15,0.0281
2011-03-14,0.0281
2011-03-11,0.0287
2011-03-10,0.028999999999999998
2011-03-09,0.0286
2011-03-08,0.0304
2011-03-07,0.028900000000000002
2011-03-04,0.03
2011-03-03,0.029500000000000002
2011-03-02,0.028900000000000002
2011-03-01,0.0304
2011-02-28,0.029900000000000003
2011-02-25,0.03
2011-02-24,0.03
2011-02-23,0.03
2011-02-22,0.029500000000000002
2011-02-21,0.032
2011-02-18,0.031
2011-02-17,0.0305
2011-02-16,0.030600000000000002
2011-02-15,0.029500000000000002
2011-02-14,0.032
2011-02-12,0.0315
2011-02-11,0.030600000000000002
2011-02-10,0.032
2011-02-09,0.031200000000000002
2011-02-01,0.032
2011-01-31,0.031
2011-01-30,0.0305
2011-01-28,0.0287
2011-01-27,0.0287
2011-01-26,0.028999999999999998
2011-01-25,0.029300000000000003
2011-01-24,0.028999999999999998
2011-01-21,0.028999999999999998
2011-01-20,0.0287
2011-01-19,0.028999999999999998
2011-01-18,0.029500000000000002
2011-01-17,0.029500000000000002
2011-01-14,0.029500000000000002
2011-01-13,0.0288
2011-01-12,0.028999999999999998
2011-01-11,0.0308
2011-01-10,0.03
2011-01-07,0.027000000000000003
2011-01-06,0.027000000000000003
2011-01-05,0.029500000000000002
2011-01-04,0.027000000000000003
2010-12-31,0.029500000000000002
2010-12-30,0.027000000000000003
2010-12-29,0.029500000000000002
2010-12-28,0.027000000000000003
2010-12-27,0.029500000000000002
2010-12-24,0.0301
2010-12-23,0.029500000000000002
2010-12-22,0.029500000000000002
2010-12-21,0.027000000000000003
2010-12-20,0.0301
2010-12-17,0.0255
2010-12-16,0.028999999999999998
2010-12-15,0.0292
2010-12-14,0.027000000000000003
2010-12-13,0.0255
2010-12-10,0.026000000000000002
2010-12-09,0.0255
2010-12-08,0.0255
2010-12-07,0.0255
2010-12-06,0.0222
2010-12-03,0.0222
2010-12-02,0.0235
2010-12-01,0.0235
2010-11-30,0.028300000000000002
2010-11-29,0.0235
2010-11-26,0.0265
2010-11-25,0.0235
2010-11-24,0.0227
2010-11-23,0.023700000000000002
2010-11-22,0.0235
2010-11-19,0.022000000000000002
2010-11-18,0.0213
2010-11-17,0.0235
2010-11-16,0.0218
2010-11-15,0.0235
2010-11-12,0.0218
2010-11-11,0.0233
2010-11-10,0.021
2010-11-09,0.0218
2010-11-08,0.022000000000000002
2010-11-05,0.0196
2010-11-04,0.02
2010-11-03,0.019799999999999998
2010-11-02,0.0191
2010-11-01,0.02
2010-10-29,0.019799999999999998
2010-10-28,0.0203
2010-10-27,0.0196
2010-10-26,0.0196
2010-10-25,0.0196
2010-10-22,0.0191
2010-10-21,0.0194
2010-10-20,0.0196
2010-10-19,0.0191
2010-10-18,0.0196
2010-10-15,0.01874
2010-10-14,0.0203
2010-10-13,0.0203
2010-10-12,0.0196
2010-10-11,0.0194
2010-10-09,0.0192
2010-10-08,0.0194
2010-09-30,0.018500000000000003
2010-09-29,0.0184
2010-09-28,0.0196
2010-09-27,0.018500000000000003
2010-09-26,0.0196
2010-09-25,0.0187
2010-09-21,0.0195
2010-09-20,0.018600000000000002
2010-09-19,0.019
2010-09-17,0.0187
2010-09-16,0.0194
2010-09-15,0.0196
2010-09-14,0.0187
2010-09-13,0.0194
2010-09-10,0.0187
2010-09-09,0.0195
2010-09-08,0.0195
2010-09-07,0.0195
2010-09-06,0.0187
2010-09-03,0.0187
2010-09-02,0.020099999999999996
2010-09-01,0.018500000000000003
2010-08-31,0.01886
2010-08-30,0.0187
2010-08-27,0.0196
2010-08-26,0.018600000000000002
2010-08-25,0.019299999999999998
2010-08-24,0.0196
2010-08-23,0.0196
2010-08-20,0.0196
2010-08-19,0.0196
2010-08-18,0.0196
2010-08-17,0.0192
2010-08-16,0.0192
2010-08-13,0.0191
2010-08-12,0.0191
2010-08-11,0.019299999999999998
2010-08-10,0.0191
2010-08-09,0.019299999999999998
2010-08-06,0.019299999999999998
2010-08-05,0.019799999999999998
2010-08-04,0.019299999999999998
2010-08-03,0.019299999999999998
2010-08-02,0.019299999999999998
2010-07-30,0.0195
2010-07-29,0.019299999999999998
2010-07-28,0.0203
2010-07-27,0.019
2010-07-26,0.0196
2010-07-23,0.019
2010-07-22,0.0191
2010-07-21,0.0189
2010-07-20,0.019
2010-07-19,0.0187
2010-07-16,0.0184
2010-07-15,0.019
2010-07-14,0.0187
2010-07-13,0.018799999999999997
2010-07-12,0.018799999999999997
2010-07-09,0.0187
2010-07-08,0.0189
2010-07-07,0.0187
2010-07-06,0.0187
2010-07-05,0.0187
2010-07-02,0.0184
2010-07-01,0.0192
2010-06-30,0.0187
2010-06-29,0.019
2010-06-28,0.0192
2010-06-25,0.0184
2010-06-24,0.0192
2010-06-23,0.0189
2010-06-22,0.0191
2010-06-21,0.0189
2010-06-18,0.0192
2010-06-17,0.0192
2010-06-13,0.018600000000000002
2010-06-12,0.018799999999999997
2010-06-11,0.018600000000000002
2010-06-10,0.0189
2010-06-09,0.018500000000000003
2010-06-08,0.018600000000000002
2010-06-07,0.0182
2010-06-04,0.0146
2010-06-03,0.0146
2010-06-02,0.0184
2010-06-01,0.018500000000000003
2010-05-31,0.0144
2010-05-28,0.014499999999999999
2010-05-27,0.0144
2010-05-26,0.015
2010-05-25,0.0178
2010-05-24,0.0144
2010-05-21,0.0175
2010-05-20,0.017
2010-05-19,0.0144
2010-05-18,0.0178
2010-05-17,0.014499999999999999
2010-05-14,0.0172
2010-05-13,0.014499999999999999
2010-05-12,0.016
2010-05-11,0.0165
2010-05-10,0.016
2010-05-07,0.0167
2010-05-06,0.0167
2010-05-05,0.0167
2010-05-04,0.0168
2010-04-30,0.016
2010-04-29,0.0152
2010-04-28,0.016399999999999998
2010-04-27,0.015
2010-04-26,0.0147
2010-04-23,0.0168
2010-04-22,0.015600000000000001
2010-04-21,0.015600000000000001
2010-04-20,0.0152
2010-04-19,0.0146
2010-04-16,0.0146
2010-04-15,0.0154
2010-04-14,0.0147
2010-04-13,0.0147
2010-04-12,0.0148
2010-04-09,0.014499999999999999
2010-04-08,0.0146
2010-04-07,0.0148
2010-04-06,0.0148
2010-04-02,0.014499999999999999
2010-04-01,0.0161
2010-03-31,0.0159
2010-03-30,0.0147
2010-03-29,0.0147
2010-03-26,0.0155
2010-03-25,0.015
2010-03-24,0.0147
2010-03-23,0.0148
2010-03-22,0.015
2010-03-19,0.016
2010-03-18,0.0148
2010-03-17,0.0147
2010-03-16,0.0148
2010-03-15,0.015
2010-03-12,0.016200000000000003
2010-03-11,0.0149
2010-03-10,0.0149
2010-03-09,0.0144
2010-03-08,0.0163
2010-03-05,0.0149
2010-03-04,0.0152
2010-03-03,0.0149
2010-03-02,0.0155
2010-03-01,0.014499999999999999
2010-02-26,0.0155
2010-02-25,0.0152
2010-02-24,0.0152
2010-02-23,0.0155
2010-02-22,0.015
2010-02-21,0.0167
2010-02-20,0.0151
2010-02-12,0.0155
2010-02-11,0.0155
2010-02-10,0.0149
2010-02-09,0.0159
2010-02-08,0.0161
2010-02-05,0.0165
2010-02-04,0.0163
2010-02-03,0.016200000000000003
2010-02-02,0.015300000000000001
2010-02-01,0.0163
2010-01-29,0.0155
2010-01-28,0.015600000000000001
2010-01-27,0.0155
2010-01-26,0.0158
2010-01-25,0.0155
2010-01-22,0.0155
2010-01-21,0.0163
2010-01-20,0.0155
2010-01-19,0.0163
2010-01-18,0.0154
2010-01-15,0.0154
2010-01-14,0.015600000000000001
2010-01-13,0.0158
2010-01-12,0.0155
2010-01-11,0.015600000000000001
2010-01-08,0.0155
2010-01-07,0.0146
2010-01-06,0.0155
2010-01-05,0.0155
2010-01-04,0.0146
2009-12-31,0.0155
2009-12-30,0.0155
2009-12-29,0.0148
2009-12-28,0.0155
2009-12-25,0.0155
2009-12-24,0.0155
2009-12-23,0.0147
2009-12-22,0.0155
2009-12-21,0.0151
2009-12-18,0.015
2009-12-17,0.0151
2009-12-16,0.0149
2009-12-15,0.0147
2009-12-14,0.0149
2009-12-11,0.0147
2009-12-10,0.0155
2009-12-09,0.0151
2009-12-08,0.0155
2009-12-07,0.015
2009-12-04,0.0147
2009-12-03,0.015
2009-12-02,0.0154
2009-12-01,0.0154
2009-11-30,0.0149
2009-11-27,0.0146
2009-11-26,0.0149
2009-11-25,0.0149
2009-11-24,0.0146
2009-11-23,0.01486
2009-11-20,0.0147
2009-11-19,0.0147
2009-11-18,0.0149
2009-11-17,0.0147
2009-11-16,0.0147
2009-11-13,0.0152
2009-11-12,0.0151
2009-11-11,0.0147
2009-11-10,0.015300000000000001
2009-11-09,0.0147
2009-11-06,0.0152
2009-11-05,0.0154
2009-11-04,0.0154
2009-11-03,0.0152
2009-11-02,0.0152
2009-10-30,0.0152
2009-10-29,0.0146
2009-10-28,0.0146
2009-10-27,0.0146
2009-10-26,0.0147
2009-10-23,0.015
2009-10-22,0.015
2009-10-21,0.0154
2009-10-20,0.0147
2009-10-19,0.015
2009-10-16,0.015
2009-10-15,0.015600000000000001
2009-10-14,0.0147
2009-10-13,0.015
2009-10-12,0.0155
2009-10-10,0.0151
2009-10-09,0.015300000000000001
2009-09-30,0.015300000000000001
2009-09-29,0.015300000000000001
2009-09-28,0.015300000000000001
2009-09-27,0.0155
2009-09-25,0.015
2009-09-24,0.015700000000000002
2009-09-23,0.0155
2009-09-22,0.0155
2009-09-21,0.015
2009-09-18,0.0155
2009-09-17,0.0155
2009-09-16,0.015
2009-09-15,0.016
2009-09-14,0.014499999999999999
2009-09-11,0.017
2009-09-10,0.0166
2009-09-09,0.015700000000000002
2009-09-08,0.015700000000000002
2009-09-07,0.017
2009-09-04,0.017
2009-09-03,0.017
2009-09-02,0.017
2009-09-01,0.0155
2009-08-31,0.017
2009-08-28,0.017
2009-08-27,0.017
2009-08-26,0.017
2009-08-25,0.016200000000000003
2009-08-24,0.017
2009-08-21,0.017
2009-08-20,0.017
2009-08-19,0.017
2009-08-18,0.017
2009-08-17,0.017
2009-08-14,0.017
2009-08-13,0.017
2009-08-12,0.0167
2009-08-11,0.017
2009-08-10,0.017
2009-08-07,0.0161
2009-08-06,0.0171
2009-08-05,0.017
2009-08-04,0.017
2009-08-03,0.0175
2009-07-31,0.0175
2009-07-30,0.015700000000000002
2009-07-29,0.0175
2009-07-28,0.016200000000000003
2009-07-27,0.017
2009-07-24,0.0172
2009-07-23,0.0137
2009-07-22,0.013000000000000001
2009-07-21,0.0137
2009-07-20,0.0137
2009-07-17,0.0137
2009-07-16,0.0105
2009-07-15,0.012
2009-07-14,0.013999999999999999
2009-07-13,0.0103
2009-07-10,0.0103
2009-07-09,0.0116
2009-07-08,0.0108
2009-07-07,0.00951
2009-07-06,0.0105
2009-07-03,0.01
2009-07-02,0.01031
2009-07-01,0.01031
2009-06-30,0.01
2009-06-29,0.01
2009-06-26,0.01
2009-06-25,0.0113
2009-06-24,0.00997
2009-06-23,0.0098
2009-06-22,0.0113
2009-06-19,0.0106
2009-06-18,0.0113
2009-06-17,0.0113
2009-06-16,0.0113
2009-06-15,0.0113
2009-06-12,0.0105
2009-06-11,0.0113
2009-06-10,0.0113
2009-06-09,0.00995
2009-06-08,0.0113
2009-06-05,0.0105
2009-06-04,0.0113
2009-06-03,0.0113
2009-06-02,0.0113
2009-06-01,0.0096
2009-05-31,0.0113
2009-05-27,0.0113
2009-05-26,0.0105
2009-05-25,0.0103
2009-05-22,0.009000000000000001
2009-05-21,0.0113
2009-05-20,0.011009999999999999
2009-05-19,0.0113
2009-05-18,0.0113
2009-05-15,0.01114
2009-05-14,0.010049999999999998
2009-05-13,0.012119999999999999
2009-05-12,0.0113
2009-05-11,0.0113
2009-05-08,0.01069
2009-05-07,0.01054
2009-05-06,0.01054
2009-05-05,0.0115
2009-05-04,0.011009999999999999
2009-04-30,0.01111
2009-04-29,0.011000000000000001
2009-04-28,0.01045
2009-04-27,0.011000000000000001
2009-04-24,0.010759999999999999
2009-04-23,0.00953
2009-04-22,0.01125
2009-04-21,0.01099
2009-04-20,0.01077
2009-04-17,0.011000000000000001
2009-04-16,0.01095
2009-04-15,0.01126
2009-04-14,0.01018
2009-04-13,0.01096
2009-04-10,0.01117
2009-04-09,0.00995
2009-04-08,0.01015
2009-04-07,0.01099
2009-04-03,0.010369999999999999
2009-04-02,0.01091
2009-04-01,0.01095
2009-03-31,0.01045
2009-03-30,0.01093
2009-03-27,0.010369999999999999
2009-03-26,0.01045
2009-03-25,0.010709999999999999
2009-03-24,0.011000000000000001
2009-03-23,0.01045
2009-03-20,0.011000000000000001
2009-03-19,0.01046
2009-03-18,0.01091
2009-03-17,0.01096
2009-03-16,0.011000000000000001
2009-03-13,0.011000000000000001
2009-03-12,0.01046
2009-03-11,0.010129999999999998
2009-03-10,0.01034
2009-03-09,0.01196
2009-03-06,0.010759999999999999
2009-03-05,0.011159999999999998
2009-03-04,0.010920000000000001
2009-03-03,0.011159999999999998
2009-03-02,0.011000000000000001
2009-02-27,0.01097
2009-02-26,0.010590000000000002
2009-02-25,0.01099
2009-02-24,0.01099
2009-02-23,0.01046
2009-02-20,0.01047
2009-02-19,0.0106
2009-02-18,0.01099
2009-02-17,0.01099
2009-02-16,0.01065
2009-02-13,0.010979999999999998
2009-02-12,0.01099
2009-02-11,0.01093
2009-02-10,0.010590000000000002
2009-02-09,0.01099
2009-02-06,0.012390000000000002
2009-02-05,0.01097
2009-02-04,0.01089
2009-02-03,0.01089
2009-02-02,0.01179
2009-02-01,0.01094
2009-01-24,0.01158
2009-01-23,0.0113
2009-01-22,0.0115
2009-01-21,0.0115
2009-01-20,0.01149
2009-01-19,0.01094
2009-01-16,0.011640000000000001
2009-01-15,0.0105
2009-01-14,0.01094
2009-01-13,0.01044
2009-01-12,0.01094
2009-01-09,0.01079
2009-01-08,0.01115
2009-01-07,0.01139
2009-01-06,0.01122
2009-01-05,0.010409999999999999
2009-01-04,0.01133
2008-12-31,0.0109
2008-12-30,0.01095
2008-12-29,0.01115
2008-12-26,0.01034
2008-12-25,0.011200000000000002
2008-12-24,0.01045
2008-12-23,0.012
2008-12-22,0.012
2008-12-19,0.012
2008-12-18,0.013459999999999998
2008-12-17,0.012
2008-12-16,0.013000000000000001
2008-12-15,0.013000000000000001
2008-12-12,0.01589
2008-12-11,0.01596
2008-12-10,0.015969999999999998
2008-12-09,0.01879
2008-12-08,0.013999999999999999
2008-12-05,0.01391
2008-12-04,0.01599
2008-12-03,0.018959999999999998
2008-12-02,0.017
2008-12-01,0.02001
2008-11-28,0.0175
2008-11-27,0.01891
2008-11-26,0.0215
2008-11-25,0.02158
2008-11-24,0.02099
2008-11-21,0.02076
2008-11-20,0.02252
2008-11-19,0.021390000000000003
2008-11-18,0.021959999999999997
2008-11-17,0.021
2008-11-14,0.026910000000000003
2008-11-13,0.0225
2008-11-12,0.025169999999999998
2008-11-11,0.0229
2008-11-10,0.02497
2008-11-07,0.025019999999999997
2008-11-06,0.02713
2008-11-05,0.028980000000000002
2008-11-04,0.02537
2008-11-03,0.025699999999999997
2008-10-31,0.026000000000000002
2008-10-30,0.026510000000000002
2008-10-29,0.026949999999999998
2008-10-28,0.027080000000000003
2008-10-27,0.02735
2008-10-24,0.0265
2008-10-23,0.02759
2008-10-22,0.027610000000000003
2008-10-21,0.02819
2008-10-20,0.02765
2008-10-17,0.03
2008-10-16,0.029980000000000003
2008-10-15,0.027939999999999996
2008-10-14,0.02779
2008-10-13,0.029989999999999996
2008-10-10,0.02742
2008-10-09,0.03
2008-10-08,0.032
2008-10-07,0.0345
2008-10-06,0.0335
2008-09-28,0.03286
2008-09-27,0.03243
2008-09-26,0.03347
2008-09-25,0.03248
2008-09-24,0.0345
2008-09-23,0.0345
2008-09-22,0.03249
2008-09-19,0.034089999999999995
2008-09-18,0.03148
2008-09-17,0.03248
2008-09-16,0.033620000000000004
2008-09-12,0.03359
2008-09-11,0.033460000000000004
2008-09-10,0.03344
2008-09-09,0.03565
2008-09-08,0.035039999999999995
2008-09-05,0.03561
2008-09-04,0.03498999999999999
2008-09-03,0.0353
2008-09-02,0.03603
2008-09-01,0.035230000000000004
2008-08-29,0.0349
2008-08-28,0.0351
2008-08-27,0.03506
2008-08-26,0.03727
2008-08-25,0.0384
2008-08-22,0.03712
2008-08-21,0.037000000000000005
2008-08-20,0.0369
2008-08-19,0.036860000000000004
2008-08-18,0.03682
2008-08-15,0.03712
2008-08-14,0.036019999999999996
2008-08-13,0.0369
2008-08-12,0.03787
2008-08-11,0.0369
2008-08-08,0.035230000000000004
2008-08-07,0.03584
2008-08-06,0.03645
2008-08-05,0.034789999999999995
2008-08-04,0.03572
2008-08-01,0.03475
2008-07-31,0.03583
2008-07-30,0.03498999999999999
2008-07-29,0.035230000000000004
2008-07-28,0.03498999999999999
2008-07-25,0.03498999999999999
2008-07-24,0.03498999999999999
2008-07-23,0.03581
2008-07-22,0.03498999999999999
2008-07-21,0.03498999999999999
2008-07-18,0.03581
2008-07-17,0.035
2008-07-16,0.035
2008-07-15,0.035
2008-07-14,0.035
2008-07-11,0.035789999999999995
2008-07-10,0.035
2008-07-09,0.03533
2008-07-08,0.03635
2008-07-07,0.03634
2008-07-04,0.03408
2008-07-03,0.033
2008-07-02,0.033
2008-07-01,0.033710000000000004
2008-06-30,0.03375
2008-06-27,0.034210000000000004
2008-06-26,0.033
2008-06-25,0.03249
2008-06-24,0.033
2008-06-23,0.028900000000000002
2008-06-20,0.032510000000000004
2008-06-19,0.0325
2008-06-18,0.036019999999999996
2008-06-17,0.03296
2008-06-16,0.03608
2008-06-13,0.03611
2008-06-12,0.03296
2008-06-11,0.03196
2008-06-10,0.03196
2008-06-06,0.03048
2008-06-05,0.03116
2008-06-04,0.028680000000000004
2008-06-03,0.02987
2008-06-02,0.030750000000000003
2008-05-30,0.03077
2008-05-29,0.02931
2008-05-28,0.030899999999999997
2008-05-27,0.030189999999999998
2008-05-26,0.030410000000000003
2008-05-23,0.03046
2008-05-22,0.0305
2008-05-21,0.03063
2008-05-20,0.0305
2008-05-19,0.03071
2008-05-16,0.030750000000000003
2008-05-15,0.03088
2008-05-14,0.029980000000000003
2008-05-13,0.03096
2008-05-12,0.03246
2008-05-09,0.030469999999999997
2008-05-08,0.030589999999999996
2008-05-07,0.0305
2008-05-06,0.03063
2008-05-05,0.03253
2008-05-04,0.03063
2008-04-30,0.03063
2008-04-29,0.030950000000000002
2008-04-28,0.03196
2008-04-25,0.03288
2008-04-24,0.030600000000000002
2008-04-23,0.03071
2008-04-22,0.030750000000000003
2008-04-21,0.030520000000000002
2008-04-18,0.030989999999999997
2008-04-17,0.030660000000000003
2008-04-16,0.032170000000000004
2008-04-15,0.031
2008-04-14,0.03076
2008-04-11,0.03299
2008-04-10,0.03113
2008-04-09,0.03096
2008-04-08,0.030989999999999997
2008-04-07,0.030989999999999997
2008-04-03,0.03299
2008-04-02,0.03127
2008-04-01,0.03218
2008-03-31,0.03213
2008-03-28,0.03218
2008-03-27,0.03149
2008-03-26,0.0315
2008-03-25,0.03193
2008-03-24,0.03146
2008-03-21,0.03205
2008-03-20,0.03207
2008-03-19,0.03279
2008-03-18,0.03218
2008-03-17,0.03394
2008-03-14,0.03234
2008-03-13,0.03249
2008-03-12,0.03237
2008-03-11,0.0334
2008-03-10,0.03342
2008-03-07,0.033460000000000004
2008-03-06,0.033
2008-03-05,0.03348
2008-03-04,0.03368
2008-03-03,0.03397
2008-02-29,0.03373
2008-02-28,0.034
2008-02-27,0.035039999999999995
2008-02-26,0.035039999999999995
2008-02-25,0.033760000000000005
2008-02-22,0.03482
2008-02-21,0.03449
2008-02-20,0.033960000000000004
2008-02-19,0.03397
2008-02-18,0.03336
2008-02-15,0.03498999999999999
2008-02-14,0.03341
2008-02-13,0.03398999999999999
2008-02-05,0.03872
2008-02-04,0.03872
2008-02-03,0.034010000000000006
2008-02-02,0.034980000000000004
2008-02-01,0.03871
2008-01-31,0.0387
2008-01-30,0.03548
2008-01-29,0.034780000000000005
2008-01-28,0.03529
2008-01-25,0.03703
2008-01-24,0.03552
2008-01-23,0.038680000000000006
2008-01-22,0.038680000000000006
2008-01-21,0.03556
2008-01-18,0.03704
2008-01-17,0.0375
2008-01-16,0.03704
2008-01-15,0.03594
2008-01-14,0.03716
2008-01-11,0.035789999999999995
2008-01-10,0.0375
2008-01-09,0.03717
2008-01-08,0.03695
2008-01-07,0.03751
2008-01-04,0.0363
2008-01-03,0.03718
2008-01-02,0.03795
2007-12-29,0.03751
2007-12-28,0.03657
2007-12-27,0.037599999999999995
2007-12-26,0.03995
2007-12-25,0.03995
2007-12-24,0.03674
2007-12-21,0.04047
2007-12-20,0.04047
2007-12-19,0.0369
2007-12-18,0.03659
2007-12-17,0.03657
2007-12-14,0.037000000000000005
2007-12-13,0.03757
2007-12-12,0.03823
2007-12-11,0.0401
2007-12-10,0.040069999999999995
2007-12-07,0.03809
2007-12-06,0.03993
2007-12-05,0.035910000000000004
2007-12-04,0.035910000000000004
2007-12-03,0.03589
2007-11-30,0.03503
2007-11-29,0.03503
2007-11-28,0.04228
2007-11-27,0.0378
2007-11-26,0.040519999999999994
2007-11-23,0.03568
2007-11-22,0.03568
2007-11-21,0.042010000000000006
2007-11-20,0.03562
2007-11-19,0.03562
2007-11-16,0.035
2007-11-15,0.03803
2007-11-14,0.038
2007-11-13,0.035
2007-11-12,0.03796
2007-11-09,0.03796
2007-11-08,0.03369
2007-11-07,0.0337
2007-11-06,0.03781
2007-11-05,0.03781
2007-11-02,0.03694
2007-11-01,0.03688
2007-10-31,0.03684
2007-10-30,0.03684
2007-10-29,0.03682
2007-10-26,0.0321
2007-10-25,0.0315
2007-10-24,0.032189999999999996
2007-10-23,0.03216
2007-10-22,0.03214
2007-10-19,0.030299999999999997
2007-10-18,0.03165
2007-10-17,0.03057
2007-10-16,0.03214
2007-10-15,0.03148
2007-10-12,0.03195
2007-10-11,0.03193
2007-10-10,0.03126
2007-10-09,0.03126
2007-10-08,0.031219999999999998
2007-09-29,0.03161
2007-09-28,0.0305
2007-09-27,0.03165
2007-09-26,0.03
2007-09-25,0.03136
2007-09-24,0.03159
2007-09-21,0.029989999999999996
2007-09-20,0.03152
2007-09-19,0.03
2007-09-18,0.031239999999999997
2007-09-17,0.03
2007-09-14,0.029500000000000002
2007-09-13,0.029810000000000003
2007-09-12,0.030910000000000003
2007-09-11,0.03113
2007-09-10,0.03
2007-09-07,0.031069999999999997
2007-09-06,0.02995
2007-09-05,0.031030000000000002
2007-09-04,0.0294
2007-09-03,0.029910000000000003
2007-08-31,0.02987
2007-08-30,0.029500000000000002
2007-08-29,0.029849999999999998
2007-08-28,0.02984
2007-08-27,0.02905
2007-08-24,0.028399999999999998
2007-08-23,0.029530000000000004
2007-08-22,0.02901
2007-08-21,0.02901
2007-08-20,0.028999999999999998
2007-08-17,0.0275
2007-08-16,0.02897
2007-08-15,0.0275
2007-08-14,0.0285
2007-08-13,0.028510000000000004
2007-08-10,0.028919999999999998
2007-08-09,0.028919999999999998
2007-08-08,0.02891
2007-08-07,0.02926
2007-08-06,0.03011
2007-08-03,0.02923
2007-08-02,0.02887
2007-08-01,0.02886
2007-07-31,0.02827
2007-07-30,0.028220000000000002
2007-07-27,0.028939999999999997
2007-07-26,0.028210000000000002
2007-07-25,0.02893
2007-07-24,0.02915
2007-07-23,0.02995
2007-07-20,0.02992
2007-07-19,0.02842
2007-07-18,0.02992
2007-07-17,0.02989
2007-07-16,0.0276
2007-07-13,0.027530000000000002
2007-07-12,0.0245
2007-07-11,0.0245
2007-07-10,0.02448
2007-07-09,0.02448
2007-07-06,0.026830000000000003
2007-07-05,0.0265
2007-07-04,0.026489999999999996
2007-07-03,0.028300000000000002
2007-07-02,0.026539999999999998
2007-06-29,0.026539999999999998
2007-06-28,0.024330000000000004
2007-06-27,0.026789999999999998
2007-06-26,0.02698
2007-06-25,0.02637
2007-06-22,0.025550000000000003
2007-06-21,0.026489999999999996
2007-06-20,0.0265
2007-06-19,0.02541
2007-06-18,0.02422
2007-06-15,0.02419
2007-06-14,0.02634
2007-06-13,0.02411
2007-06-12,0.02496
2007-06-11,0.02414
2007-06-08,0.02411
2007-06-07,0.024409999999999998
2007-06-06,0.023719999999999998
2007-06-05,0.02474
2007-06-04,0.02371
2007-06-01,0.025980000000000003
2007-05-31,0.02597
2007-05-30,0.024409999999999998
2007-05-29,0.025939999999999998
2007-05-28,0.025920000000000002
2007-05-25,0.02436
2007-05-24,0.025860000000000005
2007-05-23,0.024
2007-05-22,0.02399
2007-05-21,0.02314
2007-05-18,0.02331
2007-05-17,0.022930000000000002
2007-05-16,0.02342
2007-05-15,0.02573
2007-05-14,0.02573
2007-05-11,0.02572
2007-05-10,0.02273
2007-05-09,0.023010000000000003
2007-05-08,0.025580000000000002
2007-04-30,0.022719999999999997
2007-04-29,0.02343
2007-04-28,0.022969999999999997
2007-04-27,0.022930000000000002
2007-04-26,0.022949999999999998
2007-04-25,0.022940000000000002
2007-04-24,0.022940000000000002
2007-04-23,0.0259
2007-04-20,0.0259
2007-04-19,0.02192
2007-04-18,0.022930000000000002
2007-04-17,0.02302
2007-04-16,0.022930000000000002
2007-04-13,0.02311
2007-04-12,0.023
2007-04-11,0.0231
2007-04-10,0.02299
2007-04-09,0.02298
2007-04-06,0.022969999999999997
2007-04-05,0.022099999999999998
2007-04-04,0.02199
2007-04-03,0.023
2007-04-02,0.02199
2007-03-30,0.02274
2007-03-29,0.023
2007-03-28,0.022930000000000002
2007-03-27,0.022930000000000002
2007-03-26,0.02175
2007-03-23,0.0212
2007-03-22,0.021830000000000002
2007-03-21,0.021949999999999997
2007-03-20,0.0208
2007-03-19,0.021509999999999998
2007-03-16,0.02147
2007-03-15,0.02105
2007-03-14,0.02077
2007-03-13,0.020909999999999998
2007-03-12,0.02109
2007-03-09,0.021109999999999997
2007-03-08,0.02099
2007-03-07,0.0208
2007-03-06,0.022000000000000002
2007-03-05,0.02119
2007-03-02,0.022000000000000002
2007-03-01,0.02166
2007-02-28,0.02075
2007-02-27,0.021
2007-02-26,0.02022
2007-02-25,0.021319999999999995
2007-02-17,0.02157
2007-02-16,0.02174
2007-02-15,0.02173
2007-02-14,0.022000000000000002
2007-02-13,0.02231
2007-02-12,0.02108
2007-02-09,0.02105
2007-02-08,0.02104
2007-02-07,0.021030000000000004
2007-02-06,0.020099999999999996
2007-02-05,0.020099999999999996
2007-02-02,0.020390000000000002
2007-02-01,0.02073
2007-01-31,0.020499999999999997
2007-01-30,0.020019999999999996
2007-01-29,0.02069
2007-01-26,0.01999
2007-01-25,0.02069
2007-01-24,0.01998
2007-01-23,0.02
2007-01-22,0.02
2007-01-19,0.01994
2007-01-18,0.02016
2007-01-17,0.02031
2007-01-16,0.0203
2007-01-15,0.0203
2007-01-12,0.02045
2007-01-11,0.020499999999999997
2007-01-10,0.020659999999999998
2007-01-09,0.0215
2007-01-08,0.02059
2007-01-05,0.02077
2007-01-04,0.020790000000000003
2006-12-31,0.021180000000000004
2006-12-30,0.02162
2006-12-29,0.02188
2006-12-28,0.02145
2006-12-27,0.02158
2006-12-26,0.020869999999999996
2006-12-25,0.02157
2006-12-22,0.02197
2006-12-21,0.02193
2006-12-20,0.02107
2006-12-19,0.02153
2006-12-18,0.02112
2006-12-15,0.021509999999999998
2006-12-14,0.02096
2006-12-13,0.02136
2006-12-12,0.02109
2006-12-11,0.02108
2006-12-08,0.020950000000000003
2006-12-07,0.02096
2006-12-06,0.02096
2006-12-05,0.021319999999999995
2006-12-04,0.02131
2006-12-01,0.020649999999999998
2006-11-30,0.020780000000000003
2006-11-29,0.02129
2006-11-28,0.021150000000000002
2006-11-27,0.021019999999999997
2006-11-24,0.02101
2006-11-23,0.02101
2006-11-22,0.021
2006-11-21,0.02125
2006-11-20,0.020869999999999996
2006-11-17,0.0206
2006-11-16,0.020630000000000003
2006-11-15,0.02058
2006-11-14,0.020569999999999998
2006-11-13,0.020550000000000002
2006-11-10,0.02047
2006-11-09,0.02047
2006-11-08,0.02046
2006-11-07,0.02044
2006-11-06,0.0204
2006-11-03,0.02015
2006-11-02,0.02015
2006-11-01,0.02015
2006-10-31,0.02013
2006-10-30,0.020099999999999996
2006-10-27,0.020099999999999996
2006-10-26,0.020059999999999998
2006-10-25,0.02004
2006-10-24,0.02005
2006-10-23,0.02005
2006-10-20,0.020069999999999998
2006-10-19,0.02009
2006-10-18,0.02014
2006-10-17,0.02014
2006-10-16,0.020110000000000003
2006-10-13,0.020059999999999998
2006-10-12,0.02005
2006-10-11,0.020059999999999998
2006-10-10,0.020069999999999998
2006-10-09,0.020909999999999998
2006-10-08,0.02048
2006-09-30,0.020720000000000002
2006-09-29,0.020720000000000002
2006-09-28,0.019909999999999997
2006-09-27,0.02093
2006-09-26,0.020019999999999996
2006-09-25,0.020950000000000003
2006-09-22,0.02037
2006-09-21,0.02031
2006-09-20,0.020550000000000002
2006-09-19,0.0206
2006-09-18,0.02058
2006-09-15,0.02094
2006-09-14,0.02083
2006-09-13,0.02059
2006-09-12,0.02061
2006-09-11,0.0207
2006-09-08,0.020739999999999998
2006-09-07,0.020739999999999998
2006-09-06,0.02053
2006-09-05,0.02045
2006-09-04,0.021480000000000003
2006-09-01,0.02146
2006-08-31,0.0215
2006-08-30,0.02199
2006-08-29,0.022330000000000003
2006-08-28,0.022230000000000003
2006-08-25,0.02174
2006-08-24,0.022010000000000002
2006-08-23,0.02119
2006-08-22,0.0208
2006-08-21,0.02031
2006-08-18,0.020669999999999997
2006-08-17,0.02231
2006-08-16,0.02237
2006-08-15,0.022330000000000003
2006-08-14,0.02254
2006-08-11,0.02254
2006-08-10,0.02252
2006-08-09,0.022480000000000003
2006-08-08,0.023530000000000002
2006-08-07,0.023239999999999997
2006-08-04,0.02305
2006-08-03,0.023090000000000003
2006-08-02,0.0236
2006-08-01,0.021
2006-07-31,0.022090000000000002
2006-07-28,0.02213
2006-07-27,0.022170000000000002
2006-07-26,0.02128
2006-07-25,0.020790000000000003
2006-07-24,0.02068
2006-07-21,0.020630000000000003
2006-07-20,0.020780000000000003
2006-07-19,0.020259999999999997
2006-07-18,0.02035
2006-07-17,0.02036
2006-07-14,0.01893
2006-07-13,0.01919
2006-07-12,0.0209
2006-07-11,0.019950000000000002
2006-07-10,0.01966
2006-07-07,0.01996
2006-07-06,0.020739999999999998
2006-07-05,0.02062
2006-07-04,0.02022
2006-07-03,0.02032
2006-06-30,0.02047
2006-06-29,0.020030000000000003
2006-06-28,0.01982
2006-06-27,0.02004
2006-06-26,0.02029
2006-06-23,0.02031
2006-06-19,0.02242
2006-06-16,0.0232
2006-06-15,0.021509999999999998
2006-06-14,0.0213
2006-06-13,0.02143
2006-06-12,0.02122
2006-06-09,0.021109999999999997
2006-06-08,0.02108
2006-06-07,0.01913
2006-06-06,0.018940000000000002
2006-06-05,0.01901
2006-06-02,0.017380000000000003
2006-06-01,0.01943
2006-05-31,0.01942
2006-05-30,0.019459999999999998
2006-05-29,0.01933
2006-05-26,0.020569999999999998
2006-05-25,0.01973
2006-05-23,0.016769999999999997
2006-05-22,0.016909999999999998
2006-05-19,0.01791
2006-05-18,0.01781
2006-05-17,0.01705
2006-05-16,0.01705
2006-05-15,0.017230000000000002
2006-05-12,0.01837
2006-05-11,0.01668
2006-05-10,0.01642
2006-05-09,0.01647
2006-05-08,0.016640000000000002
2006-04-29,0.0195
2006-04-28,0.019530000000000002
2006-04-27,0.019530000000000002
2006-04-26,0.018730000000000004
2006-04-25,0.016980000000000002
2006-04-24,0.016780000000000003
2006-04-21,0.01849
2006-04-20,0.01847
2006-04-19,0.01768
2006-04-18,0.01759
2006-04-17,0.01734
2006-04-14,0.017280000000000004
2006-04-13,0.01724
2006-04-12,0.017280000000000004
2006-04-11,0.01724
2006-04-10,0.01719
2006-04-07,0.017730000000000003
2006-04-06,0.01778
2006-04-05,0.01793
2006-04-04,0.01743
2006-04-03,0.01736
2006-03-31,0.017150000000000002
2006-03-30,0.01737
2006-03-29,0.01708
2006-03-28,0.01704
2006-03-27,0.01757
2006-03-24,0.01709
2006-03-23,0.01679
2006-03-22,0.01735
2006-03-21,0.016040000000000002
2006-03-20,0.016130000000000002
2006-03-17,0.01595
2006-03-16,0.017669999999999998
2006-03-14,0.017619999999999997
2006-03-13,0.017169999999999998
2006-03-07,0.01871
2006-02-27,0.01516
2006-02-23,0.015490000000000002
2006-02-21,0.015700000000000002
2006-02-08,0.01534
2006-02-07,0.01607
2006-02-06,0.01587
2006-02-05,0.01608
2006-01-28,0.01601
2006-01-27,0.016
2006-01-26,0.01623
2006-01-25,0.014140000000000002
2006-01-24,0.014459999999999999
2006-01-23,0.014680000000000002
2006-01-20,0.014369999999999999
2006-01-19,0.014269999999999998
2006-01-18,0.015519999999999999
2006-01-17,0.01426
2006-01-16,0.01555
2006-01-13,0.01523
2006-01-12,0.01462
2006-01-11,0.015449999999999998
2006-01-10,0.015390000000000001
2006-01-09,0.014509999999999999
2006-01-06,0.01534
2006-01-05,0.014650000000000002
2006-01-04,0.015130000000000001
2005-12-31,0.01482
2005-12-30,0.01544
2005-12-29,0.015109999999999998
2005-12-28,0.01494
2005-12-27,0.014769999999999998
2005-12-21,0.01826
2005-12-20,0.017830000000000002
2005-12-19,0.018799999999999997
2005-12-16,0.01847
2005-12-15,0.01852
2005-12-13,0.017849999999999998
2005-12-12,0.01924
2005-12-09,0.01954
2005-12-08,0.01933
2005-12-07,0.01985
2005-12-06,0.019180000000000003
2005-12-05,0.019409999999999997
2005-12-02,0.01936
2005-12-01,0.01951
2005-11-29,0.01805
2005-11-28,0.01774
2005-11-25,0.01786
2005-11-24,0.01426
2005-11-23,0.0139
2005-11-22,0.013540000000000002
2005-11-21,0.01262
2005-11-11,0.0131
2005-11-08,0.012
2005-11-04,0.009890000000000001
2005-11-03,0.01095
2005-11-01,0.01222
2005-10-31,0.01127
2005-10-27,0.013630000000000001
2005-10-26,0.013819999999999999
2005-10-25,0.013430000000000003
2005-10-24,0.01314
2005-10-21,0.013500000000000002
2005-10-20,0.01345
2005-10-19,0.013009999999999999
2005-10-18,0.013300000000000001
2005-10-14,0.011819999999999999
2005-10-11,0.01232
2005-10-10,0.01207
2005-10-09,0.01294
2005-10-08,0.01232
2005-09-30,0.01248
2005-09-29,0.012470000000000002
2005-09-28,0.012890000000000002
2005-09-27,0.0129
2005-09-26,0.01259
2005-09-23,0.01274
2005-09-20,0.012969999999999999
2005-09-19,0.01265
2005-09-16,0.01161
2005-09-15,0.013159999999999998
2005-09-14,0.012629999999999999
2005-09-13,0.013389999999999999
2005-09-12,0.01381
2005-09-09,0.01298
2005-09-08,0.01286
2005-09-07,0.012919999999999997
2005-09-06,0.01389
2005-09-05,0.01402
2005-09-02,0.01274
2005-09-01,0.01315
2005-08-31,0.01402
2005-08-30,0.013730000000000003
2005-08-29,0.01356
2005-08-26,0.01375
2005-08-25,0.013389999999999999
2005-08-24,0.01298
2005-08-23,0.01286
2005-08-22,0.0127
2005-08-19,0.01325
2005-08-18,0.01276
2005-08-17,0.013540000000000002
2005-08-16,0.01361
2005-08-15,0.01272
2005-08-12,0.0129
2005-08-11,0.01262
2005-08-10,0.013600000000000001
2005-08-09,0.012309999999999998
2005-08-08,0.01272
2005-08-05,0.01423
2005-08-04,0.013580000000000002
2005-08-03,0.01399
2005-08-02,0.014499999999999999
2005-08-01,0.01459
2005-07-29,0.015030000000000002
2005-07-28,0.015219999999999997
2005-07-27,0.01426
2005-07-26,0.015309999999999999
2005-07-25,0.015430000000000001
2005-07-22,0.014539999999999999
2005-07-21,0.01421
2005-07-20,0.014119999999999999
2005-07-19,0.01337
2005-07-18,0.01365
2005-07-15,0.01367
2005-07-14,0.01376
2005-07-13,0.01315
2005-07-12,0.01253
2005-07-11,0.01587
2005-07-08,0.015319999999999999
2005-07-07,0.01534
2005-07-06,0.014450000000000001
2005-07-05,0.01568
2005-07-04,0.015309999999999999
2005-07-01,0.01576
2005-06-30,0.01575
2005-06-29,0.015309999999999999
2005-06-28,0.01521
2005-06-27,0.01466
2005-06-24,0.01409
2005-06-23,0.0139
2005-06-22,0.013859999999999999
2005-06-21,0.01494
2005-06-15,0.014880000000000003
2005-06-14,0.015219999999999997
2005-06-13,0.01636
2005-06-10,0.01555
2005-06-09,0.01634
2005-06-08,0.0168
2005-06-07,0.01719
2005-06-06,0.01794
2005-06-03,0.01805
2005-06-02,0.01774
2005-06-01,0.01736
2005-05-31,0.01702
2005-05-30,0.019119999999999998
2005-05-27,0.017890000000000003
2005-05-26,0.01816
2005-05-25,0.02028
2005-05-23,0.01969
2005-05-20,0.01901
2005-05-18,0.01849
2005-05-17,0.018680000000000002
2005-05-16,0.0184
2005-05-13,0.02062
2005-05-12,0.02022
2005-05-11,0.02015
2005-05-10,0.0203
2005-05-09,0.01986
2005-05-08,0.01967
2005-04-30,0.01965
2005-04-29,0.01973
2005-04-28,0.01989
2005-04-27,0.019340000000000003
2005-04-26,0.01955
2005-04-25,0.01936
2005-04-22,0.018619999999999998
2005-04-21,0.01851
2005-04-20,0.0189
2005-04-19,0.01895
2005-04-18,0.01931
2005-04-15,0.01764
2005-04-14,0.017159999999999998
2005-04-13,0.01779
2005-04-12,0.017159999999999998
2005-04-11,0.018330000000000003
2005-04-08,0.01889
2005-04-07,0.01857
2005-04-06,0.01962
2005-04-05,0.01927
2005-04-04,0.02013
2005-04-01,0.01933
2005-03-31,0.020110000000000003
2005-03-30,0.02024
2005-03-29,0.01821
2005-03-25,0.01989
2005-03-18,0.01826
2005-03-17,0.0206
2005-03-16,0.02089
2005-03-15,0.02037
2005-03-14,0.02043
2005-03-11,0.02062
2005-03-10,0.01905
2005-03-09,0.02028
2005-03-08,0.019569999999999997
2005-03-07,0.01908
2005-03-04,0.021099999999999997
2005-03-03,0.02036
2005-03-02,0.0209
2005-03-01,0.02182
2005-02-25,0.023209999999999998
2005-02-24,0.02283
2005-02-23,0.021019999999999997
2005-02-22,0.023450000000000002
2005-02-21,0.02304
2005-02-18,0.023450000000000002
2005-02-17,0.02435
2005-02-16,0.024399999999999998
2005-02-08,0.025540000000000004
2005-02-07,0.025910000000000002
2005-02-06,0.025839999999999995
2005-02-05,0.026019999999999998
2005-02-04,0.026060000000000003
2005-02-03,0.026310000000000004
2005-02-02,0.02582
2005-02-01,0.025780000000000004
2005-01-31,0.02529
2005-01-28,0.026210000000000004
2005-01-27,0.02605
2005-01-26,0.025699999999999997
2005-01-25,0.026189999999999998
2005-01-24,0.025939999999999998
2005-01-21,0.02641
2005-01-20,0.02653
2005-01-19,0.02641
2005-01-18,0.02642
2005-01-17,0.02661
2005-01-14,0.02752
2005-01-13,0.02756
2005-01-12,0.026889999999999997
2005-01-11,0.0273
2005-01-10,0.027549999999999998
2005-01-07,0.02738
2005-01-06,0.027510000000000003
2005-01-05,0.028169999999999997
