-0.004119065,0.005907827
-0.00239002,-0.001263837
0.006191959,0.009106413
0.002650745,0.003807081
-0.00659143,0.005143132
-0.002798755,0.002408179
-0.009108148,-0.00989069
-0.003950556,-0.028542898
-0.009982592,-0.026620402
0.014363032,0.005591886
-0.026495585,-0.052727486
-0.027085303,-0.074908776
0.042471455,0.03094258
0.002717197,0.003118003
0.016828022,0.009273628
-0.024938837,-0.074622272
-0.003881959,0.008707718
-0.01454727,-0.009034747
0.024317313,-0.007829844
-0.016393505,-0.014390149
0.049732058,0.078190699
-0.009005406,-0.015633417
-0.013802424,-0.023976946
-0.00410988,0.013622847
1.25E-05,-0.012197366
0.001642152,0.015669779
-0.002176678,0.02082817
0.004974835,-0.02107447
-0.004208706,-0.008763661
-0.01728939,-0.035270342
-0.006934852,-0.041523138
-0.004945157,0.01082861
0.021520974,0.022368052
-0.005714074,-0.007999987
0.005363838,0.011339086
-0.005452738,0.020422688
-0.010362883,-0.023439046
0.006632107,-0.009919299
-0.003516299,0.015792989
-0.013023741,-0.013963396
-0.016488325,-0.036518654
-0.005610206,0.004710929
-0.003690248,-0.023255557
-0.023889131,-0.024588831
-0.007718135,-0.002163872
-0.022799609,-0.03665581
-0.019439795,-0.040371916
0.019055037,0.024954656
-0.058817541,0.011221612
0.007709723,-0.001967732
-0.04423848,-0.045917649
-0.011319102,0.000945725
0.025100288,-0.006290928
-0.037066538,-0.055686731
0.027871246,0.048253556
-0.03659465,-0.030467449
-0.03262075,-0.042215512
-0.037987075,0.005607286
0.016388152,0.028957035
0.030318077,0.043542786
-0.009249966,0.003583121
-0.036711115,-0.056553466
0.004824062,0.01679939
-0.001054933,0.006073559
0.015181592,-0.057816858
0.007434195,0.015555108
-0.014626887,-0.017095118
-0.02490522,-0.021141225
-0.039532363,-0.040551609
-0.006578286,0.007182991
-0.002767831,0.00983795
0.031492138,0.040632574
0.059291536,0.088874107
-0.016301396,-0.007080211
-0.020202663,-0.023613566
-0.010249014,0.013913376
0.031093687,0.047039987
0.009329898,0.018219434
-0.009321501,-0.007340337
-0.018178377,-0.042222431
0.009689728,0.021474609
-0.007031797,-0.011923942
-0.00481199,0.003725726
-0.020913038,-0.018572097
0.001856315,0.026932461
-0.003942423,-0.005513015
0.002881623,-0.003605567
0.008052772,-0.005387208
-0.020555523,-0.045865236
-0.001944139,0.028918279
-0.019400161,-0.016659712
-0.01171071,-0.003603827
-0.015660536,-0.031752534
0.000716008,0.003223468
-0.012033828,0.024471137
-0.018966351,-0.016789057
0.003659053,0.009339637
-0.015187949,0.007454624
-0.007402281,-0.006568421
-0.005894069,-0.019536902
-0.005974629,-0.005435658
-0.007626263,-0.00657807
-0.022702499,-0.080435992
-0.002140826,-0.015777388
-0.018474641,-0.022304683
-0.017988054,-0.030461313
-0.007700285,0.001846802
-0.026357133,-0.027997611
0.027478047,0.051045746
-0.060859692,-0.067597388
0.021547841,0.029698578
-0.015805771,-0.025508196
0.012708822,0.015315295
0.010367402,0.035741159
-0.027089592,-0.001089745
-0.027326182,-0.054317897
0.009530306,-0.004495922
-0.006316596,-0.031369528
-0.012692422,4.53E-05
0.006163361,0.019347585
-0.007413822,-0.012519934
0.014859416,0.044862345
0.007913724,0.008043067
0.005338425,0.036827151
0.001061376,-0.015561401
-0.001074783,-0.006565175
-0.003914014,0.007540547
-0.006099952,-0.034932208
-0.011144386,-0.026829968
0.003838779,-0.007824336
0.014459062,0.034265302
0.008372006,0.029453961
-0.013740721,-0.005361697
-0.009292082,-0.002909238
0.001785547,0.025207049
-0.01172169,-0.015649817
-0.010902023,0.013145216
-0.005455786,-0.018320708
0.005831731,-0.004797987
-0.006976866,-0.021721032
0.003625443,0.009359043
-0.020490588,-0.02167538
0.005078436,-0.018774277
-0.008241068,0.010581022
2.69E-06,0.003014169
-0.004591109,-0.045705025
-0.018564471,-0.053460535
0.004890326,-0.005226433
0.001414261,-0.004446224
-0.006241002,-0.003774031
-0.007768647,0.005535551
-0.01263517,-0.054826686
0.007128618,0.01054865
0.022634055,0.073501498
-0.025093502,-0.036963254
0.001075339,-0.010953311
-0.00696875,0.003381898
-0.006912154,-0.026574696
-0.002409408,-0.003383042
0.004400256,0.003408147
0.012842982,0.019895709
-0.009208584,-0.030593784
0.000116724,-0.008744715
-0.010304293,-0.012318659
-0.00560259,0.000324544
0.006445205,-0.033470711
-0.008626732,-0.02716541
0.002158354,0.001099506
-0.004998616,0.002318146
-0.005459063,-0.033942933
-0.000224335,0.0003328
-0.022831086,-0.045767914
-0.009747983,-0.029416657
-0.012844244,-0.017365669
0.060714867,0.090344578
0.058142671,0.074866893
-0.001563497,-0.015728413
-0.002007475,0.006926188
0.02152827,0.035752334
0.003256994,-0.001619155
-0.032665353,-0.053754589
-0.005514221,-0.007341008
-0.031568962,-0.030879643
-0.005105173,-0.008467445
-0.01860865,-0.03632703
0.016073497,0.035837655
-0.019428907,-0.027500401
-0.003512279,-0.011293274
-0.022478829,-0.043404768
-0.008506268,0.0107849
-0.002549744,0.022207729
-0.008660716,-0.007871299
-0.015718824,-0.032541164
0.006528335,-0.010744703
-0.015343799,-0.019348243
-0.019209547,-0.065288921
0.012339682,0.02773718
-0.030149034,-0.029792849
0.029369187,0.025146161
-0.001036722,-0.019941716
-0.001395635,-0.005226541
0.004177181,-0.007629448
-0.000998495,0.031096333
-0.006346708,-0.024660778
0.003505008,0.017309082
0.031494221,0.070194444
-0.000319927,-0.016778542
0.009731261,0.0083739
0.008609009,0.036184571
0.006214993,0.030060635
0.006936597,0.021931596
-0.028453317,-0.065142664
0.031287422,0.058714217
-0.021521174,-0.0168522
-0.006934183,-0.007270691
-0.032243959,-0.037418023
0.021695743,-0.004408616
0.024656874,0.004842878
-0.008073349,0.010470921
-0.016942239,-0.024654081
0.006145361,0.01245923
0.003625801,-0.002630375
0.016799525,0.039317634
0.001784173,0.018195988
-0.009609175,0.008533045
0.025712108,0.035101911
0.00444345,-0.025692503
0.012319904,0.020101934
-0.025371928,-0.023079755
-0.026324398,-0.038874951
-0.010558331,0.005185041
0.007883671,0.005397817
0.00209308,0.000917551
-0.01070438,0.019474566
-0.002448593,0.001372778
-0.010560944,-0.015330469
-0.003653856,-0.046613569
-0.013668531,-0.017774878
-0.018010657,-0.006125062
-0.004746539,-0.000486509
-0.000969951,-0.000560778
-0.00498397,-0.009540197
-0.010196668,-0.006626157
0.002490812,0.032373844
0.008486597,0.029562684
0.007121614,-0.00680265
-0.009242913,-0.024108834
0.006053246,0.014105285
-0.000151894,-0.002372539
-0.01054279,-0.019651435
-0.000757737,0.034548754
-0.012731095,-0.004501349
0.003019951,0.017670212
0.008785384,0.016358193
0.00838195,0.003735454
-0.000340764,-0.004569357
-0.001259579,0.009992647
-0.006586758,-0.007154887
-0.009252344,0.01050695
0.001680433,0.024126454
-9.16E-05,0.022522414
0.000282068,-0.004627464
0.007939097,0.038899974
0.017072942,0.019735304
0.01132016,0.01801747
0.003400511,-0.001918259
-0.011108345,-0.005646168
0.011202815,0.031827095
0.007642459,0.029128341
-0.027936824,-0.029710639
-0.04124017,-0.048396138
0.009111798,0.007781446
0.005181393,0.015307066
-0.000491495,0.019399131
0.001048478,-0.046663124
-0.011739483,0.002686498
-0.04038141,-0.039435077
-0.016404165,-0.018267901
7.33E-05,0.005073881
-0.002455563,-0.010572317
0.006809681,0.059356863
-0.011057746,0.010395228
-0.006629824,-0.012718102
-0.027228531,-0.034448313
-0.008813943,0.018619691
-0.009959332,-0.009094921
-0.009208897,-0.00240773
0.002277965,-0.002361399
0.00765196,0.011416381
0.008998093,0.029755488
0.003427231,0.00243086
0.010253196,0.018726084
-0.005387051,0.006742282
-0.0153309,0.019274386
-0.003890001,0.005549018
-0.017936937,-0.020244861
0.011159534,0.030152766
-0.001756535,0.005377386
0.003259762,-0.006930012
0.005672362,0.006413968
0.005130165,0.014558854
0.002188047,0.00714793
-0.005375085,-0.002275717
-0.010499095,0.007986937
-0.009865666,-0.038360795
-0.003224812,0.013746443
-0.006911374,0.026680123
0.005580753,0.028027661
0.005867394,0.005348283
-0.004830268,0.003505666
-0.009202169,-0.000758157
-0.017909544,-0.011988467
-0.001091088,0.02114952
-0.002951148,-0.008492803
-0.000622375,-0.029811856
-0.000798209,0.001059022
-0.008743815,-0.006252986
-0.009801355,-0.017819799
-0.006802205,-0.001626867
-0.003865745,0.027418174
-0.00256801,0.003791939
-0.000100466,0.032694655
0.013086091,0.002896683
0.004458723,0.009761201
0.003843736,0.001898664
-0.003149388,0.010797541
-0.001612009,-0.017635248
0.005540441,0.014785032
0.003292322,0.017264547
-0.009481418,-0.009004798
-0.014719329,0.00203438
0.000290481,0.002837277
-0.007317916,0.008970198
-0.010996095,-0.009484885
-0.006223983,-0.015504575
-0.020215743,-0.00500018
0.002860648,0.004765726
-0.009116902,-0.008246521
0.002999556,0.016989763
0.003148445,0.033005063
-0.006471785,0.001109891
0.004636047,0.019730996
-0.006479276,-0.004091366
-0.008258477,-0.004837058
-0.006526935,0.005231597
0.00205288,0.007037544
-0.005253902,0.010121186
-0.005160061,-0.006743332
-0.003529366,-0.019331845
-0.014832405,0.016549963
0.014285725,-0.004860966
-0.002531755,0.012209287
0.002775203,0.015459276
-0.006254136,0.009273582
0.003292608,0.005473638
0.001676443,-0.001245466
0.002911381,0.01018135
-0.018885208,0.000939572
-0.010127663,0.001081449
0.002279167,0.015957923
-0.00754082,-0.005375875
0.000261638,0.016351567
0.001289064,0.017172647
-0.002179997,0.009144553
-0.001204807,0.011685245
-0.001661598,-0.011334636
-0.010056114,-0.002812217
0.005505289,0.013624421
-0.001211093,-0.002919049
-0.001263896,-0.010776136
-0.001817722,0.020753709
0.00590987,0.013702772
-0.002179333,-0.001509347
-0.007260736,0.001882488
0.000863481,0.023907923
0.004395754,-0.016578452
0.001035176,0.025626992
-0.00186596,0.009622563
0.001419264,0.013166102
0.004373727,0.018393792
-0.007678352,0.000919171
-0.008241259,-0.051299555
0.022336689,0.016736294
0.014381379,0.026882249
-0.004376074,0.014700063
-0.007455868,0.002553206
-0.015426094,-0.01244693
-0.014514263,-0.021275024
-0.007340114,-0.028909286
-0.015692589,-0.003357682
-0.006533063,0.004594691
-0.024712735,-0.047679218
-0.014429822,0.008904507
-0.027345215,-0.030252817
-0.02186188,-0.059616793
0.004017534,0.013925297
-0.033503222,-0.043999269
0.032208116,0.04423903
0.015682328,0.016753131
-0.001975887,0.010969846
-0.006382324,-0.026274299
-0.001254548,0.017606607
0.001087015,-0.007169471
-0.004069969,-0.029520234
-0.044504313,-0.069828609
-0.003965586,0.005971836
0.007450916,0.011576995
0.01336181,0.046789126
0.005535996,0.005812551
0.006265784,0.006793665
0.001832586,0.016986807
0.000654541,0.005371704
-0.020167822,-0.00728175
0.007991491,0.02194934
-0.007462343,0.012282643
-0.000530313,0.002305763
-0.007342136,-0.011276609
0.001947273,0.019984262
-0.016260104,-0.032410003
-0.017642074,0.001465173
-0.010409204,-0.023688461
-0.013602188,-0.019104896
-0.006677627,0.003803543
0.005544231,-0.005169012
-0.009466708,-0.026889184
0.000437155,-0.003256579
0.00252867,0.008993972
0.007139414,0.046497823
0.003779937,-0.005935743
-0.006953707,0.014306652
-0.004122258,0.011627898
0.007146869,0.003111096
0.004936726,-0.001059361
-0.011390369,0.020496466
-0.016910765,0.015085394
-0.007247793,-0.004505256
-0.003969523,-0.006264966
-0.004351549,0.018325769
-0.000794114,0.000552963
-0.009928013,-0.028743339
0.001206539,0.00326131
-0.008103222,-0.023654449
-0.001249052,0.011880642
-0.005225011,0.026613688
-0.000937032,0.01213995
0.000233389,0.004584516
-0.009082394,0.008439811
0.000259502,0.002843449
-0.002886263,0.003643123
-0.003379473,0.000952127
-0.006694062,-0.001075891
-0.004248317,-0.000707924
0.000762493,0.004622848
0.001900423,0.027049498
0.001577235,0.002391302
-0.007501527,0.006178161
0.001792882,0.005247115
-0.004406882,-0.003700737
-0.009794714,0.009122061
-0.009961756,-0.035094636
0.012320489,0.020461924
-0.014032718,-0.036897027
-0.008611971,-0.023844142
0.015013546,0.031484747
-0.015021822,0.012459839
-0.002931211,0.010573009
-0.005582626,-0.00156832
0.003946256,0.015928204
0.010552735,0.004467787
-6.72E-05,-0.010630763
-0.003521226,-0.01747106
0.002677026,0.004526149
-0.002667573,-0.002136712
-0.00543278,0.016972657
-0.013413737,-0.008649112
-0.013058559,-0.005895259
0.006339632,-0.023666494
-0.007625106,-0.020719754
-0.00357655,0.002913969
-0.008280643,-0.023473365
-0.011700311,0.007595031
0.007934239,0.025577308
-0.006621969,-0.003830808
-0.005158436,0.014986368
0.000761535,0.007179418
0.001116876,0.015705039
0.001172196,0.004446362
-0.001087756,-0.010237635
-0.004820504,0.01177438
-0.001445601,-0.008556452
0.000462645,-0.019060321
0.000283715,0.001008331
1.90E-05,0.005228179
-0.004301111,0.018874826
-0.013969122,-0.031432372
-0.009357976,0.013428694
-0.001076642,0.002671554
-0.002737968,0.004007279
-0.006169454,0.003015438
-0.004092254,-0.029703105
-0.005684916,0.002222571
-0.003230252,-0.009630368
-0.018237251,-0.010984203
-0.021307093,-0.024541432
-0.003654813,-0.010918189
-0.012191216,0.002520087
-0.010529582,-0.001621477
-0.002863834,-0.016164511
-0.011745337,-0.002262396
-0.004395242,0.023280142
0.004157666,-0.002842741
-0.012833556,-0.018840905
0.000237498,-0.001439423
-0.001028767,0.004645815
-0.003165488,0.011349324
0.001156592,0.001005027
-0.002594708,0.010871526
-0.002230902,-0.004894114
-0.002427485,-0.006957293
-0.008273433,0.013190411
-0.003717527,0.012639424
-0.00268067,-0.002838419
-0.002818669,0.011694028
-0.003941495,-0.004783038
-0.005609785,0.007746088
-0.00374705,-0.02406242
-0.002175085,0.002540947
-0.00344986,0.007286659
-0.001826517,0.005197016
-0.003449758,-0.006607992
-0.003789127,0.000772105
-0.005243844,-0.012488839
-0.005914935,-0.0121774
-0.006905148,0.005327512
-0.007521348,0.019075524
-0.000260729,-0.001440155
0.002021018,0.007085921
-0.000980294,0.002222612
-0.006418096,-0.007001349
-0.002824805,0.001205578
0.003636816,-0.012387288
0.000750081,0.013337828
-0.00045183,0.020727795
0.006417308,0.001493859
0.002782441,-0.006208524
-0.006937872,0.012246895
-0.002070243,0.003343501
-0.004321487,0.000229236
-9.00E-06,-0.003316686
-0.005569982,-0.009418715
0.001065208,0.008505084
-0.002841584,-0.005126704
-7.87E-05,0.010170322
0.007530246,0.001558926
-0.005204426,-0.000384448
-0.005027292,-0.011012828
-0.005199661,-0.049106526
0.005216641,-0.000256383
-0.008752042,0.017877306
-0.005429691,-0.011203609
-0.004341483,-0.005330764
-0.003128879,-0.004714911
-0.005580346,-0.020953799
0.001136663,-0.002615932
-0.003747909,-0.011059329
-0.007119618,0.00075936
0.002122535,-0.012385259
0.000916882,0.007685335
-0.016916221,-0.041975819
-0.005777458,-0.018909258
-0.003740829,0.003851399
-0.002302813,-0.019147548
-0.005735867,0.003069796
0.011601428,0.020422157
-0.003600531,-0.005133228
-0.011823211,-0.052022169
0.001244392,0.013522586
-0.001845857,-0.002692092
-0.019728765,-0.012390737
-0.0014203,0.010733522
0.024096973,0.03420609
-0.011407217,-0.019182043
0.001907703,0.001205315
0.007805522,0.011407412
0.003205151,-5.69E-05
-0.007911278,-0.024247012
-0.01124869,-0.009248908
-0.006681046,0.00122186
0.000193294,-0.007325056
-0.003856391,0.000367001
0.000643312,-0.016530026
-0.005022931,0.000882667
-0.00566237,0.027434247
-0.00256015,-0.008273712
0.007758008,0.002868767
-0.005578687,-0.003780374
-0.006004883,-0.018537362
0.006419648,0.028627888
0.006192334,0.000961563
-0.00712013,-0.007298954
-0.00684665,-0.001217533
-0.002996759,-0.005441104
-0.003788962,-0.00689416
-0.001690144,-0.043625532
0.003303084,-0.011888424
-0.003050221,-0.010300663
-0.005098079,0.003829976
-0.002132149,-0.007985973
0.001921102,0.019055035
0.003540917,0.004841289
9.04E-06,-0.002467607
-0.007187931,0.022830368
-0.007511762,0.007979257
-0.005116901,-0.01636627
0.00249508,0.00819152
0.001774635,-0.0188518
0.011916074,-1.36E-05
-0.002847911,0.020879622
-0.004485099,0.021306718
-0.001544864,0.002631849
0.004221491,0.010597612
0.005459459,0.003748032
-0.004721182,0.006454559
-0.002431088,-0.005156816
-0.007167391,0.022383216
0.0017119,0.005472791
-0.002199065,-0.004015808
-0.004842435,0.013187715
-0.009478606,-0.017177079
-0.001221979,0.00437564
0.000331779,-0.006755705
-0.000842538,0.014258221
-0.006305748,0.005305283
-0.00495463,-0.029334613
-0.007802097,0.004698659
-0.005178511,-0.012356774
0.003837239,0.01205107
-0.008724162,0.020882968
-0.007449734,0.003819188
-0.001958468,-0.002095091
-0.004405508,0.008097492
-0.009493051,-0.017137211
-0.004339744,-0.001113662
-0.008852466,0.004136746
-0.010863954,-0.020480288
-0.001339534,0.002654201
-0.00492175,0.002785076
-0.000781911,0.015929946
-0.004474203,-0.005240908
-0.000424147,-0.006049797
0.00224996,0.012463177
0.005984559,-0.000143848
-0.004754164,0.015268876
-0.00229195,0.000783374
-0.005782532,-0.001139117
-0.003798061,-0.014552423
-0.000616839,0.002578034
-0.009517075,0.009384677
-0.001310479,7.51E-05
0.000239064,-0.013487878
-0.00743463,-0.01904465
0.003318888,-0.001451986
-0.003935519,-0.003846246
0.001296831,0.001095311
-0.00720191,0.013954391
-0.003333493,-0.006341683
-0.001456532,-0.000258903
0.002124931,0.017082501
0.001316626,0.030806963
0.003028445,0.024596213
0.000798313,0.012203717
0.001771563,0.006998034
-0.005625106,0.006366512
0.002491304,0.031288552
-0.007528583,-0.005376982
0.003333959,0.015654298
-0.014666442,0.000698658
-0.029521923,-0.006820253
0.006045184,-0.002849676
0.00146113,0.025348236
-0.002183716,-0.003241776
-0.003255209,-0.014737148
0.006113818,-0.001492247
-0.004810477,-0.004603273
0.002061639,0.024926799
-0.005045666,-0.002815663
-0.004431399,-0.004754781
0.000743841,0.018291346
-0.000901129,0.013692304
-0.007968142,0.009545297
-0.003261194,-0.007788411
-0.00636095,-0.006285743
-0.004953963,0.010342574
-0.027036347,-0.052940541
-0.000935282,0.009659653
-0.043697935,-0.040579605
-0.005952899,-0.019424006
-0.003125289,0.009324597
-0.007226511,0.008034081
-0.002378026,-0.001453333
0.002809544,-0.019637392
0.002127771,0.011129787
-0.007069896,0.013311655
-0.005482915,-0.00920741
0.002338005,-0.001861956
0.003183617,-0.016240469
-0.008372773,0.00115812
-0.008485855,0.007114129
-0.007459358,-0.000413645
0.006008756,0.005174752
-0.002330592,0.006517683
-0.006567483,-0.009543419
-0.005308578,-0.01328654
-0.00159805,0.010648034
-4.91E-05,0.028424566
0.00312514,0.001409565
-0.002415269,-0.00536544
-0.002098128,-0.004570412
-0.001173724,-0.001518679
-0.001810718,-0.014208154
0.001494129,0.017787068
-0.003238435,-0.009067835
-0.008341138,-0.007911964
0.00367487,-0.007051583
-0.002491922,-0.019142198
0.001362768,-0.017558869
-0.005228103,0.006759782
-0.005487947,0.002920652
-0.002994215,0.017423225
0.001755783,0.015747778
-0.000749681,-0.004939179
0.004043444,-0.00508443
-0.00483422,0.005157704
-0.007538715,-0.016692007
0.00687267,0.004373958
-0.002710042,0.006135813
-0.003331969,0.002268714
-0.002588659,-0.012945057
-0.011674205,-0.030807798
-0.008074712,0.000856409
-0.00649124,0.017969138
-0.004865296,-0.029600658
0.000357199,0.013959944
0.00273997,-0.007234905
-0.008027192,-0.006807204
0.005547084,0.011652775
-0.001354566,0.014780872
0.00094841,0.001308639
-0.000877915,0.013689898
-0.006049932,0.002957609
-0.007018715,-0.008934166
0.001900502,0.015771501
-0.006795435,0.003246842
0.001374311,0.025079976
-0.003820027,3.55E-05
-0.001481394,0.008469375
-0.003086782,0.001048735
-0.005935866,-0.009326698
-0.005081126,0.011129672
-0.001617943,-0.02651612
-0.012419659,0.002489618
-0.005094462,0.005562927
-0.00341548,-1.32E-05
-0.005310357,0.009159728
-0.005374713,0.00476205
-0.001366791,-0.001752868
-0.002313768,-0.00372371
-0.003747489,0.013456521
0.004262157,0.018154863
-0.003019481,0.001244465
-0.001829823,0.000737076
-0.002791331,-0.015106432
-0.004957847,-0.007926452
-0.012333294,0.001304965
-0.001552385,-0.014183244
-0.004245806,0.01185792
-0.01695629,-0.01149821
0.000739607,0.003303827
-0.005613008,0.000774069
-0.004517224,0.003433264
-0.007567261,0.009999028
-0.001583658,-0.00060083
-0.002204459,0.010501538
0.002050169,0.002076884
-0.002218816,-0.008726963
-0.004418794,-0.000779865
-0.001542759,-0.009402025
-0.001919884,0.013332013
-0.0027068,0.011376001
-0.007320727,0.002179634
-0.005469593,0.007324397
-0.001685875,-0.00240386
-0.004435595,-0.00045565
0.001399337,0.009562034
-0.00293111,-0.002548158
-0.006022051,0.002590118
0.005468758,0.002227624
-0.008758151,-0.019249088
-0.001496092,0.002662638
-0.011623306,0.006507136
0.003521581,-0.00535052
-0.001735182,-0.015251319
-0.0023261,-0.008797584
-0.002846106,-0.004628964
0.00102352,-0.013200817
0.001150726,0.008439049
-0.001914284,0.007076712
-0.004806102,-0.022825641
-0.002008583,0.002226049
-0.001435659,-0.002969866
-0.004777111,0.002989362
-0.001669613,0.00630705
-0.00273457,-0.002498766
-0.009746894,-0.013736394
-0.003011826,0.009430503
-0.004170899,-0.007679626
-0.008208891,0.001299931
-0.002977907,0.006985566
-0.001242442,-0.004604407
-0.000776398,-0.000389994
5.22E-05,-0.029787249
-0.002838008,-0.002711481
-0.005187566,-0.009190819
-0.00540163,-0.001903522
0.001902741,-0.009760521
0.002948973,-0.001324149
-0.003567002,0.013619343
-0.002095287,3.64E-05
-0.005134311,-0.014091898
-0.00478596,0.008407248
-0.006709274,0.005949962
0.001359443,0.0021796
-0.004472188,-0.017215738
-0.003547323,0.000664881
0.001961008,-0.001762642
-0.006520572,0.010924128
-0.000392002,-0.009055027
-0.002583601,-0.015326256
0.002377886,-0.008089206
-0.006944729,-0.008193324
0.000590189,0.009579141
-0.003260429,0.001071792
-0.00491552,0.014586672
-0.006907975,0.021332091
-0.004698242,0.004367026
-0.000410135,0.000352338
0.000275372,-0.01119573
0.000883165,0.012236794
0.001541363,-0.000983077
0.001776045,0.019187334
-0.001692613,0.001256668
0.002526152,-0.002088564
-0.002946174,-0.005785113
-0.01137794,0.001254283
0.004978006,0.001756283
-0.003073813,-0.017314677
-0.001358714,0.014736689
-0.001632517,0.005340082
-0.002409298,0.003454334
-0.000482725,-0.001235086
-0.002580325,-0.00702039
-0.001559327,-0.000993707
-0.006644322,-0.01018372
-0.002151106,0.001768568
-0.001471868,-0.030057564
-0.000552619,0.005296972
-0.001893011,0.007542994
0.000605805,-0.005417639
-0.000920615,-0.002605303
-0.019788337,0.000759965
-0.004609443,-0.00911164
-0.009261989,-0.000288928
-0.004295761,0.002071413
-0.004266509,-0.021699905
0.001888927,-0.038662832
0.009504138,-0.000295277
-0.009901421,0.009105434
-0.003113569,0.012603555
0.003500997,0.004508498
0.002766446,0.012872732
-0.003966759,-0.007107662
-0.004316799,-0.002650965
-0.000771532,-0.01619534
0.000467421,-0.009860637
-0.003612593,-0.007324465
-0.006966573,0.015052311
-2.11E-05,-0.005074681
-0.003242083,0.028770385
0.001493802,-0.001175717
-0.004581094,-0.013790063
-0.00557384,-0.003818004
-0.001822624,0.000290226
-0.00160905,-0.004410375
-0.009156322,-0.010920739
-0.001025281,-0.019789267
-0.00511012,-0.003319689
0.001577561,0.018275835
-0.009276779,-0.006838267
-0.004790066,-0.000476315
-0.0041829,-0.010645177
-0.001122544,0.005456688
-0.003702718,-0.0023256
-0.001009124,0.001325433
-0.003071599,-0.01810893
-0.001501505,0.004077336
-0.003508483,0.026291257
-0.004660805,-0.028212411
-0.005991568,-0.004059711
-0.004869339,-0.016566134
0.001705755,0.009097368
0.001954706,-0.009565892
0.001073527,-0.011232712
0.004510459,-0.002591987
-0.002620789,-0.00613649
-0.000448898,0.001589073
0.001933206,0.029983901
0.000551181,0.007734474
-0.011072661,-0.003045074
-0.000527547,0.003705839
-0.002152345,-0.023599077
-0.003396152,-0.00250914
-0.002354628,-0.019600201
-0.002520158,-0.006062436
-0.012384139,0.022638525
-0.00369425,0.016460187
-0.003247067,0.007363044
-0.003196301,0.003345199
0.000668281,0.015398885
0.000895088,-0.002088368
0.006310846,0.000716445
0.000760491,0.01370674
-0.000645774,0.001588924
-0.005716698,0.00802326
-2.24E-05,-0.007342097
0.000502621,-0.002378714
-0.00747402,0.008385027
-0.003816518,-0.018137537
-0.001658856,0.000624116
-0.001395208,0.019015312
0.000138834,0.000413959
-0.000911535,-0.025138614
-0.004007344,-0.001587423
-0.009260287,-0.019052926
-0.006161791,-0.000592753
-0.006973431,-0.00103775
-0.004809941,-0.007304996
-0.006070841,0.001038681
-0.001306343,-0.00725445
-0.002074576,0.001179865
-0.000478807,0.012244735
0.00115014,-0.03328677
6.03E-05,0.022646263
0.004293926,-0.011035759
0.008729933,-0.01168979
-0.003667714,-0.003143934
-0.002205334,0.002930045
0.000738047,-0.001248244
-0.011474401,-0.0062647
0.000469599,-0.010300049
-0.002724937,-0.018922909
-0.003121587,-0.008963421
-0.003050255,-0.021604589
-0.008964877,0.01994966
-0.003070226,-0.002973168
-0.008989759,-0.001039655
-0.008581369,-0.011246573
0.003888611,-0.002216362
-0.003193379,0.0084203
-0.006696484,-0.006677774
0.001807091,-0.010974982
-0.012574871,0.00175637
6.03E-05,0.001633678
-0.011540966,0.011825489
-0.000254267,-0.013746303
0.001106716,-0.009698439
-0.000739402,0.006931164
-0.00482675,0.028478089
0.010039208,0.026534737
0.005521184,-0.004251846
-0.007270952,-0.000455279
-0.006798041,-0.013466027
-0.004962177,-0.017250016
0.000468099,0.040934381
-0.011268768,-0.014017177
-0.007639035,0.013015534
0.005139174,0.009985798
-0.006605739,-0.014804287
-0.006443433,0.003308252
-0.008767204,-0.010757248
0.002728885,0.019419748
-0.004831988,0.007688666
-0.011904637,0.00031363
-0.003969397,-0.016973662
-0.002422727,0.023981671
-0.008203283,0.000876708
-0.004686326,0.001017533
-0.003930645,-5.36E-05
-0.000966545,-0.003016636
-0.000617857,0.009309682
-0.001436248,-0.0041672
0.00407304,0.000136189
-0.005543251,0.002718198
0.001367624,0.007516536
0.002260552,0.009261057
-0.002725483,0.002479463
-0.004752685,0.012403901
-0.002220525,0.003040509
0.005875163,0.001959619
-0.005638841,-0.009577267
-0.002955668,-0.000977217
-0.003433681,0.014151805
0.000842542,-0.006397077
-0.004421612,-0.014234563
-0.005036088,-0.006514163
-0.00514127,0.010584369
0.00524336,0.00789594
-7.26E-05,-0.001888674
-0.002202106,0.008561688
-0.002749874,-0.02664266
0.002634531,-0.007326784
0.010693239,0.012959033
-0.0015076,0.002262967
-0.000979317,-0.013931639
-0.003821385,0.000570343
-0.008300636,-0.001019359
-0.00734213,-0.011103299
0.00178993,0.000451051
-0.000655757,-0.001456008
-0.003596198,-0.026900237
-0.002663391,-0.014424189
0.00256167,0.004707926
-0.004284725,0.017285315
-0.007306665,0.001871206
0.003290814,-0.009048192
-0.002158781,0.008749
-0.001058442,0.001327038
0.004393997,0.018000872
-0.000547769,0.003523127
-0.00855989,-0.000905392
-0.002817127,-0.009395188
-0.004063344,0.01945126
-0.00361749,-0.000930353
-0.005761956,0.011797867
0.001753918,-0.007621843
-0.002053984,0.000102984
0.001707498,0.007498085
-0.001542929,-0.000879558
-0.002383807,-0.00349135
-0.003548993,0.017424292
-0.003896558,0.000673975
-0.001438488,0.004878902
-0.005620154,-2.73E-05
0.001557543,-0.001249992
-0.004373881,-0.016592142
-0.004673471,0.00068191
-0.003235303,-0.006346046
0.000354821,-0.00597107
-0.00651064,-0.002473733
-0.000793615,-0.012137742
-0.005351727,0.013838723
-0.003642188,-0.014551621
0.003259786,0.001610972
-0.013532672,0.010592679
-0.000715911,-0.004167426
-0.00419336,-0.00528763
-0.004309191,-0.007437286
-0.003725894,0.01184869
-0.000940621,0.011900364
-0.00904703,-0.002081142
-0.001853234,-0.005227784
0.000509721,0.000506567
-0.003045767,-0.027719072
0.000991676,0.001456996
0.001697513,-0.001021753
0.000704354,-0.007137169
0.002655451,-0.005107806
0.001530627,0.010642083
0.001765565,-0.006991427
-0.005236718,0.012642738
-0.004321975,-0.009958326
-0.005897673,0.004737999
-7.86E-05,0.003981054
-0.002478018,-0.006609297
-0.001830711,-0.003447354
-0.001079169,-0.01405457
-0.004332668,-0.016394157
-0.004242093,-0.00092079
0.000910354,-0.002312684
-0.003905901,-0.009559133
0.005478806,0.013384577
-0.002706316,0.000305063
-0.002512332,0.001383969
-0.001184764,-0.000842812
0.000104771,-0.011724653
-0.007135263,0.010045889
-0.010271394,-0.024015847
-0.001211195,-0.002941931
-0.004136532,0.00504446
-0.001919003,0.004635776
-0.002470335,0.000184838
-0.002641664,-0.017509129
-0.005618502,0.006140918
-0.004096202,0.003654729
-0.004894475,0.007231183
-0.003450023,-0.007443736
0.004643299,-0.012638566
0.005899489,0.002419316
0.000949345,-0.004874459
-0.002860917,-0.00476145
0.002420198,0.001297838
-0.002519668,-0.008894811
-0.001497952,-0.002980863
-0.002990108,0.009333414
0.007149849,-0.005751759
-0.001220393,0.010185815
-0.000779325,0.010317949
-0.005005612,0.001254019
-0.005744466,0.001560688
-0.003025901,0.006049256
-0.006439933,-0.002435231
-0.005051488,-0.015209037
-0.003406968,0.003013603
-0.006763055,-0.011066717
-0.00560583,-0.003189685
-0.004666994,0.001274637
0.000532193,-0.003758548
-0.004755685,0.005354047
-0.002488771,-0.004996249
-0.002257612,0.002540288
-0.000929619,-0.009972555
-0.001533795,-0.017549944
-0.000201883,0.008450805
-0.008751231,-0.009654521
-0.007063649,-0.000316624
-0.004512706,-0.002469693
-0.006414755,0.005661538
-0.001296065,-0.007554884
0.00172708,-0.002924539
-0.001824912,0.006962569
-0.001292533,0.036295758
-0.005554012,0.003345805
-0.005634601,-0.006739153
-0.001275643,0.002825454
0.001725574,-0.007635277
-0.003998991,0.006361515
-0.008434847,-0.021582587
0.001789071,-0.009162366
-0.005294533,0.004016118
-0.002968658,-0.021011028
0.002491953,0.000914717
-0.00042677,0.003203051
-0.005644541,-0.001919515
-0.002929982,-0.012456449
-0.005227125,0.025688429
0.004500262,0.014409933
0.006136726,-0.005648255
0.001738929,0.019482439
0.002417785,0.002225176
0.002231886,-0.008086603
-0.003863918,0.000981035
0.001338444,-0.002963628
0.00097137,5.00E-05
-0.00468148,0.003239446
-0.001184573,0.012305143
-0.002331631,-0.001589675
-0.003172495,0.002091499
-9.70E-05,-0.008622665
-0.005531124,0.000729475
-0.001752811,-0.006833345
0.003178957,-0.016973916
-0.004472122,-0.003522783
-0.004533508,0.00165191
-0.00359311,0.003162743
-0.00309792,0.017036298
-0.002326,0.005978025
-0.001302765,-0.001427061
-0.00635878,-0.00380472
-0.00392033,-0.000127739
-0.008842033,-0.016384873
-9.56E-06,-0.001179546
-0.001206009,0.004921013
-0.003326209,-0.015209288
-0.002550996,0.003670214
-0.005018297,-0.01230108
0.001147146,-0.00769593
-0.004899846,0.001119625
0.005564427,-0.004003577
-0.002835231,0.010594166
0.00016336,-0.007270548
-0.001374246,0.005823917
-0.002220718,-0.004905015
-0.003113886,-0.013121383
-0.003745404,-0.008899624
-0.002471913,-0.005097787
0.001506656,0.00843345
-0.000491096,-0.010330345
-0.005661333,0.007815212
-0.006650096,0.02833396
0.002602103,-0.001314901
0.000300115,0.015912737
0.002268504,0.010606156
-0.004372196,-0.00436026
-0.004126213,0.00385912
-0.006484216,-0.010255381
-0.000492515,0.042336266
0.010155776,0.004508045
0.003568032,0.00098177
-0.00198872,-0.000104053
0.001872482,0.002823634
-0.004773061,-0.0069617
0.001066795,0.002663506
-0.001516482,0.024955419
-0.002813387,0.00249101
0.006956548,-0.0059819
-0.006593458,0.01232459
0.001841399,0.015936798
-0.001680905,0.003459657
-0.001726608,0.003670038
-0.008187008,-0.00407504
-0.002862495,-0.00032078
0.004023635,0.003649051
-0.002667745,-0.017965625
-0.000247577,0.03018757
-0.00284374,0.006012842
-0.006297042,-0.006982711
-0.004767392,-0.010704419
-0.003014463,0.013977258
-0.002785085,0.004801
-0.003327802,-0.005634728
-0.009623644,0.002490052
0.001335097,-0.00792173
-0.002362208,-0.004916963
0.007610866,0.023805899
0.001380758,0.005301063
-0.003409002,0.009911813
0.000279902,0.001236185
-0.002552234,0.013986452
0.00035749,0.003768798
-0.010430333,0.002047196
0.000777538,0.000553455
-0.005146136,-0.006572031
-0.007150912,0.005719329
-0.002734804,-0.004468112
-0.003998772,-0.016087026
-0.006030542,0.005968104
-0.003583477,-0.030163225
0.001156182,-0.005080488
-0.004532339,0.005023736
-0.005508785,-0.014062529
0.002631441,0.008630787
0.002258913,0.022388237
0.000920628,-0.002576455
-0.004112725,-0.037174007
0.005706651,0.023003334
-0.001202925,0.00893258
-0.003693119,-0.009798275
-0.002051283,-0.002447607
-0.003815181,-0.003464098
-0.001063633,-0.010436017
0.002248141,-0.009949159
-0.010270864,0.002782825
0.000401788,0.003572031
-0.012116858,-0.016990872
0.00016242,0.007745761
-0.004345876,0.026205878
-0.008110976,0.002959316
0.008218346,0.001734974
-0.005843299,-0.000671537
-0.002852421,-0.012562271
-0.004142241,0.001561234
-0.001636174,-0.028632756
-0.006974722,0.000142636
-0.004834517,-0.000995747
-0.00090029,-0.002982879
0.001720401,-0.001098128
-0.004669574,-0.006176873
-0.003108675,0.006392551
-0.002889306,0.000157685
-0.004669976,-0.002957031
0.000825581,-0.005771385
-0.004347924,-0.011319134
-0.002142806,0.005896579
-0.007160563,-0.000478508
-0.005062014,0.001733389
7.70E-05,0.021179723
0.000286436,-0.001102788
-0.002282145,-0.026039336
-0.007598619,0.015344887
-0.00039271,-0.00860694
-0.001601043,-0.009775691
0.002087872,-0.001741255
-0.008138173,0.014327515
0.002484883,0.011571438
0.002145075,0.001974147
-0.003036061,0.004785953
-0.003707112,-0.005951432
-0.004523102,0.006187793
-0.000917123,-0.002188137
-0.003891581,-0.0111732
-0.006087389,0.003506234
-0.004407399,0.012066885
-8.75E-05,0.013700862
-0.0029189,0.007469613
-0.007266448,0.002227097
-0.000155809,-0.001176773
-0.00507584,-0.011680164
-0.001987875,0.005637805
-0.000559721,0.001983583
-0.002714188,0.012240544
-0.005696327,0.001162026
-0.005156023,-0.002700698
0.000493141,-0.007428671
-0.005522544,-0.000583932
-0.001331461,-0.01174027
0.000855587,-0.000653703
-0.004939667,-0.012772493
-0.004443081,-0.014018619
-0.004226009,-0.028696335
-0.009223034,0.00635025
-0.008463753,-0.002698313
-0.009883041,0.001425557
-0.007593807,-0.00736138
-0.010697813,-0.028119346
-0.005935613,-0.005256541
-0.003119199,-0.054449037
0.000518992,-0.001900202
0.002867493,-0.004097676
0.001970189,-0.000759706
-0.00072253,0.014859715
0.006556536,0.008069592
0.008850183,0.005656467
-0.005995424,-0.006144747
-0.004773508,0.005914476
-0.00626497,0.000548676
-0.002429462,-0.024677255
-0.002034635,0.0036603
-0.004208175,0.021478687
-0.002373115,0.031790543
-0.002250263,-0.016294677
-0.005512519,0.009712007
-0.008578008,0.003069011
0.0053431,-0.010119187
-0.001740054,-0.010582359
-0.001016218,-0.01531288
-0.004875746,0.006060943
0.008422774,0.019322655
0.004034945,-0.005173654
0.002600623,-0.005995821
-0.00236947,-0.005121012
-0.001250842,-0.017328073
-0.008579143,0.006937353
-0.004520567,0.001875065
-0.002465178,0.017534217
0.00430658,0.000172971
-0.004723466,0.010325347
-0.003121341,0.004874272
-0.009046769,-0.006681822
-0.0078033,-0.000920406
-0.003289905,0.003583
-0.000121618,0.023618667
-0.003678191,0.002316374
-0.004069701,-0.002861904
-0.002990679,-0.008731249
-0.001231597,-0.00647083
0.000912083,0.008257041
-0.002401874,-0.006256097
0.001916559,0.000176575
-0.008660695,-0.002819751
-0.006588531,-0.004687029
0.002953141,0.018785646
0.000393327,0.003377589
0.000880991,-0.001077799
-0.002837614,-0.001940681
-0.000399037,0.000550576
-0.006486505,3.15E-05
-0.003704288,0.011684913
-0.000714081,0.002120107
-0.004138272,-0.002441385
-0.004415889,0.008240899
0.000400144,0.033327772
0.00049936,0.011445131
0.004483616,0.001466317
-0.0028129,0.006376453
-0.00607678,-0.008632631
-0.008025876,-0.00215596
-0.006923302,-0.020757551
-0.008077043,0.002874304
-0.007265029,0.013230963
-0.001726779,-0.006102659
-0.004794266,-0.004092564
-0.001480601,-0.019616073
0.00215502,0.001954662
-0.006574084,0.006753908
0.000603829,0.010763759
-0.004732837,0.006154259
0.001510222,-0.009466993
-0.00150574,0.016844195
0.00164454,0.004311325
-0.001558393,-0.001950714
-0.002029532,-0.018226248
-0.001879459,-0.002068644
-0.004817486,0.002390515
0.00022923,0.016033291
-0.005496675,-0.00837188
-0.006130759,-0.012538403
0.000569599,-0.008641943
-0.005135661,-0.014598806
0.005777213,0.000428422
-0.003876114,-0.00234826
0.003459854,0.014734046
-0.001614904,-0.0087628
-0.003767936,0.00370435
-0.004917509,3.35E-05
-0.000455643,0.003532032
-0.006355785,-0.00820746
-0.006612805,-0.004781917
0.001833044,-0.010989534
0.002534696,0.001586489
-0.008525654,0.008168132
-0.001894227,-0.018426924
-0.004029197,0.005999855
-0.003071421,0.016675657
0.005532101,0.028338545
0.006163009,-0.001865002
-0.000455608,0.006131293
-0.001626565,-0.00038392
-0.00991099,-0.004265201
-0.000541382,-0.004683644
0.000753456,-0.001392479
0.001479024,0.008210089
0.004213622,0.008280667
-0.00178105,0.000509924
0.001753303,-0.005931983
0.000574399,0.006906961
-0.002437439,0.013003845
0.002424783,-0.002088991
0.001141408,-0.00444007
-0.0010517,0.000488011
-0.006382731,-0.000316376
-0.003924846,-0.01500639
-0.002334365,-0.000621744
-0.006218133,-0.003055786
-0.001114546,-0.016164923
-0.004070569,-0.004537177
-0.00464572,-0.001299727
-0.000209114,-0.009585027
-0.001495308,-0.020414773
0.000208037,0.002353815
-0.003913214,0.001529188
0.007283453,0.006405438
0.002959259,-0.015913902
-0.004974245,0.013488292
-0.002529426,-0.001772896
-0.007577531,0.008757132
-0.001655768,-0.003119733
0.000455975,-0.012522933
-0.002816784,-0.018130022
-0.00563803,0.000785727
-0.00537525,-0.001455156
0.001023641,-0.008211321
-0.003606334,-0.007089504
-0.002819387,-0.00185639
-0.005732958,0.008561134
-0.002977356,-0.001725352
-0.004599651,0.000174448
-0.003872938,-0.009309389
-0.006966803,-0.006854535
-0.006371953,0.008530977
-0.001413219,0.021397534
0.001777092,-0.004674735
0.001587737,0.005962076
-0.004572883,-0.010319851
-0.000128935,0.002560532
-0.003176035,0.005577221
-0.003510282,-0.008244481
-0.004419382,0.005598433
-0.000742348,0.020128681
-0.002954969,0.008403439
0.002108763,0.002982706
-0.001219479,-0.005490994
-0.006489951,0.008280052
-0.002530099,0.009205329
-0.001720793,-0.007685582
-0.001525368,0.01102315
-0.005288547,-0.001762067
-0.011313198,-0.011799854
-0.004907263,-0.017663301
-0.009337747,-0.020661392
-0.009660148,0.003452363
0.002878328,0.002983903
-0.005169116,0.004360996
0.009057807,0.009165176
-0.001255825,-0.001814452
-0.00455637,-0.008916895
-0.00497197,0.003158055
-0.006718768,-0.000811175
0.000336753,-0.029010362
-0.002599015,0.001045942
0.001179897,-0.001732999
0.001935586,0.010664801
-0.001940451,-0.007342985
-0.006880816,0.009599847
-0.001632028,0.000752309
-0.005585271,-0.001710927
-0.002819743,-0.014074205
0.004038003,0.026796301
0.003121441,0.00907175
-0.006829455,0.000499324
-0.003386287,-0.001762778
0.003908793,-0.008311935
-0.006017934,-0.002385345
0.0012033,-0.004125632
0.002314568,0.006936961
-0.00273243,0.005614599
-0.000975171,-0.007451731
-0.004108445,0.007375477
0.004451642,0.018981522
-0.001441207,0.003308182
-0.002958046,0.013710674
-0.003155988,-0.001762317
-0.011225171,0.000467847
-0.00626262,-0.014144819
-0.004836224,0.001673987
-0.001945994,-0.002967171
-0.000489255,-0.000541863
-0.001210795,-0.015334242
-0.003152811,0.003385159
-0.000658192,-0.002632233
0.00027852,-0.005018419
-0.002790852,-0.010022676
0.002828887,-0.016352815
-0.002737945,0.008377147
0.001172167,0.002973784
-0.001412797,0.000490908
-0.004136185,0.000337822
-0.004803766,-0.008892808
0.002153786,0.002579152
-0.004813206,-0.002055927
0.002877148,0.020540062
0.000776259,-0.001044449
-0.002797586,-0.001375091
-0.003147765,-0.0112629
-0.002329109,0.00075528
-0.00279081,-0.010576813
-0.000347469,0.001463135
-0.003867565,0.00834704
0.001074794,-0.001812055
0.001513392,0.006550555
-0.001362115,0.003389073
-0.005528679,-0.003391039
-0.003073786,0.00766897
-0.003744668,-0.004709574
-0.00380693,-0.000677973
-0.003707683,-0.000444879
-0.004415341,-0.006630858
-0.004440518,0.007892386
-0.001918004,-0.005365989
-0.003362703,0.000268935
-0.00251952,0.0107911
-0.002709593,0.001176391
-0.002822828,-0.00157549
-0.003266425,0.009218904
-8.96E-05,0.007346249
-0.00139554,-0.009288042
-0.002171829,-0.005423794
-0.003492385,-0.015583557
0.000389563,0.001451212
0.00297233,-0.001139955
-0.00306714,0.004714303
0.000993826,-0.004152803
-0.004250362,0.006483497
-0.003277225,-0.00106351
-0.001935581,0.005785804
-0.001819223,0.001002267
-0.00158002,0.004397789
-0.004240388,0.001848813
-0.001270332,-0.001869693
-0.0025126,0.000268007
-0.002889158,0.001985477
-0.004198118,-0.012386838
-0.002753948,-0.000132452
-0.003530848,0.004219522
0.000195921,0.009570749
-0.000317834,0.001794053
-0.004126883,-0.001489258
-0.005516774,-0.005668401
-0.00148537,0.00168957
-0.000632605,-0.00223068
-0.006502166,0.010170646
-0.000346802,0.001448253
-0.001482098,0.012703733
-0.002824924,0.010186123
-0.004775875,0.023852106
0.003286314,0.002404877
-0.00153214,-0.000893128
0.001794982,0.009272211
-0.004616178,-0.007412617
-0.005295724,0.01725203
-0.003532198,-0.001524101
-0.003812939,-0.001117769
-0.007208466,-0.013528058
-0.008474311,0.00308346
0.001609408,0.013681345
0.003219607,-0.001375992
-0.003782024,0.000576896
-0.003120138,-0.007410162
-0.008313049,0.009143797
0.001795961,0.005701507
-0.004822309,0.002615059
-0.001823354,-0.002282446
0.000417794,-0.004363112
-0.004828431,0.004631355
-0.007401513,-0.005162328
-0.006333077,-0.009993817
0.001555605,0.00106825
0.0001878,-0.006195763
0.002918442,0.009690496
-0.004679253,0.008224699
-0.001157045,0.013566625
-0.003572088,0.009915612
-0.002474091,0.007936085
-0.004542005,0.008447604
-0.00548837,4.08E-05
-0.005208469,-0.003540282
-0.006076837,-0.002862215
-0.003418256,0.008730727
0.000865417,0.003078513
-0.007566804,-0.018373166
-0.006508824,0.004924813
0.001068922,0.003475484
0.002377554,0.005822146
-0.004442517,-0.017139317
-0.001440394,0.008632139
-0.003288534,0.014552102
-0.003786359,0.000651783
-0.003548278,0.001114468
-0.001755745,0.004247441
-0.001713618,0.002608873
-0.003443278,0.007973642
-0.001669708,0.002756403
-0.001521656,-0.006226417
-0.001263336,-0.003599165
-0.006455011,-0.002765433
-0.005248331,0.005998144
-0.002409738,-0.007260238
-0.002609552,-0.006520259
-0.004143706,0.006617432
-0.007810171,-0.007269879
-0.000950333,-0.005616564
-0.00442857,-0.010427898
0.00476763,-5.99E-05
-0.001919824,-0.005157307
-0.002400324,0.020498057
-0.003300731,0.014926933
-0.004380313,0.007575854
0.003350818,0.012097617
-0.006871869,0.004063335
-0.00467796,0.000265393
-0.005314506,-0.004710591
-0.004978923,0.002728521
-0.002506009,-0.00317628
-0.001053913,0.022692621
-0.000550175,-0.001618337
-0.00128145,0.009992934
0.010763405,-0.003562194
-0.004060556,-0.002732239
0.007232754,-0.001944342
-0.001672023,-0.00715689
0.004175793,-0.002192629
-0.001783143,0.000682757
0.001041806,0.013819974
-0.001382214,0.018363476
-0.006361334,0.013613842
0.002312184,0.014210762
-0.003772916,0.009987416
0.002479582,0.019705451
-0.011138866,-0.000999443
0.00727608,0.030639647
0.003088089,0.005765774
0.020482843,0.042243083
-0.0033373,0.013085788
0.015459706,0.027733337
-0.057698965,-0.05582603
0.020452277,0.028895394
0.008266422,-0.004863157
-0.000853468,0.004239494
-0.00259397,0.0051762
-0.009731958,0.022795195
-0.006374239,0.01298884
0.002893888,-0.001143737
-0.0011282,0.01656672
0.004577622,0.0060452
-0.006052679,-0.030792083
-0.012632032,-0.02001018
0.010371365,0.033089164
0.010547705,0.027309916
-0.006931346,0.003292329
-0.008160211,-0.000694998
0.015606848,0.021518551
0.015364419,0.035186182
-0.000289759,0.000276635
-0.020863971,0.006693456
-0.011170309,-0.024147881
0.004878695,-0.002445407
-0.016873221,-0.017221713
-0.000260902,0.001851618
-0.010797957,-0.003984063
0.014338667,0.03477096
0.001691033,0.011929323
-0.030403253,-0.080175423
0.013927234,0.018031135
-0.003570891,0.046357942
-0.000113656,0.005919661
-0.007142377,0.002515271
-0.003596643,0.009329912
-0.002852634,-0.008973149
-0.008604763,-0.014183791
-0.006266211,-0.013225746
8.63E-05,-0.016049986
-0.001817401,-0.025894289
0.000255918,0.024193347
-0.006057483,-0.009650754
-0.009248613,-0.011914907
-0.000226678,-0.019517595
-0.002260672,0.006228153
0.00164722,0.014902026
0.002260387,0.005115185
-0.003748779,0.004963429
-0.010879798,0.009537423
-0.003967596,0.005768909
-0.002834198,0.007587602
-0.00235825,-0.005578674
-0.002792962,0.021301203
-0.001676549,0.003614654
-0.000922017,0.007818187
-0.000780041,-0.022194959
-0.007964675,0.00503808
0.006097023,-0.009515071
-0.008015753,-0.002246343
-0.008311764,0.018712279
0.003844381,-0.004960186
-0.00055497,0.00146937
0.002173046,0.017597152
-0.000792363,0.007017934
0.009283765,0.022396592
0.004788312,0.015403305
0.008754133,0.021032539
0.007217798,0.001388351
0.006999684,0.00973591
-0.000469216,0.019277683
-0.009279154,0.000997949
0.002587776,-0.008346737
-0.024068788,0.005820122
-0.00690509,0.002441549
0.004234083,0.025536635
0.004127952,-0.010264652
-0.007507039,0.016510935
-0.000246438,0.004057062
-0.004216068,0.009921128
-0.001526761,0.024907403
-0.006050478,0.008404324
-0.007470104,-0.009375165
0.005736587,0.019214179
0.000443517,0.021434056
-0.004439108,0.003354619
-0.00593906,-0.012507146
0.000980918,0.026734335
0.008959651,0.021805085
-0.019182401,-0.016513997
0.01638514,0.017988665
0.004489721,0.024131311
-0.015390464,0.00363418
-0.002656068,-0.004727879
0.01028296,0.029978429
0.007330551,-0.011369117
0.006637718,9.05E-05
0.000762286,-0.007841243
-0.011543091,0.008699558
-0.009740944,-0.041412565
-0.002775933,-0.016285592
-0.01974471,-0.028066886
0.005104702,0.022530774
0.001267371,0.02990257
0.00417061,0.015486635
-0.002241933,-0.005801329
0.002144403,0.000582815
-0.017972676,-0.016028888
-0.013811291,-0.005865814
-0.002104511,0.030817365
-0.003705841,0.006483894
0.0105784,0.018524747
0.006307726,0.027905098
0.009731439,0.032986942
0.006820215,0.019970236
-0.015840675,0.006255621
-0.029838928,-0.067259955
0.004078735,-0.001846186
0.0334625,0.045979056
-7.96E-05,0.016796118
0.007363955,-0.000111807
-0.0021187,0.007532489
0.013580405,0.015244526
0.011097511,0.021425782
0.029430978,-0.003581508
-0.00933819,-0.001467381
-0.004295841,0.003042154
-0.008326864,0.00870092
-0.014516079,-0.020208633
-0.013618959,-0.035290798
0.005123124,0.016329801
-0.01841123,-0.037436392
-0.035772638,-0.06630262
0.013806433,0.021674965
0.028157638,0.024531799
-0.048911832,-0.035233033
-0.047562404,-0.076845353
-0.024302688,-0.03392143
0.050441882,0.053838984
-0.050559111,-0.053673689
-0.032127612,-0.035385248
-0.06279285,-0.059454731
0.022937779,0.023851878
-0.016944233,-0.013004784
-0.055411257,-0.060821442
0.056456691,0.05603555
0.045929334,0.044417489
-0.007230512,0.023595067
0.005251623,-0.011628181
-0.018564707,-0.030734911
-0.049498456,0.00458076
0.027985269,0.034493624
0.005837405,0.008744798
-0.005942425,0.006383464
0.000226525,0.002081127
-0.00203638,0.02402039
-7.96E-06,-0.012938824
-0.050089087,-0.088649431
-0.022893078,-0.016933609
0.036923567,0.03386344
-0.020433396,-0.022256485
-0.013683248,-0.011409323
-0.003641762,-0.011204472
0.012345818,0.036223462
-0.015027011,-0.016634666
-0.007902369,-0.008981435
0.021243895,0.022325761
0.009650247,0.048026725
-0.010928258,-0.000129068
-0.00939909,-0.010644274
-0.012184471,0.017405638
0.016023852,0.002722009
-0.013488596,0.007119766
-0.02576026,-0.063443987
-0.000184288,0.012183481
-0.035813644,-0.034814736
-0.007340123,-0.043661769
-0.074905528,-0.088731754
-0.017182126,-0.079375439
-0.006238541,-0.012789505
0.049979879,0.05201843
0.036809259,0.0471146
-0.014214286,-0.00818974
-0.013870343,-0.012353651
0.007521882,-0.002041162
-0.021413475,-0.025558923
0.017114079,0.028808213
0.006855287,0.022652106
-0.017771253,-0.014034115
0.006359975,0.000731777
-0.006259544,-0.02705963
-0.020873407,-0.035829498
0.032306588,0.047785803
-0.02723348,-0.021225087
-0.006132595,0.00383443
0.012089713,0.018746541
0.011160217,0.009170128
-0.015206289,-0.022132435
-0.000483928,0.008563983
-0.008282669,-0.016147817
0.007244898,0.002715603
-0.008327989,-0.020401454
0.002413644,0.00480848
0.003364788,0.029238359
0.000917311,0.012580564
0.003604159,0.032304773
-0.000188424,0.001692172
-0.00433566,-0.009393158
-0.010398921,0.022918006
0.002720139,0.015834968
-0.008005844,-0.001372666
-0.017758878,0.011341821
-0.009612425,-0.031029441
-0.01002779,0.014370114
-0.004381493,0.012887329
-0.010519608,0.005012277
0.009631736,0.001385506
-0.011760314,-0.017370206
-0.010072067,0.003584175
-0.000359144,-0.001404457
-0.007446299,-0.017137877
0.005289293,-0.002526433
0.006907932,0.042195732
0.003900333,0.018096984
-0.00482855,0.018899595
0.008265892,0.015711166
-0.006451567,-0.001755367
0.000597587,0.00267847
-0.005314356,-0.004763607
-0.001682331,-0.014434647
-0.002461152,0.00726735
-0.008308943,-0.000599577
-0.005247234,-0.010128532
0.007023447,0.013525722
-0.00461031,0.003708286
0.00292862,-0.005573969
0.003490231,0.001603281
0.010020666,0.008760191
-0.001502945,-0.003398927
0.000163963,-0.056364772
0.011889634,0.002645275
0.0013218,0.003159797
0.0169488,0.023050794
-0.001002598,0.013457328
-0.007779373,-0.016831213
-0.002963822,0.003380104
-0.002451599,-0.019083504
-0.003050674,0.000682462
-0.005455937,-0.004891511
0.002985374,-0.006070779
-0.013597796,0.024755806
-0.003844982,-0.002933857
-0.002349718,0.001660277
-0.001440095,0.017985357
0.005978709,-0.000289148
-0.00127684,0.017589199
0.001283201,0.002548588
-0.00066877,-0.004302507
-0.001777228,-0.006512752
-0.005775803,0.004261926
-0.012946075,-0.026289991
0.002509667,0.008441596
-0.006713542,0.002561441
-0.003501124,-0.009475247
-0.009306525,-0.071107741
0.002231175,-0.002596308
0.005810349,0.022296865
-0.061017282,-0.07305352
0.007541341,0.019460596
-0.039706136,-0.054730674
-0.0077069,0.002038889
-0.021045853,-0.024535183
0.005311835,0.01949016
-0.030709093,-0.036113547
0.002937729,0.004425503
0.020196014,0.031718067
-0.007832147,-0.010375512
-0.007035571,-0.032855719
-0.00064791,0.01244816
-0.007536926,0.007498655
-0.0017591,-0.066381445
0.012735898,-0.005187508
-0.023307392,-0.029641814
0.014572782,0.030387928
0.00468321,-0.017966546
0.009721734,0.022329713
0.004939474,-0.003761616
-0.002146625,0.015135709
-0.004905157,-0.00632364
-0.00367017,-0.006278489
0.001307089,0.032379144
-0.000851679,0.010788286
-0.00341457,-0.001551491
-0.002373497,-0.00100365
0.002664923,0.023208897
-0.006455669,-0.008178992
-0.001517076,0.008766758
-0.010752755,-0.066213218
-0.003629336,0.009427141
-0.023619256,-0.029049948
0.007968083,0.016672572
0.004714667,0.041744986
0.005603873,0.003529983
-0.008393643,0.005018789
-0.007571494,0.008037037
-0.00084235,0.001395996
-7.06E-05,-0.013473967
-1.20E-05,-0.020409259
2.28E-05,0.001988199
-0.020156576,0.017352562
-0.003097982,0.001701437
0.001215414,0.002113972
-0.002436877,0.011913679
-0.007131906,0.01717382
-0.002524656,0.021310621
0.007764071,-0.006460098
0.00246317,0.003527056
0.001877175,-0.01640987
-0.002495814,0.006216398
-0.000396217,-0.00728094
-0.004998559,-0.012926499
0.003015623,0.02730122
0.003361719,0.001089272
0.001706302,0.001867349
0.003453776,0.014362281
-0.000910066,-0.000810465
-0.001349174,-0.013920646
-0.00691565,-0.007829281
-0.000906073,0.016281965
-0.004964892,-0.003404188
-0.006604689,0.01411836
-0.003016451,0.005114144
0.000378986,-0.001378108
-0.0020926,-0.014547973
-0.002805748,0.003015825
-0.010197824,-0.023354261
-0.000524721,-0.006646783
0.004209827,0.002147754
-0.006496812,-0.004256624
-0.008960791,0.006099891
-0.009831231,-0.003726976
-0.005943029,-0.002740108
0.004734469,-0.002469481
0.001018083,0.01831783
0.003946998,-0.000458262
-0.002170408,0.002193815
-0.005399527,-0.02862409
-0.00498143,-0.028245573
0.001900134,0.000169011
-0.000992099,0.001568357
-0.005347104,-0.000414391
0.003491468,-0.003091348
-0.001084386,0.008366771
-0.004156635,-0.00252087
-0.004713008,-0.012801
-0.006519387,-0.000216585
-0.008177132,0.006596514
-0.000184398,0.006407321
-0.000426847,-0.007759083
-0.003326215,-0.002334679
-0.000193334,0.002609868
-0.00739939,-0.000495048
-0.010228352,0.000497883
-0.002035844,0.032818419
0.006346142,-0.00106629
0.001611115,0.00401512
0.000273563,0.004588311
-0.008716713,-0.001561135
-0.003378676,0.000663357
0.000609044,-0.003031075
-0.005766075,-0.032671152
0.00135837,0.003213213
0.004512725,0.015716283
0.002194112,-0.00499773
-0.002096194,0.004268352
-0.00184523,0.001283047
-0.006175067,-0.00355504
-0.003512935,0.009333228
0.002341803,-0.004687987
-0.000640209,-0.013112678
0.001488103,0.014406153
-0.007968056,0.005803509
-0.002124558,0.006514196
-0.001892044,-0.000677882
-0.002057733,0.000979209
-0.0016227,0.01895934
-6.53E-06,0.005934267
0.001693767,0.003619218
-0.003298656,-0.000147726
-0.006648145,-0.009576454
-0.009186385,0.002280726
-0.002876239,0.018022201
0.003164184,0.003701533
-0.001180337,-0.002181986
-0.003049293,9.10E-05
-0.007653737,-0.003519828
-0.002741795,-0.002291519
-0.002730891,-0.002868467
-0.003590425,0.003662198
-0.005868033,-0.008656418
-0.000726796,0.000999263
-0.003266367,0.011321695
-0.004124338,-0.019253988
-0.003454508,0.000775101
0.006952379,-0.005015764
-0.003871953,-0.008749291
-0.005187034,0.006040293
-0.005389024,0.002414258
-0.004842833,0.00133044
-0.005549519,-0.001923069
-0.003548668,0.009222812
-0.003337083,0.007099185
-0.003346316,-0.002294545
-0.001797832,-0.005350378
-0.000608494,0.015869284
0.001857113,0.024136359
-0.005970991,-0.004862154
-0.008616914,-0.000154994
0.000818282,-0.001751333
-0.008495796,0.001283986
-0.002388863,-0.007523772
-0.007916675,0.0015873
-0.00019054,-0.001238781
0.000782111,-0.005703753
-0.003359105,0.00064529
-0.004734639,-9.21E-05
0.00017071,0.001513336
-0.002008908,0.003511012
-0.002770347,-0.007216273
-0.002954376,0.00132012
-0.001903169,0.001545188
-0.001618306,0.006041875
-0.004982012,0.000393165
-0.002470128,0.001301318
-0.000579935,-0.005538485
-0.001192944,-0.018646424
-0.003353649,0.000506957
-0.008841804,-0.006856871
-0.001873639,0.007697197
-0.001605408,-0.001009018
-0.003835275,0.000950293
-0.001382445,0.005418304
-0.001776427,-0.002770677
-0.001167322,-0.017780053
-0.002120315,0.005935452
-0.002107102,-0.003446261
-0.004665613,0.003549785
-0.000579131,0.002072334
0.000563286,0.014353759
-0.004001868,0.005596547
-0.001587736,-0.002205056
-0.002134054,0.000930645
-0.004334649,0.000804159
-0.001825129,-0.007417689
-0.005169862,0.013945862
-0.002639502,0.000273579
-0.00333106,-8.47E-05
-0.001478381,0.002099784
-0.001024446,0.011997048
-0.00043009,0.001179454
-0.000292801,-0.005001923
-0.004603398,-0.001272216
-0.001337678,-0.002599324
-0.002413899,-0.001217871
0.000930471,0.00705253
-0.001061127,-0.006330131
-0.003648097,0.008409676
0.000100932,-0.001157261
-0.000104551,0.002561545
-0.001976102,0.004634426
-0.004107022,-0.006219427
0.001741624,0.013623126
-0.005077916,0.007778378
-0.00250704,0.004472837
-0.00197127,-0.001055014
-0.003064005,-0.000601556
-0.004567286,0.001058796
-0.005669236,-0.004872951
-0.002798678,0.007890163
0.002428229,0.009341753
-0.002202204,-0.002223628
-0.003359107,0.000184887
-0.002671977,0.006212478
-0.004651415,0.004606812
-0.009550913,0.00180618
-0.004405583,-0.010068847
0.000578964,0.007135911
-0.0002974,-0.009042692
-0.000969547,-0.012137447
-0.006020519,-0.001580768
-0.006438286,0.00703665
-0.001888457,-0.002136105
-0.004018256,0.005433302
-0.000427833,-0.02502944
-0.00130687,0.000655357
-0.001890582,-0.00460852
-0.002957246,-0.007303657
0.003431918,0.001699981
0.00016478,-0.001569251
-0.001710778,-0.004889512
-0.000939658,0.011074507
0.001537551,0.000678128
-0.002701928,-0.009409654
-0.005585295,0.003983689
-0.005421968,-0.002534779
-0.008290862,-0.003998236
-0.00157833,-0.001980824
-0.00355795,0.002432525
-0.001376463,0.010348101
-0.00031253,0.007267462
-0.002971396,0.002092564
-0.003750675,-0.003509615
-0.00275595,0.005348221
-0.004526626,-0.0030207
-0.002707528,-0.007912432
-0.000305876,-0.005583385
-0.003028389,-0.002093757
-0.00430381,-0.003003899
-0.000505743,0.001721322
-0.009318025,0.001362213
-0.009311043,-0.003769722
-0.000834186,0.007017433
-0.000529282,0.004356585
-0.000969015,0.001840484
-0.005317666,0.002225455
-0.002640115,0.003046991
-0.002629587,-0.00603113
-0.004507326,0.00534014
-0.002171074,-0.001234851
-0.001889669,0.004396794
-0.005169048,0.005101488
-0.00521163,0.004238206
-0.002799668,0.00628061
-0.002231648,0.000338349
-0.002032362,-0.001537045
-0.00478208,0.005163358
0.001389662,-0.008564763
-0.004341884,0.011762161
0.001940982,0.00411638
-0.000248125,0.002423102
-0.001806369,-0.003022884
-0.003880496,0.000632671
-0.005162251,-0.007643464
-0.004119788,0.004040904
0.000331285,0.001602918
0.000210188,-0.005220176
-0.002546249,-0.003633901
0.000411556,0.004821296
-0.002922178,0.002637507
-0.00496157,-0.000537307
-0.004310908,-0.007408236
-0.00356976,-0.001239784
-0.001934009,0.007524101
-0.001015306,0.000711326
-7.94E-05,0.000750461
-0.003182272,0.008348066
-0.001146955,-0.009679279
-0.00200857,0.004118555
-0.002061904,0.003317541
-0.003388128,-0.005038101
-0.003074431,0.001025506
-0.003681787,0.006411687
-0.000976734,-0.000761857
-0.001734828,-0.004296788
-0.00021245,-0.003582705
-0.005053657,-0.009634192
-0.004653122,0.003817127
-0.000925026,0.014721513
-0.000195829,0.003266311
-4.83E-05,0.001708778
-0.003481267,-0.005254246
-0.002004369,0.00596892
-0.001595144,-0.004612555
-0.010492132,0.000650464
-0.005765746,-0.009166999
-0.00098095,-0.00738984
0.000623186,-0.007931019
-0.003595741,-0.008174999
-0.009544315,0.000445735
-0.005859474,0.00033124
-0.004784733,-0.013841947
-0.003504807,0.001607957
-0.006239846,0.002001366
-0.004327956,0.003603925
-0.006196408,0.000783752
-0.004475654,-0.003475918
-0.004078822,-0.002664764
-0.002504371,-0.002547555
-0.007594947,-0.007810413
-0.004451306,-0.007902429
-0.002159119,0.000621515
-0.005096058,-0.009046365
0.000505684,0.002850801
-0.002310866,0.007164506
-0.006349531,0.00217557
-0.00178867,0.007330225
-0.004331171,-0.002741563
-0.00592285,-0.004617754
0.000374629,0.000159171
-0.00032661,-0.00485066
-0.002931758,-0.004473596
-0.003519412,0.000695035
-0.004880463,0.014179064
-0.003995945,0.000716513
-0.003749684,0.002286441
-0.001204928,-0.004680094
-0.005724907,0.000939666
-0.001571046,-0.004480711
-0.005275273,0.003380781
-2.42E-05,0.012238583
-0.001052571,0.003182086
-0.004496079,0.002557345
-0.00209394,-0.005882197
0.000694813,0.00440647
-0.006192107,-0.007341653
-0.000334272,0.000578717
-0.002967072,-0.002979739
-0.004386833,0.006767497
-0.002700926,-0.001387661
-0.003365497,0.00514538
-0.002254695,-0.002778893
-0.003692175,0.003305082
0.003960194,0.008692952
-0.006217967,0.001804399
-0.006545178,-0.005655067
-0.002282412,0.004672382
-0.001582079,0.001368046
-0.002685684,0.001090957
-0.004876939,-0.00410983
-0.0028774,0.007615228
-0.003567435,0.001654252
-0.004206332,0.001714575
-0.001286995,-0.001656085
-0.005095812,-0.002990929
-0.000621751,-0.001716594
-0.001517217,0.006427778
0.000717759,0.001320875
-0.000661795,-0.014362757
-0.003794505,0.003489112
-0.001240851,0.013526328
-0.002243378,0.004289334
-0.003656667,-0.002123451
-0.002742128,0.003889053
-0.001149454,-0.002127871
-0.00284331,0.001227908
3.98E-05,0.000648438
-0.005406243,0.001063813
-0.000872477,0.006064096
-0.003863349,0.005973516
-0.001213888,-0.002305216
-0.000543218,-0.003698762
-0.000177925,-0.003319876
-0.000490156,0.005312433
-0.002310402,0.000736497
-0.001445591,-0.001921419
-0.004405127,-0.004229138
0.002734308,-0.016447267
-0.004619593,0.008941834
-0.001609385,0.004284892
0.000442081,-0.001480675
-0.00250514,0.006747225
-0.001431093,9.01E-05
-0.000654528,0.005546758
-0.002268662,0.00100962
-0.00797701,-0.000766442
0.000279547,-0.004937551
-0.002437945,0.018177115
0.003649054,0.009300483
0.002262534,0.000765383
0.000814441,-0.000475415
-0.005501494,-0.000837632
-0.003607696,0.001875496
-0.002783275,0.003694728
0.001368849,0.001399784
-0.005325111,0.000316646
-0.004337775,-0.005892992
-0.005281238,-7.57E-05
0.000771556,0.003315921
0.001158464,0.000908242
-0.003473423,0.001377662
-0.002691216,-0.003766199
-0.003724299,-0.005295561
-0.003876419,0.002751295
-0.002095029,-0.00178999
-0.001900453,0.002722452
-0.002583321,-0.002434217
-0.001504887,-0.001574555
-0.003999434,-0.003280724
-0.007215676,0.000608485
-0.003303277,0.000505049
-0.002658233,-0.00168427
-0.004945966,0.002781158
-0.002939195,0.007566237
-0.000493254,0.002548272
-0.000569433,0.001564226
-0.005458675,-0.000644723
-0.003505727,0.001305459
-0.00090821,-0.003561213
-0.002139986,-0.001904953
-0.002438003,0.002888139
-0.000915928,-0.003442438
-0.001631789,0.002511848
-0.001073146,0.000606834
-0.002258961,0.002230392
-0.00117288,0.00254963
-0.003343745,0.003136061
-0.001889658,0.002709493
-0.001700501,-0.007778714
-0.003491791,0.000885832
-0.000496845,0.000757314
-0.002862485,-0.00371813
-0.001675948,-0.003424225
-0.001690533,0.004861045
-0.00440345,0.007468878
-0.002421758,0.000552172
-0.002722445,0.003604838
-0.000268902,0.001422206
-0.007323966,0.004407443
-0.003130238,-0.005318197
-0.002461064,-0.007910876
-0.00126648,-0.000962749
-0.005948487,-0.00481936
-0.005278153,0.002801735
-0.003378428,0.005320952
-0.007106354,0.005837383
-0.000509526,-0.023162837
-0.000235478,0.000567424
-0.000521886,-0.009464019
0.000302378,0.003433716
-0.000745757,0.001260583
-0.006505671,-0.006212926
-0.006816113,0.000129318
-0.001126818,-0.002414009
-0.005839538,-0.00179735
-0.002114898,-0.00294357
-0.000724761,-0.006673962
-0.002598725,0.005467271
-0.001256507,0.009740635
-0.002175462,-0.012534449
-0.00474123,0.006750999
-0.002490589,-0.003213963
-0.005528976,-0.008020504
0.000143215,0.00054646
-0.004404895,0.008718517
-0.002820767,-0.002712091
-0.007235864,0.003779793
-0.004492813,-0.000909488
-0.002268081,-0.005047506
0.001441493,0.00779164
-0.004374038,-0.009219288
-0.003518825,0.006268888
-0.0005821,0.003267942
-0.001879423,0.012368875
0.001340559,0.0061869
0.00246781,0.004915019
-4.01E-05,0.001782379
-0.001153548,0.005213775
-0.001041358,0.001295546
-0.003132823,0.002320163
-0.003949831,0.001025241
-0.00022921,0.001050439
-0.004550071,-0.0053952
-0.003126167,0.007623725
0.002743043,0.002348408
-0.003770821,0.008694425
-0.003784414,0.003765834
-0.004889742,0.003863097
-0.002841394,0.012809737
-0.002743669,0.003650456
-0.00851262,-0.003140224
-0.007144085,0.002763692
-0.008106499,-0.009922227
-0.001281069,-0.009981526
0.000613741,-0.002060602
-0.007025246,-0.009772286
0.002772638,0.004371079
-0.009299299,0.007315583
-0.004244559,-0.034079543
-0.009262732,-0.018381005
0.001932587,-0.014368767
-0.011976967,-0.041370752
-0.012910909,0.007727625
0.019229552,0.009727025
0.003316925,0.004448545
0.001196311,0.021461246
-1.55E-05,0.006240127
-0.005566586,0.012253518
-0.01067689,-0.01132662
-0.006003483,-0.009970349
-0.000795152,0.004389919
0.002262359,-0.005888245
-0.000474826,0.000737162
-0.003304049,0.009993102
-0.005686339,-0.005477578
0.000454285,0.005103607
-0.001864381,0.005688674
-0.008839492,0.005887983
-0.003531482,-0.004960127
-0.002320396,-0.005713765
-0.000967577,-8.20E-05
-0.002231034,-0.006471607
0.000598301,0.002861451
-0.001167557,0.003467337
-0.000129473,-0.00294906
-0.002986733,-0.005338904
0.001538931,-0.034515851
0.006668226,-0.006057462
0.000162951,0.01045345
-0.000966511,-0.01410754
0.001853259,0.012173028
-0.007489357,0.002644789
-0.005447848,-0.001806674
0.000319904,-0.008428876
-0.001575126,-0.001761401
0.001860347,0.002290491
-0.002623457,0.01644316
-0.001296595,0.005551402
-0.006320417,-0.008741117
-0.003283614,-0.006660161
-0.001809215,-0.015439642
-0.003551356,-0.014197035
-0.005368675,0.00798939
-0.002238878,0.008368843
-0.009923914,-0.014813841
-0.004934902,-0.001149922
7.52E-05,0.01966195
-0.000289425,-0.003508944
0.002387673,-0.013867492
-0.004959019,0.002338704
-0.004245393,-0.00034072
-0.0022172,0.006366852
-0.006629412,-0.003175124
-0.003841985,0.014647795
-0.001366049,0.007894435
-0.002114913,-0.000743594
-0.002834331,0.004818784
-0.004145805,-0.003518647
-0.005241574,0.003398932
-0.000681073,0.005683199
0.000286678,-0.007089341
-0.004624883,-0.004835671
-0.002214006,0.012294604
-0.00450071,0.006411619
-0.003641126,0.000158676
-0.003569726,-0.014221702
-0.003267459,-0.004525904
-0.003941315,-0.004240828
-0.003915325,-0.001982035
-0.003653593,-0.004674265
0.000329145,-0.025649339
-0.004019046,0.017608665
-0.007192315,-0.006589324
0.000835256,0.005205701
0.000446717,0.007419378
-0.002846057,0.000311427
-0.004135651,-0.001824994
-0.005331111,-0.01371315
0.002332225,-0.004696141
-0.006327527,0.008812009
-0.004145427,-0.009788645
-0.002132661,-0.001851014
-0.000266662,-0.007339228
-0.007189677,-0.038482113
-0.003844823,0.002716558
0.00375658,-0.013785844
-0.006032999,0.00483908
0.004165208,-0.010582625
-0.00487175,-0.005200008
-0.00463872,-0.011075305
-0.009515099,-0.009385649
0.001277187,0.021483454
-0.00677767,-0.025560792
0.004497708,0.00407375
-0.001253519,-0.010010866
-0.014092399,-0.009193567
-0.006665167,0.004871286
0.003513106,0.024408206
0.000990088,0.004437568
-0.005866343,-0.017790457
-0.002638087,0.021331321
-0.001414256,-0.002286183
-0.001416679,-0.006072413
-0.003330224,-0.005669836
-0.0038711,-0.003892302
-0.006235502,-0.00529156
0.002787503,0.020251254
0.003088829,0.010642045
-0.00269973,0.01596537
-0.002226455,-0.000657577
-0.000819802,-0.007404266
-0.005699824,-0.003002181
-0.00087025,-0.001581155
0.001448696,0.002558548
-0.001803297,-0.018197533
0.00397231,-0.020209716
-0.006196169,-0.010013772
-0.008405125,-0.012957431
0.009524008,0.027063223
-0.002432508,-0.012782064
-0.005866916,0.018168038
-4.17E-05,0.000332755
-0.002767173,-0.0033828
-0.006122483,-0.001764021
-0.00456593,-0.0209665
-0.002011696,-0.006657542
-0.00276157,-0.01347952
-0.002003972,0.010992316
-0.00407498,0.013018611
0.00296869,-0.00705526
0.001894861,0.003680672
-0.00376886,0.001763827
-0.003291522,0.01868182
-0.002927686,-0.001050571
-0.002324951,-0.003133075
0.001682384,-0.011458207
-0.0013127,-0.004572596
-0.006203124,-0.00165994
-0.003597938,0.010911572
-0.007625835,-0.016953909
-0.0033325,-0.004725793
-0.002564145,0.003971165
0.002783018,-0.012219565
-0.004051449,-0.001754689
-0.00427214,-0.003266361
-0.001671724,0.011406363
-0.006610129,-0.001840462
-0.008409266,-0.011193664
-0.005067427,0.017998371
-0.002522834,0.011379662
-0.003888188,-0.000589734
-0.00227009,0.02469583
-0.011078732,-0.005858096
-0.007027542,0.009187692
-0.002155589,-0.005372804
-0.006908047,0.010539691
-0.00175468,-0.037867526
-0.000347262,0.001655167
-0.004995738,0.001773503
-0.003652874,-0.053647052
0.00061731,0.009036026
-0.010377711,-0.014999286
0.00595673,-0.008513219
0.00130694,0.00598286
-0.010648103,-0.029792042
-0.005257255,0.025433731
0.004482062,0.0401218
0.008867302,-0.022878452
-0.000214027,0.003258867
0.00541436,0.000192045
0.017336467,-0.001902877
-0.008028058,-0.022078528
-0.006095933,0.010156345
-0.003048593,0.013433249
0.000323886,0.001328465
